YEAR,GEO_ID,TRACT,CITY,COUNTY,STATE,ABBREV_NAME,B25072_001E,B25072_001M,B25072_002E,B25072_002M,B25072_003E,B25072_003M,B25072_004E,B25072_004M,B25072_005E,B25072_005M,B25072_006E,B25072_006M,B25072_007E,B25072_007M,B25072_008E,B25072_008M,B25072_009E,B25072_009M,B25072_010E,B25072_010M,B25072_011E,B25072_011M,B25072_012E,B25072_012M,B25072_013E,B25072_013M,B25072_014E,B25072_014M,B25072_015E,B25072_015M,B25072_016E,B25072_016M,B25072_017E,B25072_017M,B25072_018E,B25072_018M,B25072_019E,B25072_019M,B25072_020E,B25072_020M,B25072_021E,B25072_021M,B25072_022E,B25072_022M,B25072_023E,B25072_023M,B25072_024E,B25072_024M,B25072_025E,B25072_025M,B25072_026E,B25072_026M,B25072_027E,B25072_027M,B25072_028E,B25072_028M,B25072_029E,B25072_029M
2024,06037910213,Census Tract 9102.13,Acton,Los Angeles County,California,Acton,134,101,0,14,0,14,0,14,0,14,0,14,0,14,0,14,6,8,6,8,0,14,0,14,0,14,0,14,0,14,128,101,68,86,0,14,25,42,0,14,35,28,0,14,0,14,0,14,0,14,0,14,0,14,0,14,0,14
2024,06037910804,Census Tract 9108.04,Acton,Los Angeles County,California,Acton,44,40,0,14,0,14,0,14,0,14,0,14,0,14,0,14,0,14,0,14,0,14,0,14,0,14,0,14,0,14,11,17,0,14,0,14,0,14,0,14,11,17,0,14,33,36,18,29,0,14,0,14,0,14,0,14,15,21
2024,06037910814,Census Tract 9108.14,Acton,Los Angeles County,California,Acton,100,65,6,10,0,14,0,14,0,14,0,14,6,10,0,14,23,38,0,14,23,38,0,14,0,14,0,14,0,14,71,51,39,35,0,14,0,14,0,14,22,29,10,17,0,14,0,14,0,14,0,14,0,14,0,14,0,14
2024,06037910815,Census Tract 9108.15,Acton,Los Angeles County,California,Acton,293,132,0,19,0,19,0,19,0,19,0,19,0,19,0,19,0,19,0,19,0,19,0,19,0,19,0,19,0,19,169,107,6,11,10,15,0,19,0,19,66,77,87,80,124,103,34,53,0,19,0,19,0,19,44,69,46,68
2024,06037800324,Census Tract 8003.24,Agoura Hills,Los Angeles County,California,AgouraHills,234,118,0,19,0,19,0,19,0,19,0,19,0,19,0,19,14,23,0,19,14,23,0,19,0,19,0,19,0,19,220,116,56,58,0,19,0,19,0,19,143,91,21,35,0,19,0,19,0,19,0,19,0,19,0,19,0,19
2024,06037800328,Census Tract 8003.28,Agoura Hills,Los Angeles County,California,AgouraHills,76,38,0,14,0,14,0,14,0,14,0,14,0,14,0,14,0,14,0,14,0,14,0,14,0,14,0,14,0,14,72,38,33,24,0,14,0,14,0,14,36,28,3,7,4,7,0,14,0,14,0,14,0,14,0,14,4,7
2024,06037800333,Census Tract 8003.33,Agoura Hills,Los Angeles County,California,AgouraHills,617,138,20,25,8,13,0,14,0,14,0,14,12,20,0,14,67,48,14,25,12,22,0,14,0,14,41,41,0,14,450,134,93,64,16,28,65,72,39,55,198,103,39,47,80,49,10,17,13,22,0,14,0,14,57,40,0,14
2024,06037800334,Census Tract 8003.34,Agoura Hills,Los Angeles County,California,AgouraHills,110,79,0,14,0,14,0,14,0,14,0,14,0,14,0,14,39,48,0,14,0,14,0,14,0,14,39,48,0,14,48,50,18,22,10,28,0,14,8,30,12,19,0,14,23,28,0,14,0,14,0,14,0,14,23,28,0,14
2024,06037800335,Census Tract 8003.35,Agoura Hills,Los Angeles County,California,AgouraHills,344,146,14,24,0,14,0,14,0,14,0,14,14,24,0,14,47,50,15,24,0,14,0,14,0,14,32,43,0,14,201,125,22,27,0,14,63,94,0,14,30,32,86,86,82,67,40,61,0,14,13,22,0,14,10,17,19,23
2024,06037800336,Census Tract 8003.36,Agoura Hills,Los Angeles County,California,AgouraHills,111,57,0,14,0,14,0,14,0,14,0,14,0,14,0,14,34,38,18,27,16,27,0,14,0,14,0,14,0,14,57,39,14,21,17,26,0,14,14,22,12,18,0,14,20,21,9,14,0,14,0,14,0,14,0,14,11,17
2024,06037800338,Census Tract 8003.38,Agoura Hills,Los Angeles County,California,AgouraHills,277,166,0,19,0,19,0,19,0,19,0,19,0,19,0,19,76,61,0,19,0,19,0,19,0,19,76,61,0,19,90,95,73,88,0,19,0,19,0,19,17,28,0,19,111,122,0,19,15,23,91,119,0,19,5,8,0,19
2024,06037910808,Census Tract 9108.08,Agua Dulce,Los Angeles County,California,AguaDulce,25,24,0,14,0,14,0,14,0,14,0,14,0,14,0,14,8,14,0,14,0,14,0,14,0,14,8,14,0,14,17,19,17,19,0,14,0,14,0,14,0,14,0,14,0,14,0,14,0,14,0,14,0,14,0,14,0,14
2024,06037910810,Census Tract 9108.10,Agua Dulce,Los Angeles County,California,AguaDulce,57,55,0,14,0,14,0,14,0,14,0,14,0,14,0,14,17,25,0,14,0,14,0,14,0,14,17,25,0,14,6,8,0,14,0,14,0,14,0,14,6,8,0,14,34,50,0,14,0,14,0,14,0,14,34,50,0,14
2024,06037910814,Census Tract 9108.14,Agua Dulce,Los Angeles County,California,AguaDulce,100,65,6,10,0,14,0,14,0,14,0,14,6,10,0,14,23,38,0,14,23,38,0,14,0,14,0,14,0,14,71,51,39,35,0,14,0,14,0,14,22,29,10,17,0,14,0,14,0,14,0,14,0,14,0,14,0,14
2024,06037480302,Census Tract 4803.02,Alhambra,Los Angeles County,California,Alhambra,932,152,15,22,0,14,0,14,0,14,0,14,15,22,0,14,212,95,22,24,45,48,57,51,27,36,61,52,0,14,459,138,211,115,11,18,84,63,11,15,142,71,0,14,246,92,7,13,23,26,23,21,11,18,158,83,24,20
2024,06037480303,Census Tract 4803.03,Alhambra,Los Angeles County,California,Alhambra,1344,149,98,57,0,14,26,40,0,14,0,14,72,64,0,14,307,121,112,89,9,14,16,27,37,59,88,57,45,45,793,174,106,58,209,121,206,134,37,26,224,97,11,16,146,71,3,5,6,9,0,14,30,36,93,58,14,19
2024,06037480304,Census Tract 4803.04,Alhambra,Los Angeles County,California,Alhambra,1395,178,17,27,0,14,0,14,0,14,0,14,17,27,0,14,247,79,34,28,40,27,74,59,9,15,90,49,0,14,790,174,111,63,161,114,98,57,66,59,341,128,13,20,341,101,7,10,66,43,6,9,95,73,167,74,0,14
2024,06037480400,Census Tract 4804,Alhambra,Los Angeles County,California,Alhambra,1282,241,104,89,11,21,30,49,0,19,50,74,13,23,0,19,400,165,103,71,55,53,78,89,86,99,78,105,0,19,697,236,104,101,102,119,26,34,141,133,324,163,0,19,81,90,0,19,0,19,0,19,18,33,63,82,0,19
2024,06037480802,Census Tract 4808.02,Alhambra,Los Angeles County,California,Alhambra,344,119,10,16,0,14,0,14,0,14,0,14,10,16,0,14,20,22,9,14,0,14,0,14,11,18,0,14,0,14,203,89,45,47,37,41,45,45,0,14,63,53,13,20,111,90,0,14,0,14,0,14,0,14,91,88,20,22
2024,06037480803,Census Tract 4808.03,Alhambra,Los Angeles County,California,Alhambra,366,114,0,14,0,14,0,14,0,14,0,14,0,14,0,14,67,51,0,14,12,19,0,14,8,15,47,41,0,14,206,99,68,73,23,24,76,54,16,23,23,22,0,14,93,58,16,20,0,14,38,51,0,14,39,30,0,14
2024,06037480804,Census Tract 4808.04,Alhambra,Los Angeles County,California,Alhambra,1279,233,16,20,0,14,11,17,0,14,5,9,0,14,0,14,343,151,111,75,91,74,55,61,57,68,29,41,0,14,704,195,207,132,45,44,87,52,45,43,293,110,27,35,216,75,32,28,0,14,14,17,0,14,151,71,19,24
2024,06037480901,Census Tract 4809.01,Alhambra,Los Angeles County,California,Alhambra,1260,178,89,85,0,14,0,14,0,14,0,14,89,85,0,14,305,115,109,78,49,42,12,19,47,56,63,56,25,42,694,166,162,90,75,60,59,64,30,30,272,107,96,83,172,107,12,18,0,14,59,76,0,14,101,82,0,14
2024,06037480902,Census Tract 4809.02,Alhambra,Los Angeles County,California,Alhambra,1163,242,10,15,0,14,0,14,0,14,0,14,10,15,0,14,363,110,68,71,58,57,17,23,63,60,148,80,9,14,588,226,147,85,36,26,42,27,20,32,309,219,34,36,202,95,45,52,0,14,0,14,10,16,95,72,52,73
2024,06037480903,Census Tract 4809.03,Alhambra,Los Angeles County,California,Alhambra,577,209,0,14,0,14,0,14,0,14,0,14,0,14,0,14,172,163,164,163,0,14,0,14,0,14,8,13,0,14,312,116,71,54,26,30,26,30,0,14,161,104,28,43,93,57,0,14,0,14,0,14,0,14,72,52,21,25
2024,06037481001,Census Tract 4810.01,Alhambra,Los Angeles County,California,Alhambra,1183,172,25,25,16,20,0,14,0,14,0,14,9,17,0,14,190,98,17,21,39,50,59,65,0,14,67,61,8,12,661,175,108,98,25,35,88,71,129,112,283,126,28,42,307,90,0,14,8,13,57,36,8,12,199,80,35,37
2024,06037481002,Census Tract 4810.02,Alhambra,Los Angeles County,California,Alhambra,1435,240,0,19,0,19,0,19,0,19,0,19,0,19,0,19,562,173,149,86,85,70,70,92,61,66,178,104,19,30,650,203,92,77,91,108,33,42,188,138,214,133,32,42,223,136,117,103,0,19,14,24,0,19,92,88,0,19
2024,06037481500,Census Tract 4815,Alhambra,Los Angeles County,California,Alhambra,528,194,0,14,0,14,0,14,0,14,0,14,0,14,0,14,44,42,25,26,0,14,0,14,0,14,19,30,0,14,353,178,62,61,30,30,40,35,59,71,139,155,23,26,131,60,21,24,0,14,15,18,11,16,53,41,31,30
2024,06037481603,Census Tract 4816.03,Alhambra,Los Angeles County,California,Alhambra,715,128,19,22,0,14,11,18,8,12,0,14,0,14,0,14,212,83,74,58,25,37,12,20,46,44,39,40,16,26,361,104,81,55,54,43,62,50,10,18,154,75,0,14,123,57,42,34,22,24,16,23,0,14,30,25,13,15
2024,06037481604,Census Tract 4816.04,Alhambra,Los Angeles County,California,Alhambra,890,173,9,15,0,14,0,14,0,14,9,15,0,14,0,14,116,64,39,32,9,14,0,14,23,26,45,49,0,14,629,189,126,96,81,62,93,97,91,60,238,98,0,14,136,77,6,11,0,14,46,49,0,14,84,64,0,14
2024,06037481605,Census Tract 4816.05,Alhambra,Los Angeles County,California,Alhambra,584,119,10,16,0,14,0,14,0,14,0,14,10,16,0,14,92,62,39,40,23,27,23,35,0,14,7,12,0,14,407,116,99,76,157,103,12,21,0,14,134,77,5,9,75,46,22,24,0,14,12,18,0,14,34,36,7,11
2024,06037481606,Census Tract 4816.06,Alhambra,Los Angeles County,California,Alhambra,1285,157,50,52,17,28,18,28,0,19,0,19,15,23,0,19,305,108,131,75,13,16,25,40,0,19,128,80,8,13,760,155,154,102,32,30,134,97,88,70,304,110,48,43,170,80,9,14,0,19,17,20,0,19,126,72,18,20
2024,06037481800,Census Tract 4818,Alhambra,Los Angeles County,California,Alhambra,179,57,0,14,0,14,0,14,0,14,0,14,0,14,0,14,38,32,0,14,14,21,0,14,13,16,7,12,4,8,120,49,39,27,6,9,0,14,7,11,36,36,32,29,21,17,2,4,4,6,8,11,0,14,0,14,7,10
2024,06037481901,Census Tract 4819.01,Alhambra,Los Angeles County,California,Alhambra,668,196,0,19,0,19,0,19,0,19,0,19,0,19,0,19,177,139,45,45,22,25,0,19,17,20,93,127,0,19,440,125,127,73,72,46,13,16,42,26,169,100,17,23,51,32,7,12,0,19,9,14,0,19,27,24,8,12
2024,06037481902,Census Tract 4819.02,Alhambra,Los Angeles County,California,Alhambra,526,102,22,36,0,14,22,36,0,14,0,14,0,14,0,14,180,91,29,33,34,41,0,14,21,26,68,53,28,45,255,102,8,14,32,35,17,20,32,39,83,63,83,66,69,47,16,24,0,14,0,14,0,14,38,38,15,14
2024,06037603702,Census Tract 6037.02,Alondra Park,Los Angeles County,California,AlondraPark,291,104,0,19,0,19,0,19,0,19,0,19,0,19,0,19,0,19,0,19,0,19,0,19,0,19,0,19,0,19,259,99,56,60,69,75,0,19,6,11,120,76,8,15,32,29,11,18,0,19,12,17,0,19,9,14,0,19
2024,06037603706,Census Tract 6037.06,Alondra Park,Los Angeles County,California,AlondraPark,985,88,118,78,0,14,28,45,38,47,0,14,52,52,0,14,268,120,17,28,19,27,64,68,87,68,81,68,0,14,499,107,64,44,70,63,47,39,75,63,243,121,0,14,100,71,0,14,0,14,0,14,0,14,100,71,0,14
2024,06037460101,Census Tract 4601.01,Altadena,Los Angeles County,California,Altadena,151,75,0,19,0,19,0,19,0,19,0,19,0,19,0,19,35,40,17,28,0,19,18,29,0,19,0,19,0,19,75,50,0,19,0,19,13,22,13,22,41,40,8,20,41,47,0,19,0,19,0,19,0,19,41,47,0,19
2024,06037460200,Census Tract 4602,Altadena,Los Angeles County,California,Altadena,439,140,58,65,0,19,0,19,0,19,0,19,58,65,0,19,71,70,0,19,0,19,0,19,0,19,71,70,0,19,219,111,32,41,14,26,43,60,13,25,117,98,0,19,91,65,19,29,0,19,18,29,0,19,54,53,0,19
2024,06037460301,Census Tract 4603.01,Altadena,Los Angeles County,California,Altadena,196,93,0,14,0,14,0,14,0,14,0,14,0,14,0,14,0,14,0,14,0,14,0,14,0,14,0,14,0,14,177,88,33,31,68,71,0,14,0,14,64,50,12,18,19,21,0,14,0,14,0,14,0,14,19,21,0,14
2024,06037460302,Census Tract 4603.02,Altadena,Los Angeles County,California,Altadena,332,180,0,14,0,14,0,14,0,14,0,14,0,14,0,14,45,53,0,14,35,52,0,14,0,14,10,16,0,14,245,170,38,37,0,14,10,16,26,33,69,56,102,157,42,27,18,24,0,14,6,11,7,14,11,17,0,14
2024,06037460401,Census Tract 4604.01,Altadena,Los Angeles County,California,Altadena,138,48,0,14,0,14,0,14,0,14,0,14,0,14,0,14,11,17,0,14,0,14,0,14,11,17,0,14,0,14,113,46,32,26,0,14,9,10,17,24,55,43,0,14,14,16,9,15,0,14,0,14,0,14,5,7,0,14
2024,06037461000,Census Tract 4610,Altadena,Los Angeles County,California,Altadena,441,113,32,46,0,19,0,19,0,19,32,46,0,19,0,19,145,91,9,19,0,19,0,19,10,15,110,88,16,31,264,105,38,47,46,39,55,57,39,33,86,60,0,19,0,19,0,19,0,19,0,19,0,19,0,19,0,19
2024,06037461100,Census Tract 4611,Altadena,Los Angeles County,California,Altadena,592,118,5,8,0,19,0,19,0,19,0,19,0,19,5,8,51,46,16,19,11,17,0,19,0,19,24,42,0,19,296,121,8,13,12,18,27,32,10,17,158,97,81,88,240,85,0,19,7,12,3,7,23,36,190,83,17,22
2024,06037461200,Census Tract 4612,Altadena,Los Angeles County,California,Altadena,232,95,11,17,11,17,0,14,0,14,0,14,0,14,0,14,57,61,0,14,0,14,6,10,0,14,51,60,0,14,102,58,34,43,11,18,9,13,8,12,24,24,16,18,62,49,7,11,0,14,0,14,0,14,45,46,10,17
2024,06037461300,Census Tract 4613,Altadena,Los Angeles County,California,Altadena,900,291,0,19,0,19,0,19,0,19,0,19,0,19,0,19,195,133,54,68,0,19,0,19,0,19,80,95,61,96,542,253,197,178,0,19,96,73,29,45,220,135,0,19,163,117,0,19,8,13,56,77,15,25,71,72,13,21
2024,06037462500,Census Tract 4625,Altadena,Los Angeles County,California,Altadena,726,221,47,65,47,65,0,19,0,19,0,19,0,19,0,19,21,31,16,26,0,19,0,19,5,20,0,19,0,19,496,196,123,91,0,19,102,80,45,56,200,160,26,41,162,110,0,19,22,36,0,19,0,19,140,105,0,19
2024,06037430400,Census Tract 4304,Arcadia,Los Angeles County,California,Arcadia,194,80,0,14,0,14,0,14,0,14,0,14,0,14,0,14,43,34,22,25,10,17,11,18,0,14,0,14,0,14,81,50,29,31,16,24,0,14,0,14,36,30,0,14,70,66,0,14,8,13,28,45,0,14,34,43,0,14
2024,06037430600,Census Tract 4306,Arcadia,Los Angeles County,California,Arcadia,145,80,0,14,0,14,0,14,0,14,0,14,0,14,0,14,0,14,0,14,0,14,0,14,0,14,0,14,0,14,84,54,65,55,8,15,0,14,0,14,0,14,11,18,61,64,10,17,0,14,0,14,0,14,5,8,46,60
2024,06037430701,Census Tract 4307.01,Arcadia,Los Angeles County,California,Arcadia,737,162,0,14,0,14,0,14,0,14,0,14,0,14,0,14,142,89,7,12,11,17,66,62,0,14,58,61,0,14,436,114,67,43,61,43,49,65,57,50,202,111,0,14,159,84,23,25,0,14,0,14,0,14,76,65,60,55
2024,06037430721,Census Tract 4307.21,Arcadia,Los Angeles County,California,Arcadia,661,139,0,14,0,14,0,14,0,14,0,14,0,14,0,14,72,67,11,19,0,14,40,61,21,24,0,14,0,14,366,126,67,45,24,20,0,14,61,68,193,98,21,24,223,99,63,65,11,18,0,14,0,14,135,108,14,23
2024,06037430723,Census Tract 4307.23,Arcadia,Los Angeles County,California,Arcadia,1166,197,6,12,0,14,0,14,0,14,0,14,6,12,0,14,224,105,37,45,30,47,0,14,44,55,80,55,33,44,651,167,169,126,85,59,19,22,95,63,271,123,12,18,285,104,9,16,8,12,0,14,16,26,197,94,55,65
2024,06037430724,Census Tract 4307.24,Arcadia,Los Angeles County,California,Arcadia,1527,231,8,13,0,19,0,19,0,19,0,19,8,13,0,19,247,97,46,46,75,68,13,23,28,23,85,59,0,19,1050,236,423,195,126,87,73,60,41,33,339,133,48,52,222,102,41,51,0,19,29,28,0,19,119,67,33,55
2024,06037430801,Census Tract 4308.01,Arcadia,Los Angeles County,California,Arcadia,1302,342,0,19,0,19,0,19,0,19,0,19,0,19,0,19,242,152,132,147,49,79,16,24,0,19,45,78,0,19,825,319,90,95,20,32,166,116,12,19,523,300,14,22,235,141,94,116,50,31,0,19,0,19,79,86,12,19
2024,06037430802,Census Tract 4308.02,Arcadia,Los Angeles County,California,Arcadia,291,95,0,14,0,14,0,14,0,14,0,14,0,14,0,14,19,31,0,14,0,14,0,14,0,14,19,31,0,14,231,86,84,50,9,16,13,19,8,13,103,63,14,18,41,34,10,18,0,14,0,14,0,14,31,28,0,14
2024,06037430803,Census Tract 4308.03,Arcadia,Los Angeles County,California,Arcadia,595,163,15,17,0,19,0,19,0,19,0,19,0,19,15,17,105,72,9,14,35,45,0,19,10,17,24,40,27,44,317,110,30,30,15,21,40,47,70,62,112,93,50,44,158,119,0,19,0,19,6,10,20,32,103,106,29,40
2024,06037431300,Census Tract 4313,Arcadia,Los Angeles County,California,Arcadia,377,111,0,14,0,14,0,14,0,14,0,14,0,14,0,14,137,76,37,51,0,14,10,12,49,53,41,44,0,14,196,95,54,65,24,28,34,35,9,14,70,41,5,8,44,28,0,14,7,11,5,8,0,14,14,14,18,22
2024,06037431400,Census Tract 4314,Arcadia,Los Angeles County,California,Arcadia,352,147,9,15,0,14,0,14,0,14,0,14,9,15,0,14,32,31,17,26,10,16,0,14,5,8,0,14,0,14,124,65,0,14,40,44,0,14,24,27,60,46,0,14,187,134,0,14,0,14,98,98,0,14,89,92,0,14
2024,06037431502,Census Tract 4315.02,Arcadia,Los Angeles County,California,Arcadia,553,122,0,14,0,14,0,14,0,14,0,14,0,14,0,14,87,67,11,16,0,14,0,14,0,14,76,65,0,14,319,101,34,38,6,12,67,61,0,14,194,102,18,20,147,61,58,49,6,10,16,22,0,14,51,43,16,18
2024,06037431600,Census Tract 4316,Arcadia,Los Angeles County,California,Arcadia,366,139,0,14,0,14,0,14,0,14,0,14,0,14,0,14,0,14,0,14,0,14,0,14,0,14,0,14,0,14,229,127,78,54,0,14,0,14,22,26,129,110,0,14,137,55,0,14,6,10,19,30,0,14,99,52,13,19
2024,06037431701,Census Tract 4317.01,Arcadia,Los Angeles County,California,Arcadia,674,193,15,26,0,19,0,19,0,19,15,26,0,19,0,19,166,113,31,55,0,19,0,19,83,119,52,59,0,19,379,184,115,105,18,42,0,19,0,19,234,119,12,20,114,86,0,19,0,19,0,19,42,66,57,51,15,23
2024,06037431800,Census Tract 4318,Arcadia,Los Angeles County,California,Arcadia,745,160,0,19,0,19,0,19,0,19,0,19,0,19,0,19,222,116,58,80,0,19,0,19,45,70,101,68,18,28,388,117,69,50,33,33,53,40,0,19,216,96,17,26,135,81,15,24,0,19,0,19,20,32,67,63,33,40
2024,06037432502,Census Tract 4325.02,Arcadia,Los Angeles County,California,Arcadia,294,113,0,14,0,14,0,14,0,14,0,14,0,14,0,14,35,33,0,14,14,22,6,10,0,14,15,23,0,14,193,98,50,43,48,54,42,66,18,27,35,28,0,14,66,43,0,14,0,14,14,26,15,24,9,14,28,28
2024,06037554801,Census Tract 5548.01,Artesia,Los Angeles County,California,Artesia,252,75,0,14,0,14,0,14,0,14,0,14,0,14,0,14,61,42,28,29,0,14,16,22,0,14,17,25,0,14,191,72,103,57,2,11,5,10,0,14,68,51,13,20,0,14,0,14,0,14,0,14,0,14,0,14,0,14
2024,06037554802,Census Tract 5548.02,Artesia,Los Angeles County,California,Artesia,829,183,45,47,19,29,0,19,0,19,0,19,4,7,22,36,122,71,36,44,34,31,10,15,0,19,42,43,0,19,493,158,111,76,83,81,60,67,79,69,160,99,0,19,169,82,20,24,0,19,40,63,0,19,84,59,25,26
2024,06037554900,Census Tract 5549,Artesia,Los Angeles County,California,Artesia,1197,240,27,36,0,19,0,19,19,31,8,18,0,19,0,19,73,62,0,19,37,44,0,19,0,19,36,43,0,19,839,224,206,135,111,171,58,72,139,103,325,162,0,19,258,146,28,37,83,77,43,49,20,40,84,123,0,19
2024,06037599000,Census Tract 5990,Avalon,Los Angeles County,California,Avalon,602,230,40,63,0,14,0,14,0,14,40,63,0,14,0,14,71,77,0,14,0,14,0,14,37,59,34,54,0,14,491,232,147,131,41,68,43,71,125,128,93,109,42,68,0,14,0,14,0,14,0,14,0,14,0,14,0,14
2024,06037599100,Census Tract 5991,Avalon,Los Angeles County,California,Avalon,66,54,0,14,0,14,0,14,0,14,0,14,0,14,0,14,54,51,0,14,16,25,0,14,38,58,0,14,0,14,12,21,12,21,0,14,0,14,0,14,0,14,0,14,0,14,0,14,0,14,0,14,0,14,0,14,0,14
2024,06037408301,Census Tract 4083.01,Avocado Heights,Los Angeles County,California,AvocadoHeights,453,142,25,37,0,19,0,19,0,19,0,19,25,37,0,19,58,56,0,19,0,19,12,19,11,18,35,52,0,19,317,130,65,56,71,68,15,20,12,19,154,92,0,19,53,53,0,19,0,19,0,19,0,19,20,24,33,52
2024,06037408302,Census Tract 4083.02,Avocado Heights,Los Angeles County,California,AvocadoHeights,307,127,9,15,0,14,0,14,0,14,0,14,9,15,0,14,76,82,0,14,0,14,0,14,24,39,0,14,52,72,199,117,31,45,28,41,19,26,0,14,101,85,20,33,23,25,0,14,0,14,10,16,0,14,5,10,8,12
2024,06037408303,Census Tract 4083.03,Avocado Heights,Los Angeles County,California,AvocadoHeights,81,47,0,14,0,14,0,14,0,14,0,14,0,14,0,14,0,14,0,14,0,14,0,14,0,14,0,14,0,14,74,45,29,35,0,14,0,14,0,14,45,41,0,14,7,13,0,14,0,14,0,14,0,14,7,13,0,14
2024,06037980035,Census Tract 9800.35,Avocado Heights,Los Angeles County,California,AvocadoHeights,125,50,25,27,0,14,14,21,0,14,0,14,11,16,0,14,7,7,2,2,1,2,0,14,0,14,4,6,0,14,70,39,19,19,7,8,0,14,31,28,13,16,0,14,23,22,19,21,2,3,0,14,1,3,1,2,0,14
2024,06037400602,Census Tract 4006.02,Azusa,Los Angeles County,California,Azusa,774,165,0,14,0,14,0,14,0,14,0,14,0,14,0,14,297,110,57,52,45,49,39,50,55,60,101,81,0,14,424,143,87,62,33,52,54,53,67,78,160,85,23,34,53,39,10,17,10,15,19,32,0,14,8,14,6,10
2024,06037400603,Census Tract 4006.03,Azusa,Los Angeles County,California,Azusa,497,196,8,10,0,14,0,14,0,14,0,14,8,10,0,14,135,84,55,72,31,35,10,17,16,28,6,11,17,26,280,156,7,12,87,79,0,14,29,47,119,111,38,50,74,74,0,14,63,72,7,20,0,14,4,6,0,14
2024,06037400605,Census Tract 4006.05,Azusa,Los Angeles County,California,Azusa,493,128,81,61,16,27,0,19,0,19,25,40,40,44,0,19,104,104,0,19,68,74,0,19,0,19,36,64,0,19,207,95,18,20,0,19,28,44,32,52,108,72,21,23,101,66,31,38,0,19,0,19,0,19,52,53,18,31
2024,06037400801,Census Tract 4008.01,Azusa,Los Angeles County,California,Azusa,542,140,0,19,0,19,0,19,0,19,0,19,0,19,0,19,183,132,0,19,122,124,13,20,3,5,45,46,0,19,315,125,54,59,43,41,0,19,41,57,150,98,27,32,44,49,0,19,0,19,0,19,14,22,6,12,24,43
2024,06037404000,Census Tract 4040,Azusa,Los Angeles County,California,Azusa,517,86,7,10,0,14,0,14,0,14,0,14,7,10,0,14,144,65,22,25,60,53,37,34,17,21,8,12,0,14,334,94,29,27,70,56,63,47,58,50,114,71,0,14,32,28,0,14,1,2,0,14,9,16,22,25,0,14
2024,06037404100,Census Tract 4041,Azusa,Los Angeles County,California,Azusa,424,158,0,19,0,19,0,19,0,19,0,19,0,19,0,19,156,119,0,19,0,19,0,19,29,46,127,108,0,19,256,110,39,52,36,52,0,19,47,36,124,88,10,16,12,19,12,19,0,19,0,19,0,19,0,19,0,19
2024,06037404201,Census Tract 4042.01,Azusa,Los Angeles County,California,Azusa,534,126,4,7,0,14,0,14,0,14,0,14,4,7,0,14,186,87,0,14,19,23,80,72,29,47,58,60,0,14,250,93,11,18,8,14,57,71,76,68,98,60,0,14,94,87,0,14,0,14,0,14,0,14,94,87,0,14
2024,06037404203,Census Tract 4042.03,Azusa,Los Angeles County,California,Azusa,496,97,80,55,0,14,0,14,0,14,11,19,60,49,9,13,63,36,36,33,10,11,5,8,0,14,12,13,0,14,315,101,84,57,20,24,0,14,39,35,159,89,13,13,38,25,12,12,0,14,0,14,4,8,22,21,0,14
2024,06037404301,Census Tract 4043.01,Azusa,Los Angeles County,California,Azusa,1192,202,75,60,26,35,21,33,0,19,0,19,28,36,0,19,237,160,111,140,0,19,7,12,39,37,80,67,0,19,664,149,145,99,140,86,115,86,89,69,172,90,3,5,216,93,9,10,0,19,25,37,22,26,160,81,0,19
2024,06037404302,Census Tract 4043.02,Azusa,Los Angeles County,California,Azusa,225,65,0,14,0,14,0,14,0,14,0,14,0,14,0,14,35,32,6,9,0,14,0,14,0,14,29,31,0,14,182,54,45,51,36,37,4,6,0,14,97,41,0,14,8,12,8,12,0,14,0,14,0,14,0,14,0,14
2024,06037404401,Census Tract 4044.01,Azusa,Los Angeles County,California,Azusa,520,124,52,61,25,41,0,14,0,14,27,43,0,14,0,14,107,81,39,59,8,12,9,15,11,17,40,48,0,14,288,116,46,38,47,52,111,105,4,6,80,56,0,14,73,53,0,14,7,10,0,14,0,14,42,38,24,36
2024,06037404402,Census Tract 4044.02,Azusa,Los Angeles County,California,Azusa,421,125,8,16,8,16,0,14,0,14,0,14,0,14,0,14,92,59,23,27,28,27,19,24,0,14,22,39,0,14,317,123,70,67,15,18,23,33,11,18,162,91,36,41,4,8,0,14,0,14,0,14,0,14,4,8,0,14
2024,06037404501,Census Tract 4045.01,Azusa,Los Angeles County,California,Azusa,358,88,34,29,11,17,0,14,0,14,0,14,23,25,0,14,26,27,0,14,0,14,0,14,0,14,26,27,0,14,251,86,26,29,6,16,40,37,59,67,120,54,0,14,47,34,0,14,0,14,0,14,0,14,35,29,12,17
2024,06037404503,Census Tract 4045.03,Azusa,Los Angeles County,California,Azusa,172,62,0,14,0,14,0,14,0,14,0,14,0,14,0,14,24,30,24,30,0,14,0,14,0,14,0,14,0,14,106,47,16,17,0,14,31,25,13,14,46,34,0,14,42,27,27,22,0,14,0,14,0,14,15,15,0,14
2024,06037404504,Census Tract 4045.04,Azusa,Los Angeles County,California,Azusa,999,216,68,58,0,14,9,13,29,48,0,14,30,37,0,14,255,186,0,14,12,19,159,171,0,14,84,69,0,14,518,118,50,44,136,82,143,100,64,56,125,90,0,14,158,142,12,18,11,17,4,9,9,16,106,137,16,27
2024,06037404701,Census Tract 4047.01,Baldwin Park,Los Angeles County,California,BaldwinPark,534,158,0,19,0,19,0,19,0,19,0,19,0,19,0,19,151,116,40,63,24,29,38,57,49,76,0,19,0,19,338,91,85,64,21,38,13,20,0,19,199,97,20,31,45,53,0,19,0,19,0,19,0,19,45,53,0,19
2024,06037404702,Census Tract 4047.02,Baldwin Park,Los Angeles County,California,BaldwinPark,630,117,0,14,0,14,0,14,0,14,0,14,0,14,0,14,95,67,13,21,15,25,0,14,0,14,41,56,26,40,462,129,146,102,52,44,59,58,38,52,109,83,58,82,73,52,15,24,0,14,0,14,22,34,36,34,0,14
2024,06037404703,Census Tract 4047.03,Baldwin Park,Los Angeles County,California,BaldwinPark,400,69,12,18,0,14,12,18,0,14,0,14,0,14,0,14,77,38,16,17,14,17,8,13,6,10,33,25,0,14,273,69,100,57,8,14,41,36,11,18,106,45,7,11,38,25,14,15,0,14,0,14,0,14,21,22,3,6
2024,06037404804,Census Tract 4048.04,Baldwin Park,Los Angeles County,California,BaldwinPark,502,124,8,12,0,14,0,14,0,14,8,12,0,14,0,14,70,50,7,12,0,14,6,12,29,45,10,22,18,23,404,100,90,55,6,11,64,56,16,26,228,108,0,14,20,24,10,16,3,12,0,14,7,11,0,14,0,14
2024,06037404805,Census Tract 4048.05,Baldwin Park,Los Angeles County,California,BaldwinPark,442,85,16,19,10,18,0,14,0,14,0,14,0,14,6,10,68,53,5,8,0,14,25,41,0,14,25,27,13,21,216,81,87,71,31,28,13,16,40,32,35,28,10,18,142,61,27,33,10,12,24,22,26,30,49,48,6,9
2024,06037404806,Census Tract 4048.06,Baldwin Park,Los Angeles County,California,BaldwinPark,701,145,0,19,0,19,0,19,0,19,0,19,0,19,0,19,106,65,29,34,23,27,0,19,4,7,50,48,0,19,443,132,30,33,79,67,19,24,23,36,262,110,30,32,152,92,17,24,0,19,0,19,42,62,93,69,0,19
2024,06037404901,Census Tract 4049.01,Baldwin Park,Los Angeles County,California,BaldwinPark,583,177,0,14,0,14,0,14,0,14,0,14,0,14,0,14,97,71,19,30,0,14,22,31,0,14,56,58,0,14,461,172,67,64,0,14,48,58,57,51,209,122,80,103,25,28,0,14,0,14,0,14,0,14,25,28,0,14
2024,06037404902,Census Tract 4049.02,Baldwin Park,Los Angeles County,California,BaldwinPark,230,69,0,14,0,14,0,14,0,14,0,14,0,14,0,14,73,48,7,11,7,11,0,14,0,14,24,24,35,35,118,51,23,22,9,15,22,35,6,10,50,41,8,11,39,34,0,14,5,8,0,14,0,14,34,34,0,14
2024,06037404903,Census Tract 4049.03,Baldwin Park,Los Angeles County,California,BaldwinPark,214,53,0,14,0,14,0,14,0,14,0,14,0,14,0,14,23,26,0,14,9,14,0,14,0,14,14,22,0,14,175,51,24,29,16,22,0,14,2,5,64,38,69,48,16,15,0,14,0,14,4,7,0,14,6,12,6,10
2024,06037405001,Census Tract 4050.01,Baldwin Park,Los Angeles County,California,BaldwinPark,349,154,7,11,0,19,0,19,0,19,0,19,7,11,0,19,45,62,39,61,0,19,0,19,0,19,6,11,0,19,264,136,12,21,8,13,36,56,30,37,178,123,0,19,33,35,0,19,0,19,0,19,0,19,22,31,11,17
2024,06037405002,Census Tract 4050.02,Baldwin Park,Los Angeles County,California,BaldwinPark,231,99,30,46,30,46,0,14,0,14,0,14,0,14,0,14,69,71,0,14,2,8,0,14,4,6,63,71,0,14,79,36,12,15,10,18,13,17,14,20,30,30,0,14,53,37,0,14,0,14,0,14,11,15,42,36,0,14
2024,06037405101,Census Tract 4051.01,Baldwin Park,Los Angeles County,California,BaldwinPark,439,129,46,56,0,19,0,19,0,19,19,21,27,44,0,19,74,78,0,19,0,19,0,19,0,19,74,78,0,19,274,120,91,66,63,58,49,65,0,19,60,97,11,18,45,37,0,19,0,19,0,19,0,19,36,35,9,14
2024,06037405102,Census Tract 4051.02,Baldwin Park,Los Angeles County,California,BaldwinPark,798,163,0,19,0,19,0,19,0,19,0,19,0,19,0,19,34,40,14,23,0,19,0,19,0,19,20,32,0,19,501,104,84,72,28,25,120,89,49,67,164,89,56,72,263,128,21,24,10,17,99,80,0,19,133,107,0,19
2024,06037405201,Census Tract 4052.01,Baldwin Park,Los Angeles County,California,BaldwinPark,605,147,47,52,0,19,0,19,0,19,0,19,47,52,0,19,75,64,0,19,0,19,34,48,16,25,25,29,0,19,415,122,81,61,67,70,86,70,0,19,181,88,0,19,68,75,10,15,0,19,0,19,0,19,9,14,49,73
2024,06037405202,Census Tract 4052.02,Baldwin Park,Los Angeles County,California,BaldwinPark,541,121,8,13,0,14,0,14,0,14,0,14,8,13,0,14,41,39,14,21,0,14,10,16,0,14,17,29,0,14,400,112,30,31,128,81,48,58,0,14,180,84,14,22,92,56,0,14,27,30,11,18,0,14,54,54,0,14
2024,06037405203,Census Tract 4052.03,Baldwin Park,Los Angeles County,California,BaldwinPark,228,70,5,8,0,14,0,14,0,14,0,14,5,8,0,14,90,47,0,14,0,14,19,19,17,27,54,44,0,14,125,66,12,13,18,29,24,21,20,29,23,26,28,30,8,13,0,14,0,14,0,14,8,13,0,14,0,14
2024,06037406903,Census Tract 4069.03,Baldwin Park,Los Angeles County,California,BaldwinPark,848,216,25,46,25,46,0,19,0,19,0,19,0,19,0,19,41,60,6,10,35,59,0,19,0,19,0,19,0,19,474,190,35,46,0,19,6,11,174,175,259,159,0,19,308,149,0,19,39,65,36,28,0,19,233,139,0,19
2024,06037407001,Census Tract 4070.01,Baldwin Park,Los Angeles County,California,BaldwinPark,319,100,0,19,0,19,0,19,0,19,0,19,0,19,0,19,93,79,41,48,25,43,27,42,0,19,0,19,0,19,206,97,0,19,15,24,45,69,48,49,69,68,29,47,20,19,0,19,0,19,0,19,0,19,20,19,0,19
2024,06037407002,Census Tract 4070.02,Baldwin Park,Los Angeles County,California,BaldwinPark,69,49,0,14,0,14,0,14,0,14,0,14,0,14,0,14,1,5,0,14,1,5,0,14,0,14,0,14,0,14,63,48,26,33,16,23,0,14,0,14,21,22,0,14,5,7,0,14,0,14,0,14,0,14,0,14,5,7
2024,06037532304,Census Tract 5323.04,Bell,Los Angeles County,California,Bell,520,126,0,14,0,14,0,14,0,14,0,14,0,14,0,14,42,42,0,14,0,14,0,14,15,24,27,36,0,14,191,100,74,71,15,27,49,52,4,17,49,57,0,14,287,88,13,20,0,14,41,42,44,49,189,85,0,14
2024,06037533201,Census Tract 5332.01,Bell,Los Angeles County,California,Bell,485,80,0,14,0,14,0,14,0,14,0,14,0,14,0,14,102,67,3,5,34,37,0,14,29,43,36,39,0,14,322,84,88,54,46,42,43,41,22,35,86,59,37,37,61,42,0,14,17,26,0,14,25,29,19,24,0,14
2024,06037533601,Census Tract 5336.01,Bell,Los Angeles County,California,Bell,1097,176,39,53,0,14,29,49,0,14,0,14,10,19,0,14,244,127,106,92,0,14,44,50,16,26,78,81,0,14,709,187,220,123,47,65,56,44,18,26,368,173,0,14,105,72,13,20,25,35,0,14,0,14,67,60,0,14
2024,06037533602,Census Tract 5336.02,Bell,Los Angeles County,California,Bell,1075,160,0,19,0,19,0,19,0,19,0,19,0,19,0,19,182,127,0,19,46,56,0,19,82,105,54,41,0,19,680,136,215,107,69,66,21,35,62,62,313,126,0,19,213,113,16,27,35,39,0,19,14,24,148,92,0,19
2024,06037533603,Census Tract 5336.03,Bell,Los Angeles County,California,Bell,1400,230,28,32,0,19,0,19,0,19,0,19,28,32,0,19,174,80,0,19,24,40,51,49,7,12,75,56,17,28,906,176,140,103,103,70,0,19,0,19,658,139,5,9,292,156,0,19,7,11,40,44,91,129,103,56,51,72
2024,06037533803,Census Tract 5338.03,Bell,Los Angeles County,California,Bell,1112,161,37,43,12,19,0,19,0,19,0,19,25,39,0,19,193,106,0,19,0,19,16,25,16,25,130,89,31,50,582,149,107,66,32,48,95,64,0,19,336,130,12,17,300,131,0,19,5,14,30,47,39,57,226,101,0,19
2024,06037533804,Census Tract 5338.04,Bell,Los Angeles County,California,Bell,559,120,24,41,0,14,0,14,0,14,0,14,24,41,0,14,91,65,36,44,30,28,0,14,0,14,25,41,0,14,381,130,105,79,31,52,16,28,0,14,229,111,0,14,63,45,9,16,0,14,0,14,0,14,54,43,0,14
2024,06037533805,Census Tract 5338.05,Bell,Los Angeles County,California,Bell,757,131,48,42,0,14,0,14,0,14,0,14,26,30,22,32,77,58,5,10,0,14,0,14,0,14,72,56,0,14,549,136,97,65,27,23,62,54,27,28,336,127,0,14,83,45,37,33,4,8,5,9,0,14,37,32,0,14
2024,06037533806,Census Tract 5338.06,Bell,Los Angeles County,California,Bell,701,134,0,14,0,14,0,14,0,14,0,14,0,14,0,14,88,63,27,30,29,45,6,17,0,14,26,42,0,14,482,119,42,45,95,87,61,64,32,51,196,83,56,36,131,96,0,14,0,14,13,23,0,14,118,89,0,14
2024,06037553100,Census Tract 5531,Bellflower,Los Angeles County,California,Bellflower,916,169,0,19,0,19,0,19,0,19,0,19,0,19,0,19,211,107,64,67,12,21,42,57,31,42,62,54,0,19,705,168,214,152,90,87,70,68,19,28,248,113,64,48,0,19,0,19,0,19,0,19,0,19,0,19,0,19
2024,06037553201,Census Tract 5532.01,Bellflower,Los Angeles County,California,Bellflower,417,155,27,38,0,14,0,14,0,14,0,14,27,38,0,14,34,30,0,14,0,14,0,14,0,14,25,27,9,14,318,156,131,121,0,14,37,58,5,8,145,78,0,14,38,30,6,9,4,6,0,14,0,14,4,8,24,25
2024,06037553202,Census Tract 5532.02,Bellflower,Los Angeles County,California,Bellflower,330,120,42,57,0,14,42,57,0,14,0,14,0,14,0,14,0,14,0,14,0,14,0,14,0,14,0,14,0,14,203,103,13,21,39,54,11,18,7,11,89,67,44,65,85,81,0,14,0,14,0,14,0,14,85,81,0,14
2024,06037553300,Census Tract 5533,Bellflower,Los Angeles County,California,Bellflower,208,88,0,14,0,14,0,14,0,14,0,14,0,14,0,14,22,26,0,14,11,13,0,14,0,14,11,18,0,14,150,81,25,40,41,36,15,26,0,14,54,63,15,19,36,31,24,24,0,14,0,14,0,14,12,18,0,14
2024,06037554001,Census Tract 5540.01,Bellflower,Los Angeles County,California,Bellflower,514,221,0,14,0,14,0,14,0,14,0,14,0,14,0,14,108,64,55,55,0,14,0,14,0,14,53,54,0,14,204,100,0,14,37,39,20,25,99,97,30,45,18,29,202,228,0,14,138,222,11,15,0,14,42,33,11,19
2024,06037554002,Census Tract 5540.02,Bellflower,Los Angeles County,California,Bellflower,1046,177,46,60,21,32,25,39,0,19,0,19,0,19,0,19,162,92,20,24,0,19,33,37,16,28,93,80,0,19,726,175,180,97,0,19,61,69,43,58,442,150,0,19,112,64,30,38,27,43,0,19,22,26,33,29,0,19
2024,06037554101,Census Tract 5541.01,Bellflower,Los Angeles County,California,Bellflower,736,121,73,64,0,14,0,14,9,19,0,14,64,60,0,14,155,86,75,57,45,43,0,14,13,21,22,34,0,14,440,135,69,44,23,27,52,52,49,57,247,112,0,14,68,50,9,15,0,14,9,14,0,14,29,35,21,34
2024,06037554105,Census Tract 5541.05,Bellflower,Los Angeles County,California,Bellflower,1360,217,59,64,7,18,0,14,0,14,0,14,52,60,0,14,492,145,76,79,58,68,55,53,103,85,200,101,0,14,603,204,27,30,71,62,60,54,7,12,427,207,11,17,206,83,43,49,20,23,0,14,0,14,128,72,15,17
2024,06037554106,Census Tract 5541.06,Bellflower,Los Angeles County,California,Bellflower,682,111,12,17,0,14,0,14,0,14,0,14,12,17,0,14,198,86,52,50,25,29,0,14,70,57,51,60,0,14,443,113,66,43,31,29,38,35,7,12,258,95,43,46,29,32,8,13,0,14,0,14,0,14,21,30,0,14
2024,06037554201,Census Tract 5542.01,Bellflower,Los Angeles County,California,Bellflower,369,112,9,14,0,14,0,14,0,14,0,14,9,14,0,14,19,22,9,15,0,14,0,14,0,14,10,16,0,14,324,111,62,57,65,70,6,11,82,67,109,76,0,14,17,16,0,14,0,14,0,14,0,14,12,13,5,9
2024,06037554203,Census Tract 5542.03,Bellflower,Los Angeles County,California,Bellflower,852,217,12,20,12,20,0,14,0,14,0,14,0,14,0,14,174,99,92,77,0,14,33,50,20,24,29,35,0,14,560,205,141,135,35,43,0,14,0,14,354,175,30,30,106,73,0,14,0,14,9,15,35,40,46,32,16,44
2024,06037554204,Census Tract 5542.04,Bellflower,Los Angeles County,California,Bellflower,1502,250,41,50,0,14,3,12,8,12,0,14,30,49,0,14,258,128,84,78,43,64,0,14,20,32,104,81,7,12,712,245,151,75,95,77,78,56,30,33,341,204,17,31,491,125,23,23,68,57,115,94,57,40,180,97,48,62
2024,06037554301,Census Tract 5543.01,Bellflower,Los Angeles County,California,Bellflower,534,156,13,23,9,20,0,14,0,14,0,14,4,11,0,14,158,82,0,14,8,14,10,17,47,64,93,73,0,14,315,139,46,44,27,44,62,68,11,20,136,73,33,48,48,32,0,14,0,14,0,14,0,14,48,32,0,14
2024,06037554302,Census Tract 5543.02,Bellflower,Los Angeles County,California,Bellflower,835,158,16,19,0,14,9,15,0,14,0,14,7,11,0,14,186,108,39,52,88,85,29,42,19,30,11,19,0,14,537,157,106,69,40,44,40,61,33,51,318,145,0,14,96,64,0,14,0,14,34,51,20,22,42,35,0,14
2024,06037554403,Census Tract 5544.03,Bellflower,Los Angeles County,California,Bellflower,1232,218,0,19,0,19,0,19,0,19,0,19,0,19,0,19,167,126,74,111,0,19,0,19,0,19,72,53,21,35,953,217,189,107,90,73,120,86,82,64,455,184,17,19,112,70,0,19,30,40,0,19,8,13,74,57,0,19
2024,06037554404,Census Tract 5544.04,Bellflower,Los Angeles County,California,Bellflower,988,161,15,24,0,14,8,13,5,9,0,14,2,18,0,14,134,75,70,71,6,14,14,22,27,34,17,19,0,14,729,155,136,73,99,68,74,64,97,77,323,128,0,14,110,64,0,14,19,30,0,14,0,14,91,51,0,14
2024,06037554405,Census Tract 5544.05,Bellflower,Los Angeles County,California,Bellflower,1188,179,38,55,0,14,0,14,0,14,38,55,0,14,0,14,87,73,0,14,9,14,0,14,0,14,78,72,0,14,643,145,24,27,151,99,120,101,37,57,311,113,0,14,420,183,70,94,7,13,28,34,22,34,293,151,0,14
2024,06037554406,Census Tract 5544.06,Bellflower,Los Angeles County,California,Bellflower,741,138,8,12,0,14,0,14,0,14,0,14,8,12,0,14,183,116,100,104,8,12,37,44,0,14,38,47,0,14,422,150,56,43,67,58,58,52,34,43,207,126,0,14,128,72,9,15,0,14,45,63,25,39,36,30,13,17
2024,06037533901,Census Tract 5339.01,Bell Gardens,Los Angeles County,California,BellGardens,1170,141,45,50,17,27,0,19,0,19,0,19,28,43,0,19,255,108,30,48,28,30,0,19,37,42,102,54,58,70,739,189,147,96,124,82,0,19,71,57,397,167,0,19,131,81,0,19,25,40,19,30,0,19,73,62,14,19
2024,06037533902,Census Tract 5339.02,Bell Gardens,Los Angeles County,California,BellGardens,706,118,0,14,0,14,0,14,0,14,0,14,0,14,0,14,106,84,0,14,0,14,5,8,47,51,54,69,0,14,530,107,124,65,126,80,0,14,51,47,218,83,11,17,70,45,0,14,0,14,0,14,0,14,70,45,0,14
2024,06037534001,Census Tract 5340.01,Bell Gardens,Los Angeles County,California,BellGardens,1100,155,9,16,0,19,0,19,0,19,9,16,0,19,0,19,90,56,0,19,0,19,22,26,17,20,51,46,0,19,830,182,259,126,105,67,112,93,10,17,309,146,35,40,171,82,52,55,19,28,0,19,0,19,64,56,36,38
2024,06037534002,Census Tract 5340.02,Bell Gardens,Los Angeles County,California,BellGardens,690,128,37,44,0,14,0,14,0,14,0,14,37,44,0,14,110,86,5,9,13,20,17,27,0,14,75,71,0,14,480,135,175,124,43,43,26,30,18,20,183,117,35,55,63,51,0,14,10,15,0,14,0,14,22,22,31,46
2024,06037534101,Census Tract 5341.01,Bell Gardens,Los Angeles County,California,BellGardens,344,84,10,16,10,16,0,14,0,14,0,14,0,14,0,14,79,44,25,26,19,30,0,14,0,14,8,12,27,29,255,89,61,44,71,64,61,40,20,27,42,40,0,14,0,14,0,14,0,14,0,14,0,14,0,14,0,14
2024,06037534102,Census Tract 5341.02,Bell Gardens,Los Angeles County,California,BellGardens,1233,145,85,66,0,19,0,19,25,40,0,19,60,54,0,19,196,129,19,30,43,48,0,19,0,19,134,118,0,19,734,151,194,100,140,98,64,57,59,60,277,108,0,19,218,98,13,20,0,19,29,31,0,19,176,97,0,19
2024,06037534201,Census Tract 5342.01,Bell Gardens,Los Angeles County,California,BellGardens,753,135,62,66,0,14,0,14,0,14,11,16,51,66,0,14,145,100,55,68,0,14,0,14,0,14,90,74,0,14,516,117,57,50,66,52,59,53,89,58,245,110,0,14,30,34,0,14,0,14,16,24,0,14,3,14,11,17
2024,06037534202,Census Tract 5342.02,Bell Gardens,Los Angeles County,California,BellGardens,950,111,22,35,22,35,0,14,0,14,0,14,0,14,0,14,120,83,74,58,0,14,13,20,0,14,33,52,0,14,650,121,143,71,77,73,26,41,104,88,296,104,4,7,158,67,11,20,39,50,7,11,38,33,63,43,0,14
2024,06037534203,Census Tract 5342.03,Bell Gardens,Los Angeles County,California,BellGardens,707,84,7,11,0,14,0,14,0,14,0,14,7,11,0,14,90,65,15,17,18,30,0,14,19,27,38,47,0,14,454,78,116,62,24,30,33,33,45,40,236,82,0,14,156,50,0,14,6,9,73,47,32,26,45,33,0,14
2024,06037700600,Census Tract 7006,Beverly Hills,Los Angeles County,California,BeverlyHills,82,57,0,14,0,14,0,14,0,14,0,14,0,14,0,14,0,14,0,14,0,14,0,14,0,14,0,14,0,14,72,52,41,34,0,14,0,14,0,14,0,14,31,44,10,18,0,14,0,14,0,14,0,14,10,18,0,14
2024,06037700700,Census Tract 7007,Beverly Hills,Los Angeles County,California,BeverlyHills,180,110,0,14,0,14,0,14,0,14,0,14,0,14,0,14,0,14,0,14,0,14,0,14,0,14,0,14,0,14,138,102,13,19,0,14,43,67,0,14,55,69,27,32,42,36,0,14,0,14,0,14,14,24,0,14,28,30
2024,06037700801,Census Tract 7008.01,Beverly Hills,Los Angeles County,California,BeverlyHills,1550,256,22,35,0,14,0,14,0,14,0,14,22,35,0,14,248,130,124,99,38,43,44,50,21,34,0,14,21,32,765,237,88,65,66,62,46,54,54,86,438,194,73,95,515,156,147,121,0,14,0,14,57,55,278,147,33,37
2024,06037700802,Census Tract 7008.02,Beverly Hills,Los Angeles County,California,BeverlyHills,1334,248,6,12,0,14,0,14,0,14,0,14,6,12,0,14,242,118,55,41,0,14,14,22,39,37,134,100,0,14,844,199,284,98,114,116,13,19,0,14,413,168,20,22,242,130,22,21,21,18,67,94,6,12,118,84,8,13
2024,06037700901,Census Tract 7009.01,Beverly Hills,Los Angeles County,California,BeverlyHills,833,195,31,28,9,18,0,14,0,14,0,14,22,24,0,14,66,44,8,12,7,11,12,19,0,14,32,30,7,12,567,176,48,40,33,37,156,85,39,50,291,168,0,14,169,101,8,12,0,14,57,81,49,68,47,45,8,13
2024,06037700902,Census Tract 7009.02,Beverly Hills,Los Angeles County,California,BeverlyHills,2701,370,43,50,0,19,0,19,0,19,0,19,43,50,0,19,573,227,92,77,12,19,68,84,0,19,303,205,98,95,1524,305,552,216,121,82,0,19,301,203,447,187,103,113,561,248,78,66,0,19,70,78,0,19,387,243,26,32
2024,06037701000,Census Tract 7010,Beverly Hills,Los Angeles County,California,BeverlyHills,1842,315,0,19,0,19,0,19,0,19,0,19,0,19,0,19,514,228,58,56,161,161,47,54,0,19,248,165,0,19,1056,266,473,229,81,88,160,129,22,37,299,151,21,34,272,127,21,34,22,28,19,31,14,23,144,87,52,82
2024,06037430200,Census Tract 4302,Bradbury,Los Angeles County,California,Bradbury,188,73,0,14,0,14,0,14,0,14,0,14,0,14,0,14,8,9,2,3,0,14,0,14,0,14,6,8,0,14,5,5,0,14,0,14,0,14,0,14,0,14,5,5,175,73,27,25,5,6,0,14,5,6,129,71,9,8
2024,06037310100,Census Tract 3101,Burbank (Los Angeles County),Los Angeles County,California,Burbank(LosAngelesCounty),156,96,0,19,0,19,0,19,0,19,0,19,0,19,0,19,23,40,0,19,0,19,0,19,0,19,23,40,0,19,65,66,28,55,0,19,0,19,0,19,37,52,0,19,68,68,0,19,0,19,0,19,0,19,39,47,29,50
2024,06037310201,Census Tract 3102.01,Burbank (Los Angeles County),Los Angeles County,California,Burbank(LosAngelesCounty),851,187,41,41,0,19,0,19,29,38,0,19,12,20,0,19,179,93,33,40,10,17,45,42,37,42,54,68,0,19,499,165,69,60,37,38,14,24,138,155,241,133,0,19,132,85,0,19,41,65,35,35,11,18,45,48,0,19
2024,06037310202,Census Tract 3102.02,Burbank (Los Angeles County),Los Angeles County,California,Burbank(LosAngelesCounty),1034,171,0,14,0,14,0,14,0,14,0,14,0,14,0,14,263,125,16,18,10,17,16,20,27,22,194,115,0,14,639,138,97,52,34,26,110,77,51,44,347,125,0,14,132,65,15,16,6,11,19,30,4,6,88,61,0,14
2024,06037310300,Census Tract 3103,Burbank (Los Angeles County),Los Angeles County,California,Burbank(LosAngelesCounty),24,29,0,14,0,14,0,14,0,14,0,14,0,14,0,14,17,25,0,14,0,14,0,14,0,14,17,25,0,14,2,12,0,14,0,14,0,14,0,14,2,12,0,14,5,10,0,14,0,14,0,14,5,10,0,14,0,14
2024,06037310400,Census Tract 3104,Burbank (Los Angeles County),Los Angeles County,California,Burbank(LosAngelesCounty),559,182,0,14,0,14,0,14,0,14,0,14,0,14,0,14,141,87,22,27,50,59,0,14,8,13,61,47,0,14,373,173,72,55,45,46,34,27,114,156,77,54,31,48,45,34,0,14,0,14,0,14,0,14,45,34,0,14
2024,06037310501,Census Tract 3105.01,Burbank (Los Angeles County),Los Angeles County,California,Burbank(LosAngelesCounty),1338,216,51,50,0,14,0,14,0,14,6,9,45,51,0,14,400,243,40,34,65,54,156,219,49,43,62,64,28,45,683,191,121,72,48,39,112,47,66,48,319,176,17,26,204,87,36,30,0,14,47,78,8,12,113,64,0,14
2024,06037310601,Census Tract 3106.01,Burbank (Los Angeles County),Los Angeles County,California,Burbank(LosAngelesCounty),1927,325,16,25,0,19,0,19,0,19,0,19,16,25,0,19,533,198,138,108,58,56,16,27,55,89,266,149,0,19,1164,320,129,101,134,92,69,74,71,52,761,316,0,19,214,165,0,19,17,28,0,19,0,19,112,103,85,129
2024,06037310602,Census Tract 3106.02,Burbank (Los Angeles County),Los Angeles County,California,Burbank(LosAngelesCounty),602,125,12,19,0,14,0,14,0,14,0,14,12,19,0,14,302,130,79,97,26,30,16,26,20,21,144,89,17,26,226,73,36,34,37,30,0,14,26,39,124,68,3,10,62,48,0,14,0,14,0,14,0,14,62,48,0,14
2024,06037310701,Census Tract 3107.01,Burbank (Los Angeles County),Los Angeles County,California,Burbank(LosAngelesCounty),1061,197,20,21,4,7,0,14,0,14,0,14,16,21,0,14,167,69,13,15,27,25,25,25,10,13,92,54,0,14,417,159,80,56,49,40,48,49,17,19,223,161,0,14,457,116,66,43,48,48,132,94,64,56,140,72,7,11
2024,06037310703,Census Tract 3107.03,Burbank (Los Angeles County),Los Angeles County,California,Burbank(LosAngelesCounty),1581,298,28,33,0,19,0,19,0,19,0,19,28,33,0,19,389,173,79,74,0,19,56,49,96,104,158,127,0,19,906,282,200,179,59,54,87,65,165,187,328,163,67,74,258,122,0,19,11,18,0,19,29,35,185,102,33,53
2024,06037310704,Census Tract 3107.04,Burbank (Los Angeles County),Los Angeles County,California,Burbank(LosAngelesCounty),1870,276,36,43,0,14,0,14,0,14,17,27,19,33,0,14,394,151,12,14,14,25,115,150,44,44,142,93,67,83,752,198,130,93,69,55,52,54,53,69,448,152,0,14,688,257,78,77,17,28,38,46,0,14,555,244,0,14
2024,06037310705,Census Tract 3107.05,Burbank (Los Angeles County),Los Angeles County,California,Burbank(LosAngelesCounty),1211,196,75,68,0,14,0,14,0,14,0,14,75,68,0,14,250,124,44,30,66,64,18,31,91,117,31,28,0,14,380,173,41,40,0,14,9,14,98,118,223,122,9,14,506,98,8,13,68,72,71,61,49,47,291,108,19,22
2024,06037310800,Census Tract 3108,Burbank (Los Angeles County),Los Angeles County,California,Burbank(LosAngelesCounty),1239,373,89,91,0,19,0,19,68,87,0,19,21,31,0,19,135,97,12,19,39,35,0,19,0,19,84,100,0,19,710,367,125,97,62,49,46,52,86,125,320,351,71,111,305,146,0,19,0,19,0,19,44,41,261,147,0,19
2024,06037310900,Census Tract 3109,Burbank (Los Angeles County),Los Angeles County,California,Burbank(LosAngelesCounty),531,227,3,47,0,19,0,19,0,19,0,19,3,47,0,19,94,81,31,50,0,19,7,11,0,19,56,63,0,19,434,213,84,80,20,34,41,53,14,24,235,182,40,52,0,19,0,19,0,19,0,19,0,19,0,19,0,19
2024,06037311000,Census Tract 3110,Burbank (Los Angeles County),Los Angeles County,California,Burbank(LosAngelesCounty),786,157,14,22,0,14,0,14,0,14,14,22,0,14,0,14,71,44,13,23,20,28,13,21,0,14,25,21,0,14,648,169,144,84,127,93,55,57,24,27,268,132,30,48,53,40,9,14,0,14,0,14,0,14,31,29,13,21
2024,06037311100,Census Tract 3111,Burbank (Los Angeles County),Los Angeles County,California,Burbank(LosAngelesCounty),628,232,0,14,0,14,0,14,0,14,0,14,0,14,0,14,166,179,143,175,0,14,0,14,12,19,11,18,0,14,374,174,58,56,127,144,33,28,67,58,53,34,36,51,88,55,0,14,0,14,0,14,6,10,19,23,63,55
2024,06037311200,Census Tract 3112,Burbank (Los Angeles County),Los Angeles County,California,Burbank(LosAngelesCounty),710,200,0,14,0,14,0,14,0,14,0,14,0,14,0,14,170,93,54,49,0,14,18,20,0,14,90,81,8,14,461,194,132,77,65,50,12,20,102,160,134,77,16,19,79,56,4,10,8,13,0,14,0,14,62,53,5,9
2024,06037311300,Census Tract 3113,Burbank (Los Angeles County),Los Angeles County,California,Burbank(LosAngelesCounty),678,220,8,13,0,14,0,14,0,14,0,14,8,13,0,14,309,205,126,185,58,60,9,14,15,17,101,73,0,14,339,115,71,36,0,14,75,46,89,86,95,70,9,15,22,25,0,14,0,14,0,14,0,14,22,25,0,14
2024,06037311400,Census Tract 3114,Burbank (Los Angeles County),Los Angeles County,California,Burbank(LosAngelesCounty),455,140,11,17,0,14,0,14,0,14,0,14,11,17,0,14,83,57,54,48,0,14,0,14,0,14,29,28,0,14,325,126,98,79,66,45,9,14,32,29,110,93,10,15,36,28,0,14,7,12,17,21,0,14,12,18,0,14
2024,06037311500,Census Tract 3115,Burbank (Los Angeles County),Los Angeles County,California,Burbank(LosAngelesCounty),1323,185,88,104,0,19,0,19,0,19,0,19,88,104,0,19,487,193,146,112,122,95,66,73,52,76,101,62,0,19,607,174,263,168,26,29,31,34,83,54,185,125,19,31,141,93,0,19,0,19,0,19,0,19,141,93,0,19
2024,06037311601,Census Tract 3116.01,Burbank (Los Angeles County),Los Angeles County,California,Burbank(LosAngelesCounty),558,173,18,28,0,14,0,14,0,14,0,14,18,28,0,14,153,82,27,31,11,19,31,37,22,33,62,52,0,14,359,152,56,46,19,28,158,119,12,22,101,60,13,18,28,25,0,14,0,14,0,14,0,14,28,25,0,14
2024,06037311602,Census Tract 3116.02,Burbank (Los Angeles County),Los Angeles County,California,Burbank(LosAngelesCounty),1856,265,222,162,0,14,0,14,0,14,0,14,90,102,132,130,721,228,44,51,83,72,190,147,94,115,310,127,0,14,755,198,91,69,127,81,127,82,121,124,289,162,0,14,158,105,28,42,0,14,0,14,0,14,130,99,0,14
2024,06037311700,Census Tract 3117,Burbank (Los Angeles County),Los Angeles County,California,Burbank(LosAngelesCounty),1162,196,65,67,0,19,0,19,23,40,0,19,42,49,0,19,308,138,28,46,70,64,36,41,0,19,174,130,0,19,661,167,97,71,139,114,77,66,53,55,206,113,89,109,128,93,0,19,0,19,58,65,0,19,70,64,0,19
2024,06037311801,Census Tract 3118.01,Burbank (Los Angeles County),Los Angeles County,California,Burbank(LosAngelesCounty),1049,211,2,12,0,14,0,14,0,14,0,14,2,12,0,14,306,104,57,47,34,32,38,59,57,81,120,70,0,14,643,194,141,81,43,38,47,39,30,32,382,188,0,14,98,86,29,45,0,14,16,24,0,14,14,23,39,65
2024,06037311802,Census Tract 3118.02,Burbank (Los Angeles County),Los Angeles County,California,Burbank(LosAngelesCounty),1208,189,53,59,11,18,33,52,0,14,0,14,9,15,0,14,462,175,145,158,13,15,6,11,39,35,215,104,44,46,637,149,177,95,134,93,77,79,47,65,194,84,8,16,56,48,26,34,5,11,4,8,0,14,21,22,0,14
2024,06037980001,Census Tract 9800.01,Burbank (Los Angeles County),Los Angeles County,California,Burbank(LosAngelesCounty),0,14,0,14,0,14,0,14,0,14,0,14,0,14,0,14,0,14,0,14,0,14,0,14,0,14,0,14,0,14,0,14,0,14,0,14,0,14,0,14,0,14,0,14,0,14,0,14,0,14,0,14,0,14,0,14,0,14
2024,06037800101,Census Tract 8001.01,Calabasas,Los Angeles County,California,Calabasas,134,80,0,19,0,19,0,19,0,19,0,19,0,19,0,19,13,19,0,19,0,19,13,19,0,19,0,19,0,19,96,69,0,19,20,23,0,19,0,19,68,64,8,13,25,31,0,19,0,19,0,19,0,19,0,19,25,31
2024,06037800103,Census Tract 8001.03,Calabasas,Los Angeles County,California,Calabasas,81,86,0,14,0,14,0,14,0,14,0,14,0,14,0,14,51,77,0,14,0,14,0,14,0,14,51,77,0,14,12,17,12,17,0,14,0,14,0,14,0,14,0,14,18,28,0,14,0,14,0,14,0,14,18,28,0,14
2024,06037800104,Census Tract 8001.04,Calabasas,Los Angeles County,California,Calabasas,384,154,0,14,0,14,0,14,0,14,0,14,0,14,0,14,14,25,14,25,0,14,0,14,0,14,0,14,0,14,313,148,19,29,66,86,0,14,0,14,228,143,0,14,57,56,0,14,0,14,0,14,0,14,10,15,47,55
2024,06037800202,Census Tract 8002.02,Calabasas,Los Angeles County,California,Calabasas,167,116,0,19,0,19,0,19,0,19,0,19,0,19,0,19,0,19,0,19,0,19,0,19,0,19,0,19,0,19,155,115,32,38,18,30,17,27,0,19,88,98,0,19,12,19,0,19,0,19,0,19,0,19,12,19,0,19
2024,06037800204,Census Tract 8002.04,Calabasas,Los Angeles County,California,Calabasas,382,157,0,14,0,14,0,14,0,14,0,14,0,14,0,14,29,35,0,14,0,14,0,14,0,14,29,35,0,14,235,106,34,45,0,14,8,15,0,14,193,121,0,14,118,114,0,14,10,16,0,14,7,17,101,111,0,14
2024,06037800205,Census Tract 8002.05,Calabasas,Los Angeles County,California,Calabasas,974,172,273,176,0,14,0,14,0,14,46,74,129,100,98,136,259,110,84,73,30,36,50,56,0,14,95,82,0,14,330,113,47,42,35,40,34,38,40,32,144,84,30,35,112,80,12,20,7,11,0,14,0,14,93,79,0,14
2024,06037800328,Census Tract 8003.28,Calabasas,Los Angeles County,California,Calabasas,76,38,0,14,0,14,0,14,0,14,0,14,0,14,0,14,0,14,0,14,0,14,0,14,0,14,0,14,0,14,72,38,33,24,0,14,0,14,0,14,36,28,3,7,4,7,0,14,0,14,0,14,0,14,0,14,4,7
2024,06037800337,Census Tract 8003.37,Calabasas,Los Angeles County,California,Calabasas,1059,248,215,217,0,14,7,12,0,14,0,14,208,217,0,14,203,93,62,64,34,45,0,14,0,14,80,58,27,43,503,188,9,13,50,57,21,32,64,57,337,185,22,26,138,53,0,14,23,28,0,14,24,37,91,59,0,14
2024,06037541003,Census Tract 5410.03,Carson,Los Angeles County,California,Carson,337,124,14,37,0,14,0,14,0,14,0,14,14,37,0,14,21,36,21,36,0,14,0,14,0,14,0,14,0,14,230,104,20,26,0,14,31,49,17,19,150,101,12,19,72,73,63,71,0,14,0,14,9,14,0,14,0,14
2024,06037543100,Census Tract 5431,Carson,Los Angeles County,California,Carson,284,175,0,19,0,19,0,19,0,19,0,19,0,19,0,19,95,121,0,19,78,117,0,19,0,19,17,30,0,19,138,90,0,19,0,19,0,19,0,19,128,90,10,15,51,38,0,19,0,19,10,15,0,19,17,30,24,32
2024,06037543304,Census Tract 5433.04,Carson,Los Angeles County,California,Carson,243,99,0,19,0,19,0,19,0,19,0,19,0,19,0,19,0,19,0,19,0,19,0,19,0,19,0,19,0,19,125,84,93,79,0,19,0,19,0,19,32,40,0,19,118,69,18,30,26,27,0,19,0,19,40,43,34,35
2024,06037543306,Census Tract 5433.06,Carson,Los Angeles County,California,Carson,294,127,11,17,0,19,0,19,0,19,0,19,11,17,0,19,22,42,11,17,0,19,0,19,0,19,11,37,0,19,181,110,47,46,0,19,0,19,35,56,63,68,36,34,80,50,46,37,17,26,0,19,0,19,17,27,0,19
2024,06037543321,Census Tract 5433.21,Carson,Los Angeles County,California,Carson,338,206,0,19,0,19,0,19,0,19,0,19,0,19,0,19,0,19,0,19,0,19,0,19,0,19,0,19,0,19,215,173,111,153,0,19,0,19,0,19,81,74,23,27,123,125,0,19,0,19,29,46,0,19,94,115,0,19
2024,06037543322,Census Tract 5433.22,Carson,Los Angeles County,California,Carson,208,139,0,19,0,19,0,19,0,19,0,19,0,19,0,19,0,19,0,19,0,19,0,19,0,19,0,19,0,19,174,137,120,122,0,19,38,47,0,19,16,29,0,19,34,48,19,29,0,19,15,26,0,19,0,19,0,19
2024,06037543400,Census Tract 5434,Carson,Los Angeles County,California,Carson,90,52,0,14,0,14,0,14,0,14,0,14,0,14,0,14,41,39,21,23,0,14,0,14,0,14,20,34,0,14,45,35,0,14,2,5,5,9,6,9,28,36,4,6,4,7,0,14,0,14,0,14,0,14,4,7,0,14
2024,06037543501,Census Tract 5435.01,Carson,Los Angeles County,California,Carson,931,214,16,26,0,19,0,19,0,19,0,19,16,26,0,19,47,52,0,19,0,19,0,19,0,19,47,52,0,19,610,181,136,81,134,83,56,80,19,33,238,147,27,35,258,137,17,28,29,33,0,19,0,19,196,133,16,26
2024,06037543601,Census Tract 5436.01,Carson,Los Angeles County,California,Carson,354,123,8,16,8,16,0,14,0,14,0,14,0,14,0,14,18,21,6,9,12,20,0,14,0,14,0,14,0,14,294,110,62,72,0,14,101,73,110,76,16,25,5,8,34,51,0,14,0,14,0,14,0,14,34,51,0,14
2024,06037543607,Census Tract 5436.07,Carson,Los Angeles County,California,Carson,129,94,0,14,0,14,0,14,0,14,0,14,0,14,0,14,0,14,0,14,0,14,0,14,0,14,0,14,0,14,121,92,0,14,0,14,0,14,10,15,111,92,0,14,8,14,8,14,0,14,0,14,0,14,0,14,0,14
2024,06037543701,Census Tract 5437.01,Carson,Los Angeles County,California,Carson,97,48,0,14,0,14,0,14,0,14,0,14,0,14,0,14,29,29,5,10,0,14,0,14,4,8,20,25,0,14,47,38,0,14,16,23,6,9,18,29,7,10,0,14,21,22,12,20,0,14,0,14,0,14,0,14,9,10
2024,06037543703,Census Tract 5437.03,Carson,Los Angeles County,California,Carson,334,148,4,7,0,14,0,14,4,7,0,14,0,14,0,14,10,14,0,14,10,14,0,14,0,14,0,14,0,14,226,142,14,21,49,45,23,24,11,21,121,126,8,13,94,45,18,16,42,43,0,14,8,13,26,24,0,14
2024,06037543704,Census Tract 5437.04,Carson,Los Angeles County,California,Carson,330,84,0,14,0,14,0,14,0,14,0,14,0,14,0,14,55,49,0,14,0,14,0,14,0,14,55,49,0,14,223,81,48,31,87,63,12,13,0,14,76,38,0,14,52,37,0,14,4,10,0,14,0,14,48,37,0,14
2024,06037543705,Census Tract 5437.05,Carson,Los Angeles County,California,Carson,373,88,34,44,0,14,0,14,0,14,0,14,25,41,9,15,64,61,41,52,0,14,0,14,0,14,0,14,23,34,235,76,57,47,53,50,23,21,32,46,62,54,8,14,40,45,0,14,0,14,10,15,0,14,30,44,0,14
2024,06037543801,Census Tract 5438.01,Carson,Los Angeles County,California,Carson,389,160,0,14,0,14,0,14,0,14,0,14,0,14,0,14,47,53,47,53,0,14,0,14,0,14,0,14,0,14,313,152,139,114,37,55,0,14,22,35,102,84,13,22,29,29,0,14,12,19,0,14,0,14,17,22,0,14
2024,06037543803,Census Tract 5438.03,Carson,Los Angeles County,California,Carson,636,189,14,25,0,14,0,14,14,25,0,14,0,14,0,14,78,80,0,14,0,14,0,14,0,14,78,80,0,14,392,142,53,76,39,63,46,68,65,63,189,114,0,14,152,94,0,14,0,14,21,39,9,15,122,74,0,14
2024,06037543804,Census Tract 5438.04,Carson,Los Angeles County,California,Carson,368,113,45,58,3,5,0,14,0,14,0,14,42,59,0,14,95,58,31,35,0,14,18,28,0,14,46,39,0,14,199,118,92,94,22,34,32,41,17,28,34,33,2,9,29,26,4,9,0,14,0,14,0,14,25,24,0,14
2024,06037543903,Census Tract 5439.03,Carson,Los Angeles County,California,Carson,298,100,0,14,0,14,0,14,0,14,0,14,0,14,0,14,58,68,0,14,0,14,46,65,12,18,0,14,0,14,124,68,50,40,32,51,0,14,0,14,42,42,0,14,116,72,48,55,0,14,0,14,0,14,68,55,0,14
2024,06037543905,Census Tract 5439.05,Carson,Los Angeles County,California,Carson,663,200,16,26,0,14,0,14,0,14,16,26,0,14,0,14,157,115,90,79,19,31,0,14,0,14,48,58,0,14,449,186,54,62,22,25,6,12,69,71,205,124,93,123,41,43,27,42,0,14,0,14,0,14,14,22,0,14
2024,06037544001,Census Tract 5440.01,Carson,Los Angeles County,California,Carson,238,87,48,47,11,17,25,40,0,14,0,14,12,20,0,14,7,14,0,14,0,14,0,14,0,14,7,14,0,14,170,70,50,52,26,23,37,40,10,18,47,41,0,14,13,20,0,14,0,14,0,14,0,14,13,20,0,14
2024,06037544002,Census Tract 5440.02,Carson,Los Angeles County,California,Carson,215,82,0,14,0,14,0,14,0,14,0,14,0,14,0,14,47,38,0,14,23,31,21,28,3,5,0,14,0,14,138,81,29,29,9,13,5,7,0,14,95,76,0,14,30,29,25,30,0,14,0,14,0,14,5,8,0,14
2024,06037980002,Census Tract 9800.02,Carson,Los Angeles County,California,Carson,0,14,0,14,0,14,0,14,0,14,0,14,0,14,0,14,0,14,0,14,0,14,0,14,0,14,0,14,0,14,0,14,0,14,0,14,0,14,0,14,0,14,0,14,0,14,0,14,0,14,0,14,0,14,0,14,0,14
2024,06037980025,Census Tract 9800.25,Carson,Los Angeles County,California,Carson,254,78,19,31,0,14,0,14,0,14,0,14,19,31,0,14,79,45,17,26,0,14,6,9,0,14,56,40,0,14,88,55,0,14,9,13,13,14,0,14,66,51,0,14,68,37,0,14,8,10,18,28,0,14,42,28,0,14
2024,06037980037,Census Tract 9800.37,Carson,Los Angeles County,California,Carson,0,14,0,14,0,14,0,14,0,14,0,14,0,14,0,14,0,14,0,14,0,14,0,14,0,14,0,14,0,14,0,14,0,14,0,14,0,14,0,14,0,14,0,14,0,14,0,14,0,14,0,14,0,14,0,14,0,14
2024,06037920102,Census Tract 9201.02,Castaic,Los Angeles County,California,Castaic,777,157,43,69,0,14,0,14,0,14,0,14,43,69,0,14,110,82,0,14,32,50,0,14,12,18,66,64,0,14,326,132,31,29,24,27,0,14,0,14,265,129,6,10,298,117,0,14,12,18,2,3,13,20,243,107,28,45
2024,06037920104,Census Tract 9201.04,Castaic,Los Angeles County,California,Castaic,68,52,0,14,0,14,0,14,0,14,0,14,0,14,0,14,0,14,0,14,0,14,0,14,0,14,0,14,0,14,68,52,23,31,0,14,18,27,0,14,19,31,8,12,0,14,0,14,0,14,0,14,0,14,0,14,0,14
2024,06037920116,Census Tract 9201.16,Castaic,Los Angeles County,California,Castaic,104,64,15,24,0,14,0,14,0,14,0,14,15,24,0,14,0,14,0,14,0,14,0,14,0,14,0,14,0,14,79,57,10,16,23,27,0,14,9,14,37,48,0,14,10,16,10,16,0,14,0,14,0,14,0,14,0,14
2024,06037920118,Census Tract 9201.18,Castaic,Los Angeles County,California,Castaic,155,71,0,19,0,19,0,19,0,19,0,19,0,19,0,19,13,20,0,19,0,19,0,19,0,19,13,20,0,19,119,69,12,19,36,36,29,39,8,12,25,40,9,14,23,21,0,19,9,15,0,19,0,19,0,19,14,19
2024,06037920119,Census Tract 9201.19,Castaic,Los Angeles County,California,Castaic,15,14,0,14,0,14,0,14,0,14,0,14,0,14,0,14,0,14,0,14,0,14,0,14,0,14,0,14,0,14,11,13,5,8,0,14,6,9,0,14,0,14,0,14,4,6,0,14,0,14,0,14,0,14,4,6,0,14
2024,06037554511,Census Tract 5545.11,Cerritos,Los Angeles County,California,Cerritos,338,167,0,14,0,14,0,14,0,14,0,14,0,14,0,14,16,21,5,10,11,18,0,14,0,14,0,14,0,14,258,135,126,126,23,30,26,27,11,17,50,41,22,24,64,55,0,14,6,11,0,14,0,14,30,27,28,40
2024,06037554512,Census Tract 5545.12,Cerritos,Los Angeles County,California,Cerritos,737,241,0,19,0,19,0,19,0,19,0,19,0,19,0,19,139,105,100,89,0,19,0,19,0,19,39,61,0,19,483,225,139,127,153,178,35,56,69,67,37,45,50,58,115,77,63,59,0,19,0,19,0,19,41,48,11,18
2024,06037554513,Census Tract 5545.13,Cerritos,Los Angeles County,California,Cerritos,176,63,10,14,10,14,0,14,0,14,0,14,0,14,0,14,17,14,5,8,12,12,0,14,0,14,0,14,0,14,99,52,6,10,35,29,10,14,29,29,19,18,0,14,50,28,0,14,0,14,0,14,14,18,30,23,6,9
2024,06037554514,Census Tract 5545.14,Cerritos,Los Angeles County,California,Cerritos,523,229,0,14,0,14,0,14,0,14,0,14,0,14,0,14,60,34,37,44,23,25,0,14,0,14,0,14,0,14,294,113,133,84,86,74,16,21,13,15,35,50,11,20,169,197,136,200,11,23,0,14,0,14,22,22,0,14
2024,06037554515,Census Tract 5545.15,Cerritos,Los Angeles County,California,Cerritos,121,66,19,31,19,31,0,14,0,14,0,14,0,14,0,14,59,39,9,15,0,14,0,14,0,14,26,26,24,30,33,29,6,9,0,14,15,20,7,12,5,10,0,14,10,16,0,14,0,14,0,14,0,14,10,16,0,14
2024,06037554516,Census Tract 5545.16,Cerritos,Los Angeles County,California,Cerritos,226,78,0,14,0,14,0,14,0,14,0,14,0,14,0,14,0,14,0,14,0,14,0,14,0,14,0,14,0,14,226,78,48,48,58,51,0,14,0,14,89,54,31,26,0,14,0,14,0,14,0,14,0,14,0,14,0,14
2024,06037554517,Census Tract 5545.17,Cerritos,Los Angeles County,California,Cerritos,537,128,0,14,0,14,0,14,0,14,0,14,0,14,0,14,160,100,54,50,13,18,10,14,12,19,71,83,0,14,377,106,104,69,48,36,74,74,26,28,115,61,10,14,0,14,0,14,0,14,0,14,0,14,0,14,0,14
2024,06037554518,Census Tract 5545.18,Cerritos,Los Angeles County,California,Cerritos,309,146,0,14,0,14,0,14,0,14,0,14,0,14,0,14,58,63,0,14,0,14,0,14,0,14,58,63,0,14,201,112,36,36,20,22,33,52,0,14,105,86,7,11,50,62,36,58,0,14,0,14,0,14,0,14,14,21
2024,06037554519,Census Tract 5545.19,Cerritos,Los Angeles County,California,Cerritos,126,70,0,14,0,14,0,14,0,14,0,14,0,14,0,14,12,21,0,14,0,14,0,14,0,14,0,14,12,21,59,39,25,29,0,14,10,16,0,14,18,21,6,11,55,50,0,14,0,14,0,14,0,14,0,14,55,50
2024,06037554521,Census Tract 5545.21,Cerritos,Los Angeles County,California,Cerritos,527,125,7,10,0,19,0,19,0,19,0,19,0,19,7,10,98,66,0,19,54,46,0,19,36,52,8,12,0,19,302,100,90,51,11,18,33,49,14,22,154,89,0,19,120,69,35,53,9,13,9,15,8,12,59,42,0,19
2024,06037554522,Census Tract 5545.22,Cerritos,Los Angeles County,California,Cerritos,252,121,0,14,0,14,0,14,0,14,0,14,0,14,0,14,12,18,0,14,0,14,0,14,0,14,0,14,12,18,192,105,75,65,61,68,44,49,0,14,12,19,0,14,48,58,37,54,0,14,0,14,0,14,0,14,11,18
2024,06037403702,Census Tract 4037.02,Charter Oak,Los Angeles County,California,CharterOak,224,79,0,14,0,14,0,14,0,14,0,14,0,14,0,14,26,27,0,14,11,16,15,23,0,14,0,14,0,14,65,46,0,14,0,14,32,29,0,14,18,24,15,23,133,67,0,14,0,14,0,14,6,10,46,58,81,44
2024,06037403703,Census Tract 4037.03,Charter Oak,Los Angeles County,California,CharterOak,250,102,48,67,0,14,0,14,0,14,0,14,48,67,0,14,45,39,12,19,13,22,20,26,0,14,0,14,0,14,57,50,10,16,0,14,20,25,0,14,27,41,0,14,100,64,0,14,0,14,31,48,9,14,60,47,0,14
2024,06037403721,Census Tract 4037.21,Charter Oak,Los Angeles County,California,CharterOak,628,248,19,29,0,19,0,19,0,19,0,19,19,29,0,19,49,43,10,16,8,14,0,19,24,37,7,11,0,19,331,98,36,29,63,63,27,26,73,61,132,77,0,19,229,202,0,19,0,19,0,19,121,190,108,68,0,19
2024,06037403801,Census Tract 4038.01,Charter Oak,Los Angeles County,California,CharterOak,1134,305,14,24,0,19,0,19,0,19,0,19,0,19,14,24,430,255,17,26,37,61,253,171,0,19,123,171,0,19,623,228,134,138,87,59,44,59,20,31,238,138,100,90,67,80,0,19,0,19,43,69,0,19,24,41,0,19
2024,06037403802,Census Tract 4038.02,Charter Oak,Los Angeles County,California,CharterOak,801,186,0,19,0,19,0,19,0,19,0,19,0,19,0,19,133,111,19,29,0,19,6,12,8,13,100,109,0,19,387,176,172,146,14,26,74,95,19,31,96,64,12,18,281,128,0,19,21,35,10,18,92,100,147,137,11,18
2024,06037400801,Census Tract 4008.01,Citrus,Los Angeles County,California,Citrus,542,140,0,19,0,19,0,19,0,19,0,19,0,19,0,19,183,132,0,19,122,124,13,20,3,5,45,46,0,19,315,125,54,59,43,41,0,19,41,57,150,98,27,32,44,49,0,19,0,19,0,19,14,22,6,12,24,43
2024,06037403801,Census Tract 4038.01,Citrus,Los Angeles County,California,Citrus,1134,305,14,24,0,19,0,19,0,19,0,19,0,19,14,24,430,255,17,26,37,61,253,171,0,19,123,171,0,19,623,228,134,138,87,59,44,59,20,31,238,138,100,90,67,80,0,19,0,19,43,69,0,19,24,41,0,19
2024,06037403901,Census Tract 4039.01,Citrus,Los Angeles County,California,Citrus,275,76,0,14,0,14,0,14,0,14,0,14,0,14,0,14,31,33,29,33,0,14,0,14,0,14,2,4,0,14,194,60,47,40,0,14,57,45,66,52,18,19,6,12,50,43,8,12,0,14,0,14,0,14,42,42,0,14
2024,06037404000,Census Tract 4040,Citrus,Los Angeles County,California,Citrus,517,86,7,10,0,14,0,14,0,14,0,14,7,10,0,14,144,65,22,25,60,53,37,34,17,21,8,12,0,14,334,94,29,27,70,56,63,47,58,50,114,71,0,14,32,28,0,14,1,2,0,14,9,16,22,25,0,14
2024,06037404100,Census Tract 4041,Citrus,Los Angeles County,California,Citrus,424,158,0,19,0,19,0,19,0,19,0,19,0,19,0,19,156,119,0,19,0,19,0,19,29,46,127,108,0,19,256,110,39,52,36,52,0,19,47,36,124,88,10,16,12,19,12,19,0,19,0,19,0,19,0,19,0,19
2024,06037404201,Census Tract 4042.01,Citrus,Los Angeles County,California,Citrus,534,126,4,7,0,14,0,14,0,14,0,14,4,7,0,14,186,87,0,14,19,23,80,72,29,47,58,60,0,14,250,93,11,18,8,14,57,71,76,68,98,60,0,14,94,87,0,14,0,14,0,14,0,14,94,87,0,14
2024,06037404203,Census Tract 4042.03,Citrus,Los Angeles County,California,Citrus,496,97,80,55,0,14,0,14,0,14,11,19,60,49,9,13,63,36,36,33,10,11,5,8,0,14,12,13,0,14,315,101,84,57,20,24,0,14,39,35,159,89,13,13,38,25,12,12,0,14,0,14,4,8,22,21,0,14
2024,06037405900,Census Tract 4059,Citrus,Los Angeles County,California,Citrus,318,124,0,14,0,14,0,14,0,14,0,14,0,14,0,14,81,71,44,56,0,14,0,14,0,14,37,45,0,14,217,105,45,33,0,14,70,65,52,56,50,45,0,14,20,24,0,14,0,14,0,14,0,14,20,24,0,14
2024,06037400205,Census Tract 4002.05,Claremont,Los Angeles County,California,Claremont,62,55,0,14,0,14,0,14,0,14,0,14,0,14,0,14,0,14,0,14,0,14,0,14,0,14,0,14,0,14,47,52,0,14,0,14,0,14,0,14,47,52,0,14,15,17,7,11,0,14,0,14,0,14,8,12,0,14
2024,06037400206,Census Tract 4002.06,Claremont,Los Angeles County,California,Claremont,189,96,0,19,0,19,0,19,0,19,0,19,0,19,0,19,36,27,12,19,0,19,12,18,0,19,0,19,12,19,100,77,16,17,27,25,0,19,13,20,0,19,44,68,53,55,0,19,0,19,0,19,0,19,36,53,17,18
2024,06037400209,Census Tract 4002.09,Claremont,Los Angeles County,California,Claremont,208,99,24,37,0,14,0,14,0,14,0,14,0,14,24,37,0,14,0,14,0,14,0,14,0,14,0,14,0,14,170,97,86,73,35,52,0,14,0,14,33,52,16,27,14,22,0,14,0,14,0,14,0,14,14,22,0,14
2024,06037401705,Census Tract 4017.05,Claremont,Los Angeles County,California,Claremont,102,68,0,14,0,14,0,14,0,14,0,14,0,14,0,14,13,24,0,14,0,14,0,14,0,14,13,24,0,14,69,64,0,14,6,10,46,60,0,14,17,20,0,14,20,20,0,14,0,14,0,14,0,14,14,19,6,11
2024,06037401801,Census Tract 4018.01,Claremont,Los Angeles County,California,Claremont,424,135,26,43,0,14,0,14,0,14,0,14,26,43,0,14,128,77,73,70,0,14,30,36,10,16,7,11,8,14,217,91,74,51,25,29,16,29,3,9,90,73,9,15,53,61,40,58,0,14,13,23,0,14,0,14,0,14
2024,06037401802,Census Tract 4018.02,Claremont,Los Angeles County,California,Claremont,259,100,0,14,0,14,0,14,0,14,0,14,0,14,0,14,39,60,0,14,0,14,39,60,0,14,0,14,0,14,190,92,15,18,44,57,0,14,0,14,103,66,28,29,30,30,7,12,9,14,0,14,0,14,14,23,0,14
2024,06037401901,Census Tract 4019.01,Claremont,Los Angeles County,California,Claremont,65,32,0,14,0,14,0,14,0,14,0,14,0,14,0,14,27,21,0,14,11,16,10,10,0,14,6,8,0,14,38,24,5,7,8,9,4,7,11,19,5,8,5,7,0,14,0,14,0,14,0,14,0,14,0,14,0,14
2024,06037401902,Census Tract 4019.02,Claremont,Los Angeles County,California,Claremont,1911,321,0,19,0,19,0,19,0,19,0,19,0,19,0,19,301,188,135,113,6,13,16,25,16,26,128,150,0,19,729,189,214,170,158,112,51,49,82,90,224,119,0,19,881,314,134,91,17,27,62,49,51,50,545,286,72,93
2024,06037402001,Census Tract 4020.01,Claremont,Los Angeles County,California,Claremont,835,156,62,62,0,14,11,18,0,14,0,14,51,59,0,14,204,94,13,20,0,14,45,49,11,17,99,88,36,34,427,165,18,29,64,59,67,51,27,32,214,140,37,56,142,69,0,14,0,14,32,50,65,71,45,37,0,14
2024,06037402002,Census Tract 4020.02,Claremont,Los Angeles County,California,Claremont,644,190,16,19,9,14,0,14,0,14,0,14,0,14,7,12,104,57,0,14,62,49,0,14,0,14,32,29,10,15,210,103,33,32,43,39,26,34,10,17,98,69,0,14,314,176,16,20,7,11,33,26,19,27,239,174,0,14
2024,06037531302,Census Tract 5313.02,Commerce,Los Angeles County,California,Commerce,863,158,11,21,0,19,0,19,0,19,0,19,11,21,0,19,251,129,97,92,0,19,39,61,43,62,72,59,0,19,532,143,78,66,79,63,28,33,95,86,208,88,44,51,69,79,0,19,0,19,0,19,0,19,69,79,0,19
2024,06037532302,Census Tract 5323.02,Commerce,Los Angeles County,California,Commerce,319,92,21,35,0,14,21,35,0,14,0,14,0,14,0,14,39,30,0,14,0,14,8,13,0,14,31,30,0,14,219,90,55,60,22,25,0,14,0,14,110,66,32,36,40,40,0,14,0,14,0,14,0,14,40,40,0,14
2024,06037532303,Census Tract 5323.03,Commerce,Los Angeles County,California,Commerce,692,152,0,14,0,14,0,14,0,14,0,14,0,14,0,14,111,76,11,17,35,48,0,14,0,14,65,52,0,14,377,129,202,116,32,46,0,14,9,15,90,61,44,63,204,84,10,16,45,56,22,35,0,14,127,64,0,14
2024,06037532304,Census Tract 5323.04,Commerce,Los Angeles County,California,Commerce,520,126,0,14,0,14,0,14,0,14,0,14,0,14,0,14,42,42,0,14,0,14,0,14,15,24,27,36,0,14,191,100,74,71,15,27,49,52,4,17,49,57,0,14,287,88,13,20,0,14,41,42,44,49,189,85,0,14
2024,06037541100,Census Tract 5411,Compton,Los Angeles County,California,Compton,337,102,4,6,4,6,0,14,0,14,0,14,0,14,0,14,33,40,0,14,0,14,0,14,0,14,33,40,0,14,254,101,11,18,52,54,67,76,8,12,116,81,0,14,46,40,0,14,0,14,5,7,0,14,32,38,9,15
2024,06037541200,Census Tract 5412,Compton,Los Angeles County,California,Compton,558,185,22,36,0,19,0,19,0,19,0,19,22,36,0,19,48,64,0,19,48,64,0,19,0,19,0,19,0,19,296,143,21,31,47,63,35,55,9,14,99,96,85,94,192,95,10,16,34,51,44,45,8,13,86,66,10,20
2024,06037541300,Census Tract 5413,Compton,Los Angeles County,California,Compton,298,123,0,19,0,19,0,19,0,19,0,19,0,19,0,19,67,59,0,19,0,19,0,19,8,15,47,53,12,18,231,107,10,14,0,19,58,65,31,49,123,79,9,17,0,19,0,19,0,19,0,19,0,19,0,19,0,19
2024,06037541603,Census Tract 5416.03,Compton,Los Angeles County,California,Compton,475,103,10,16,10,16,0,14,0,14,0,14,0,14,0,14,22,24,0,14,0,14,0,14,0,14,22,24,0,14,393,99,106,54,46,39,47,43,20,36,162,67,12,19,50,29,11,18,0,14,0,14,0,14,39,25,0,14
2024,06037541604,Census Tract 5416.04,Compton,Los Angeles County,California,Compton,873,160,9,15,0,19,0,19,0,19,9,15,0,19,0,19,260,133,14,23,33,38,9,14,0,19,204,125,0,19,510,133,135,85,45,43,27,41,63,57,225,117,15,26,94,65,18,29,0,19,0,19,0,19,76,60,0,19
2024,06037541605,Census Tract 5416.05,Compton,Los Angeles County,California,Compton,821,160,77,71,0,19,0,19,0,19,0,19,77,71,0,19,88,82,32,51,0,19,38,62,0,19,18,28,0,19,642,172,189,103,121,99,60,61,20,27,214,124,38,61,14,23,0,19,0,19,0,19,0,19,14,23,0,19
2024,06037541606,Census Tract 5416.06,Compton,Los Angeles County,California,Compton,529,114,16,23,0,14,0,14,0,14,0,14,0,14,16,23,108,64,40,29,0,14,23,37,0,14,30,35,15,17,333,96,8,11,28,30,87,58,32,31,152,66,26,42,72,66,0,14,0,14,47,61,0,14,19,22,6,10
2024,06037541801,Census Tract 5418.01,Compton,Los Angeles County,California,Compton,762,117,14,24,14,24,0,19,0,19,0,19,0,19,0,19,171,123,0,19,91,101,0,19,0,19,80,97,0,19,535,145,95,77,0,19,92,77,45,46,285,104,18,34,42,69,0,19,42,69,0,19,0,19,0,19,0,19
2024,06037541802,Census Tract 5418.02,Compton,Los Angeles County,California,Compton,380,110,38,40,0,19,0,19,0,19,0,19,38,40,0,19,99,80,0,19,0,19,0,19,5,10,94,79,0,19,215,91,33,38,0,19,8,15,34,41,109,71,31,43,28,33,0,19,0,19,0,19,0,19,28,33,0,19
2024,06037542000,Census Tract 5420,Compton,Los Angeles County,California,Compton,413,87,0,19,0,19,0,19,0,19,0,19,0,19,0,19,71,46,35,43,0,19,12,20,0,19,0,19,24,37,304,98,106,75,26,40,33,39,31,51,99,76,9,16,38,56,0,19,0,19,0,19,0,19,38,56,0,19
2024,06037542103,Census Tract 5421.03,Compton,Los Angeles County,California,Compton,326,81,0,14,0,14,0,14,0,14,0,14,0,14,0,14,11,16,0,14,0,14,0,14,0,14,11,16,0,14,288,79,97,55,11,19,20,31,29,31,96,54,35,35,27,24,0,14,0,14,0,14,12,18,15,18,0,14
2024,06037542104,Census Tract 5421.04,Compton,Los Angeles County,California,Compton,437,116,0,14,0,14,0,14,0,14,0,14,0,14,0,14,57,37,0,14,11,16,9,14,0,14,23,23,14,23,348,113,0,14,29,32,108,96,41,43,137,60,33,30,32,29,11,17,13,19,0,14,0,14,8,12,0,14
2024,06037542105,Census Tract 5421.05,Compton,Los Angeles County,California,Compton,718,174,0,14,0,14,0,14,0,14,0,14,0,14,0,14,99,94,44,69,0,14,0,14,0,14,55,66,0,14,506,118,48,50,111,72,66,54,83,74,198,94,0,14,113,120,24,28,0,14,0,14,0,14,15,24,74,114
2024,06037542106,Census Tract 5421.06,Compton,Los Angeles County,California,Compton,490,115,12,21,0,14,0,14,0,14,0,14,12,21,0,14,25,31,0,14,0,14,7,12,0,14,18,29,0,14,311,106,41,39,41,29,86,92,16,26,90,59,37,39,142,59,0,14,0,14,47,38,0,14,80,47,15,25
2024,06037542200,Census Tract 5422,Compton,Los Angeles County,California,Compton,465,135,0,19,0,19,0,19,0,19,0,19,0,19,0,19,137,91,0,19,0,19,22,34,0,19,115,83,0,19,167,92,27,37,32,43,0,19,27,42,70,53,11,18,161,94,0,19,0,19,52,62,0,19,72,61,37,47
2024,06037542401,Census Tract 5424.01,Compton,Los Angeles County,California,Compton,334,136,0,14,0,14,0,14,0,14,0,14,0,14,0,14,0,14,0,14,0,14,0,14,0,14,0,14,0,14,257,134,0,14,69,76,0,14,0,14,188,113,0,14,77,59,8,13,0,14,0,14,0,14,59,53,10,16
2024,06037542402,Census Tract 5424.02,Compton,Los Angeles County,California,Compton,328,108,16,27,0,14,0,14,0,14,0,14,16,27,0,14,41,49,33,47,0,14,0,14,0,14,8,14,0,14,263,110,6,13,109,75,13,20,0,14,135,96,0,14,8,11,0,14,0,14,7,11,0,14,0,14,1,2
2024,06037542501,Census Tract 5425.01,Compton,Los Angeles County,California,Compton,589,238,20,33,20,33,0,14,0,14,0,14,0,14,0,14,35,60,0,14,0,14,0,14,0,14,35,60,0,14,484,244,22,36,142,124,89,81,20,35,211,199,0,14,50,53,4,9,0,14,0,14,2,11,44,50,0,14
2024,06037542502,Census Tract 5425.02,Compton,Los Angeles County,California,Compton,841,187,39,37,0,14,0,14,0,14,0,14,39,37,0,14,203,112,22,23,57,81,0,14,0,14,124,93,0,14,494,196,55,50,159,137,78,74,19,28,169,93,14,24,105,69,23,35,0,14,11,17,7,11,38,45,26,43
2024,06037542601,Census Tract 5426.01,Compton,Los Angeles County,California,Compton,497,90,25,23,0,14,12,14,0,14,0,14,13,19,0,14,119,73,0,14,59,56,0,14,0,14,55,47,5,7,308,80,89,43,17,25,30,29,10,16,162,66,0,14,45,30,0,14,21,22,0,14,0,14,24,23,0,14
2024,06037542602,Census Tract 5426.02,Compton,Los Angeles County,California,Compton,785,117,32,44,32,44,0,14,0,14,0,14,0,14,0,14,63,56,0,14,0,14,0,14,0,14,63,56,0,14,423,124,53,59,51,50,102,85,0,14,195,100,22,31,267,117,33,50,0,14,19,32,13,20,197,111,5,12
2024,06037542700,Census Tract 5427,Compton,Los Angeles County,California,Compton,412,157,71,85,0,19,0,19,0,19,0,19,71,85,0,19,74,60,26,41,10,16,0,19,0,19,12,19,26,35,230,139,13,20,53,59,0,19,29,46,135,128,0,19,37,53,0,19,34,52,0,19,0,19,0,19,3,4
2024,06037542800,Census Tract 5428,Compton,Los Angeles County,California,Compton,179,82,0,14,0,14,0,14,0,14,0,14,0,14,0,14,19,27,0,14,0,14,0,14,0,14,0,14,19,27,124,76,7,11,9,17,11,15,14,22,78,65,5,10,36,24,6,9,11,19,0,14,0,14,6,9,13,19
2024,06037542900,Census Tract 5429,Compton,Los Angeles County,California,Compton,204,75,27,29,13,19,14,22,0,14,0,14,0,14,0,14,18,28,0,14,0,14,0,14,0,14,18,28,0,14,151,64,62,48,0,14,13,18,44,38,32,36,0,14,8,14,0,14,0,14,0,14,0,14,8,14,0,14
2024,06037543000,Census Tract 5430,Compton,Los Angeles County,California,Compton,382,126,36,56,0,14,0,14,0,14,0,14,36,56,0,14,148,104,0,14,0,14,0,14,0,14,134,102,14,22,160,99,50,62,0,14,0,14,14,22,96,84,0,14,38,56,0,14,0,14,3,4,35,56,0,14,0,14
2024,06037543100,Census Tract 5431,Compton,Los Angeles County,California,Compton,284,175,0,19,0,19,0,19,0,19,0,19,0,19,0,19,95,121,0,19,78,117,0,19,0,19,17,30,0,19,138,90,0,19,0,19,0,19,0,19,128,90,10,15,51,38,0,19,0,19,10,15,0,19,17,30,24,32
2024,06037543201,Census Tract 5432.01,Compton,Los Angeles County,California,Compton,333,85,0,14,0,14,0,14,0,14,0,14,0,14,0,14,109,65,34,32,26,41,0,14,0,14,49,39,0,14,178,75,98,62,4,8,10,15,7,10,43,34,16,23,46,33,0,14,5,9,0,14,0,14,41,31,0,14
2024,06037543203,Census Tract 5432.03,Compton,Los Angeles County,California,Compton,725,124,34,39,26,38,0,14,0,14,0,14,8,12,0,14,158,82,20,32,0,14,13,21,0,14,125,70,0,14,441,134,68,56,12,19,41,47,28,37,181,95,111,84,92,63,40,43,0,14,0,14,9,13,43,47,0,14
2024,06037543305,Census Tract 5433.05,Compton,Los Angeles County,California,Compton,184,77,0,14,0,14,0,14,0,14,0,14,0,14,0,14,0,14,0,14,0,14,0,14,0,14,0,14,0,14,177,77,103,70,0,14,8,15,11,18,55,64,0,14,7,12,0,14,0,14,0,14,7,12,0,14,0,14
2024,06037403601,Census Tract 4036.01,Covina,Los Angeles County,California,Covina,577,297,21,38,21,38,0,19,0,19,0,19,0,19,0,19,138,110,23,39,21,45,0,19,0,19,94,97,0,19,304,260,0,19,12,20,245,257,0,19,36,53,11,19,114,99,0,19,0,19,0,19,0,19,77,91,37,43
2024,06037403702,Census Tract 4037.02,Covina,Los Angeles County,California,Covina,224,79,0,14,0,14,0,14,0,14,0,14,0,14,0,14,26,27,0,14,11,16,15,23,0,14,0,14,0,14,65,46,0,14,0,14,32,29,0,14,18,24,15,23,133,67,0,14,0,14,0,14,6,10,46,58,81,44
2024,06037403703,Census Tract 4037.03,Covina,Los Angeles County,California,Covina,250,102,48,67,0,14,0,14,0,14,0,14,48,67,0,14,45,39,12,19,13,22,20,26,0,14,0,14,0,14,57,50,10,16,0,14,20,25,0,14,27,41,0,14,100,64,0,14,0,14,31,48,9,14,60,47,0,14
2024,06037403721,Census Tract 4037.21,Covina,Los Angeles County,California,Covina,628,248,19,29,0,19,0,19,0,19,0,19,19,29,0,19,49,43,10,16,8,14,0,19,24,37,7,11,0,19,331,98,36,29,63,63,27,26,73,61,132,77,0,19,229,202,0,19,0,19,0,19,121,190,108,68,0,19
2024,06037403722,Census Tract 4037.22,Covina,Los Angeles County,California,Covina,997,135,33,51,0,19,0,19,0,19,0,19,33,51,0,19,404,147,50,47,9,15,31,49,39,48,259,131,16,27,509,138,35,28,81,64,71,82,81,61,200,97,41,42,51,42,0,19,0,19,0,19,0,19,51,42,0,19
2024,06037403801,Census Tract 4038.01,Covina,Los Angeles County,California,Covina,1134,305,14,24,0,19,0,19,0,19,0,19,0,19,14,24,430,255,17,26,37,61,253,171,0,19,123,171,0,19,623,228,134,138,87,59,44,59,20,31,238,138,100,90,67,80,0,19,0,19,43,69,0,19,24,41,0,19
2024,06037403802,Census Tract 4038.02,Covina,Los Angeles County,California,Covina,801,186,0,19,0,19,0,19,0,19,0,19,0,19,0,19,133,111,19,29,0,19,6,12,8,13,100,109,0,19,387,176,172,146,14,26,74,95,19,31,96,64,12,18,281,128,0,19,21,35,10,18,92,100,147,137,11,18
2024,06037405400,Census Tract 4054,Covina,Los Angeles County,California,Covina,284,174,0,14,0,14,0,14,0,14,0,14,0,14,0,14,91,149,0,14,0,14,91,149,0,14,0,14,0,14,168,100,18,28,26,38,43,58,13,22,68,63,0,14,25,30,0,14,10,15,0,14,0,14,15,26,0,14
2024,06037405701,Census Tract 4057.01,Covina,Los Angeles County,California,Covina,467,141,74,70,0,14,0,14,41,64,0,14,33,40,0,14,121,96,0,14,15,25,5,8,0,14,68,91,33,49,262,133,9,20,44,64,43,39,16,24,138,118,12,19,10,16,0,14,0,14,0,14,10,16,0,14,0,14
2024,06037405702,Census Tract 4057.02,Covina,Los Angeles County,California,Covina,450,124,24,37,0,19,24,37,0,19,0,19,0,19,0,19,87,61,23,27,28,41,0,19,36,53,0,19,0,19,293,111,109,93,68,62,25,27,0,19,80,58,11,18,46,44,13,20,0,19,0,19,0,19,33,39,0,19
2024,06037405800,Census Tract 4058,Covina,Los Angeles County,California,Covina,483,138,0,19,0,19,0,19,0,19,0,19,0,19,0,19,65,81,0,19,0,19,55,79,0,19,10,19,0,19,351,131,16,25,24,26,125,103,29,44,129,70,28,44,67,75,0,19,0,19,0,19,0,19,57,75,10,16
2024,06037405900,Census Tract 4059,Covina,Los Angeles County,California,Covina,318,124,0,14,0,14,0,14,0,14,0,14,0,14,0,14,81,71,44,56,0,14,0,14,0,14,37,45,0,14,217,105,45,33,0,14,70,65,52,56,50,45,0,14,20,24,0,14,0,14,0,14,0,14,20,24,0,14
2024,06037406000,Census Tract 4060,Covina,Los Angeles County,California,Covina,313,119,0,19,0,19,0,19,0,19,0,19,0,19,0,19,42,44,0,19,0,19,0,19,0,19,42,44,0,19,248,112,91,67,17,20,35,49,15,18,90,79,0,19,23,23,0,19,9,14,0,19,0,19,14,19,0,19
2024,06037406101,Census Tract 4061.01,Covina,Los Angeles County,California,Covina,576,160,0,14,0,14,0,14,0,14,0,14,0,14,0,14,90,65,32,48,7,11,0,14,7,11,44,48,0,14,431,146,25,33,127,117,41,32,42,62,188,93,8,12,55,40,0,14,13,14,27,39,0,14,6,10,9,14
2024,06037406103,Census Tract 4061.03,Covina,Los Angeles County,California,Covina,1772,236,60,82,0,19,0,19,0,19,0,19,0,19,60,82,209,100,13,20,61,55,32,50,7,11,96,78,0,19,1090,246,371,196,132,101,86,76,123,100,366,169,12,21,413,220,184,180,9,18,25,38,13,22,182,123,0,19
2024,06037534301,Census Tract 5343.01,Cudahy,Los Angeles County,California,Cudahy,843,114,27,43,0,14,0,14,0,14,0,14,27,43,0,14,76,67,13,22,0,14,0,14,0,14,33,42,30,45,609,134,123,93,51,51,67,57,59,65,309,134,0,14,131,75,15,27,0,14,38,44,0,14,78,58,0,14
2024,06037534302,Census Tract 5343.02,Cudahy,Los Angeles County,California,Cudahy,834,110,20,25,0,14,0,14,14,23,0,14,6,10,0,14,127,61,27,34,0,14,65,48,0,14,25,26,10,15,603,121,52,35,75,52,49,39,117,64,281,112,29,26,84,60,7,11,0,14,15,24,0,14,62,55,0,14
2024,06037534403,Census Tract 5344.03,Cudahy,Los Angeles County,California,Cudahy,725,129,0,14,0,14,0,14,0,14,0,14,0,14,0,14,166,73,26,30,36,39,22,32,23,24,59,43,0,14,501,150,29,27,32,29,110,117,48,39,282,106,0,14,58,50,6,10,0,14,0,14,7,11,41,46,4,5
2024,06037534404,Census Tract 5344.04,Cudahy,Los Angeles County,California,Cudahy,688,114,0,14,0,14,0,14,0,14,0,14,0,14,0,14,194,75,40,35,48,51,0,14,9,11,77,47,20,29,370,99,70,49,84,53,24,16,11,17,149,71,32,52,124,59,0,14,9,13,28,30,0,14,87,58,0,14
2024,06037534405,Census Tract 5344.05,Cudahy,Los Angeles County,California,Cudahy,791,95,0,14,0,14,0,14,0,14,0,14,0,14,0,14,202,92,45,58,8,15,7,11,53,62,89,75,0,14,484,126,138,98,100,67,19,31,52,54,175,86,0,14,105,64,0,14,22,35,0,14,12,16,69,51,2,7
2024,06037534406,Census Tract 5344.06,Cudahy,Los Angeles County,California,Cudahy,1082,201,33,54,0,14,0,14,33,54,0,14,0,14,0,14,382,231,0,14,28,34,32,48,69,79,136,87,117,189,545,159,66,42,35,41,47,44,27,41,370,153,0,14,122,72,28,33,0,14,43,53,0,14,51,50,0,14
2024,06037702400,Census Tract 7024,Culver City,Los Angeles County,California,CulverCity,1308,252,26,29,10,18,0,14,0,14,0,14,16,20,0,14,606,219,232,189,97,60,74,50,85,82,118,96,0,14,612,190,243,102,94,57,8,13,9,14,230,144,28,44,64,57,0,14,0,14,0,14,0,14,64,57,0,14
2024,06037702501,Census Tract 7025.01,Culver City,Los Angeles County,California,CulverCity,1042,397,26,38,0,14,0,14,0,14,0,14,26,38,0,14,361,388,39,39,237,372,64,59,0,14,21,36,0,14,480,153,110,83,103,93,34,45,48,50,185,111,0,14,175,134,17,30,0,14,0,14,25,34,133,123,0,14
2024,06037702502,Census Tract 7025.02,Culver City,Los Angeles County,California,CulverCity,628,177,53,83,0,14,0,14,0,14,0,14,0,14,53,83,190,89,73,67,25,31,13,22,0,14,79,64,0,14,233,127,15,26,28,46,68,65,62,91,38,42,22,37,152,135,52,59,0,14,22,34,0,14,62,103,16,26
2024,06037702600,Census Tract 7026,Culver City,Los Angeles County,California,CulverCity,551,216,75,103,0,19,0,19,0,19,0,19,75,103,0,19,38,44,17,25,0,19,21,36,0,19,0,19,0,19,217,107,16,25,53,50,34,41,0,19,114,80,0,19,221,164,37,43,0,19,0,19,38,45,146,171,0,19
2024,06037702700,Census Tract 7027,Culver City,Los Angeles County,California,CulverCity,272,127,0,14,0,14,0,14,0,14,0,14,0,14,0,14,37,37,23,28,0,14,0,14,0,14,14,21,0,14,210,123,32,28,15,18,58,47,60,95,45,55,0,14,25,28,0,14,0,14,0,14,0,14,0,14,25,28
2024,06037702801,Census Tract 7028.01,Culver City,Los Angeles County,California,CulverCity,1254,205,13,21,0,19,0,19,0,19,0,19,13,21,0,19,245,148,0,19,81,84,14,23,24,27,126,115,0,19,609,206,246,125,15,25,24,29,88,96,224,145,12,19,387,142,18,30,0,19,0,19,14,22,300,129,55,72
2024,06037702802,Census Tract 7028.02,Culver City,Los Angeles County,California,CulverCity,634,180,34,33,3,6,0,14,0,14,0,14,31,33,0,14,130,54,13,14,43,31,24,29,24,38,26,22,0,14,422,176,36,27,142,126,83,84,40,36,121,78,0,14,48,35,5,8,0,14,0,14,15,24,28,26,0,14
2024,06037702803,Census Tract 7028.03,Culver City,Los Angeles County,California,CulverCity,798,109,89,92,0,14,0,14,54,81,0,14,35,53,0,14,170,88,62,63,9,15,14,15,39,33,46,35,0,14,480,148,90,57,122,111,47,36,31,44,190,118,0,14,59,42,0,14,0,14,8,14,0,14,41,35,10,17
2024,06037703003,Census Tract 7030.03,Culver City,Los Angeles County,California,CulverCity,1477,369,28,34,0,19,0,19,0,19,0,19,28,34,0,19,508,280,160,135,24,36,65,51,169,219,71,116,19,31,675,265,95,81,74,92,21,32,90,93,381,220,14,21,266,108,80,77,0,19,14,22,0,19,172,101,0,19
2024,06037602201,Census Tract 6022.01,Del Aire,Los Angeles County,California,DelAire,837,160,72,76,0,14,0,14,53,75,0,14,19,22,0,14,398,156,77,58,59,82,90,71,89,90,83,70,0,14,334,138,22,25,90,91,27,31,0,14,195,106,0,14,33,33,0,14,0,14,14,23,0,14,19,22,0,14
2024,06037602301,Census Tract 6023.01,Del Aire,Los Angeles County,California,DelAire,417,147,0,19,0,19,0,19,0,19,0,19,0,19,0,19,65,50,32,37,0,19,0,19,0,19,23,26,10,17,279,136,50,43,42,46,11,18,8,16,147,107,21,21,73,63,0,19,15,23,0,19,8,12,50,57,0,19
2024,06037910215,Census Tract 9102.15,Desert View Highlands,Los Angeles County,California,DesertViewHighlands,604,200,0,19,0,19,0,19,0,19,0,19,0,19,0,19,93,89,14,24,28,38,0,19,0,19,51,81,0,19,443,193,13,19,116,95,83,92,0,19,175,122,56,90,68,79,7,11,8,13,0,19,0,19,49,73,4,7
2024,06037910401,Census Tract 9104.01,Desert View Highlands,Los Angeles County,California,DesertViewHighlands,1048,295,18,30,0,19,0,19,0,19,0,19,18,30,0,19,414,194,122,123,59,58,56,68,24,39,153,141,0,19,444,210,124,102,0,19,0,19,126,130,194,109,0,19,172,143,17,28,0,19,12,19,29,50,114,137,0,19
2024,06037403305,Census Tract 4033.05,Diamond Bar,Los Angeles County,California,DiamondBar,178,51,21,22,0,14,0,14,4,6,0,14,17,22,0,14,37,34,8,13,0,14,10,15,0,14,19,29,0,14,98,36,48,21,10,15,0,14,0,14,35,25,5,9,22,16,0,14,0,14,0,14,0,14,22,16,0,14
2024,06037403316,Census Tract 4033.16,Diamond Bar,Los Angeles County,California,DiamondBar,634,212,19,33,0,19,0,19,0,19,0,19,19,33,0,19,48,44,19,30,0,19,0,19,16,26,0,19,13,22,249,162,0,19,27,32,101,145,13,20,108,60,0,19,318,139,0,19,0,19,19,31,11,18,273,140,15,24
2024,06037403319,Census Tract 4033.19,Diamond Bar,Los Angeles County,California,DiamondBar,592,139,19,24,0,14,12,21,0,14,0,14,7,12,0,14,199,79,39,42,46,61,0,14,13,21,101,50,0,14,218,101,22,25,16,23,14,22,14,17,131,91,21,33,156,97,20,22,0,14,26,40,0,14,65,75,45,46
2024,06037403320,Census Tract 4033.20,Diamond Bar,Los Angeles County,California,DiamondBar,256,112,12,21,0,19,0,19,0,19,0,19,12,21,0,19,56,44,0,19,11,17,14,17,0,19,20,28,11,18,110,79,47,49,0,19,0,19,31,35,32,50,0,19,78,69,19,27,0,19,52,58,0,19,7,11,0,19
2024,06037403321,Census Tract 4033.21,Diamond Bar,Los Angeles County,California,DiamondBar,333,132,20,24,0,14,0,14,0,14,0,14,20,24,0,14,122,106,0,14,0,14,8,14,0,14,114,106,0,14,84,60,35,35,0,14,0,14,0,14,49,46,0,14,107,63,0,14,0,14,0,14,11,17,48,65,48,63
2024,06037403323,Census Tract 4033.23,Diamond Bar,Los Angeles County,California,DiamondBar,407,137,55,75,0,19,0,19,0,19,0,19,55,75,0,19,16,20,0,19,9,16,7,12,0,19,0,19,0,19,328,115,40,41,0,19,60,61,30,35,198,98,0,19,8,14,0,19,0,19,0,19,0,19,8,14,0,19
2024,06037403324,Census Tract 4033.24,Diamond Bar,Los Angeles County,California,DiamondBar,549,188,0,19,0,19,0,19,0,19,0,19,0,19,0,19,63,62,21,33,0,19,0,19,0,19,25,45,17,28,368,178,104,131,0,19,24,36,61,86,179,129,0,19,118,98,0,19,0,19,0,19,0,19,48,62,70,88
2024,06037403325,Census Tract 4033.25,Diamond Bar,Los Angeles County,California,DiamondBar,375,105,6,10,0,14,0,14,0,14,0,14,6,10,0,14,112,72,16,24,0,14,33,37,0,14,63,57,0,14,241,97,0,14,0,14,14,19,0,14,187,92,40,63,16,17,9,14,0,14,0,14,0,14,7,10,0,14
2024,06037403326,Census Tract 4033.26,Diamond Bar,Los Angeles County,California,DiamondBar,169,87,3,7,0,14,0,14,0,14,0,14,3,7,0,14,0,14,0,14,0,14,0,14,0,14,0,14,0,14,116,54,45,34,17,20,36,34,0,14,18,28,0,14,50,62,0,14,0,14,8,13,0,14,42,61,0,14
2024,06037403327,Census Tract 4033.27,Diamond Bar,Los Angeles County,California,DiamondBar,51,32,10,15,0,14,10,15,0,14,0,14,0,14,0,14,0,14,0,14,0,14,0,14,0,14,0,14,0,14,41,28,24,25,3,7,6,11,0,14,8,14,0,14,0,14,0,14,0,14,0,14,0,14,0,14,0,14
2024,06037403328,Census Tract 4033.28,Diamond Bar,Los Angeles County,California,DiamondBar,459,130,5,10,0,19,0,19,0,19,0,19,5,10,0,19,75,70,13,20,14,23,8,13,40,62,0,19,0,19,339,115,43,37,10,16,19,21,48,45,195,95,24,40,40,33,14,21,0,19,9,16,0,19,0,19,17,20
2024,06037408703,Census Tract 4087.03,Diamond Bar,Los Angeles County,California,DiamondBar,114,67,0,19,0,19,0,19,0,19,0,19,0,19,0,19,0,19,0,19,0,19,0,19,0,19,0,19,0,19,106,65,24,38,9,15,0,19,0,19,57,53,16,23,8,15,0,19,8,15,0,19,0,19,0,19,0,19
2024,06037408707,Census Tract 4087.07,Diamond Bar,Los Angeles County,California,DiamondBar,250,115,0,19,0,19,0,19,0,19,0,19,0,19,0,19,26,34,0,19,0,19,0,19,0,19,26,34,0,19,175,100,55,61,17,28,60,62,0,19,23,28,20,25,49,73,0,19,0,19,0,19,0,19,49,73,0,19
2024,06037550501,Census Tract 5505.01,Downey,Los Angeles County,California,Downey,498,164,0,14,0,14,0,14,0,14,0,14,0,14,0,14,164,121,49,53,11,17,0,14,0,14,104,122,0,14,304,152,0,14,17,27,0,14,33,50,232,140,22,26,30,33,11,20,7,12,0,14,0,14,12,20,0,14
2024,06037550502,Census Tract 5505.02,Downey,Los Angeles County,California,Downey,267,178,0,14,0,14,0,14,0,14,0,14,0,14,0,14,7,14,0,14,0,14,0,14,0,14,7,14,0,14,249,177,0,14,47,50,0,14,0,14,202,172,0,14,11,18,0,14,0,14,0,14,11,18,0,14,0,14
2024,06037550601,Census Tract 5506.01,Downey,Los Angeles County,California,Downey,961,195,59,45,0,19,0,19,20,33,22,26,17,19,0,19,150,83,69,76,9,15,10,19,0,19,62,67,0,19,636,199,124,75,151,146,55,70,59,58,228,113,19,21,116,58,19,24,27,28,9,14,15,22,22,25,24,27
2024,06037550602,Census Tract 5506.02,Downey,Los Angeles County,California,Downey,288,104,21,34,0,14,0,14,0,14,21,34,0,14,0,14,37,46,0,14,0,14,9,15,0,14,28,44,0,14,188,94,24,38,0,14,54,59,0,14,64,71,46,46,42,38,32,35,0,14,0,14,0,14,0,14,10,16
2024,06037550700,Census Tract 5507,Downey,Los Angeles County,California,Downey,552,165,0,19,0,19,0,19,0,19,0,19,0,19,0,19,108,97,46,72,0,19,0,19,62,66,0,19,0,19,444,172,60,83,76,109,38,44,92,108,178,154,0,19,0,19,0,19,0,19,0,19,0,19,0,19,0,19
2024,06037550801,Census Tract 5508.01,Downey,Los Angeles County,California,Downey,598,273,0,19,0,19,0,19,0,19,0,19,0,19,0,19,276,199,7,13,35,46,50,62,59,69,125,193,0,19,164,134,59,94,10,18,7,13,7,10,73,66,8,14,158,156,10,16,0,19,11,18,22,37,115,165,0,19
2024,06037550802,Census Tract 5508.02,Downey,Los Angeles County,California,Downey,304,105,49,60,44,58,0,14,0,14,0,14,3,10,2,5,98,82,0,14,12,18,0,14,0,14,86,83,0,14,132,80,6,10,11,18,41,49,0,14,74,63,0,14,25,27,0,14,0,14,4,6,0,14,21,26,0,14
2024,06037550901,Census Tract 5509.01,Downey,Los Angeles County,California,Downey,1140,162,41,43,27,46,0,14,0,14,0,14,14,23,0,14,117,119,60,86,8,13,0,14,0,14,49,76,0,14,810,146,238,140,172,105,38,40,108,82,227,131,27,45,172,89,7,15,32,50,0,14,16,19,110,69,7,11
2024,06037550902,Census Tract 5509.02,Downey,Los Angeles County,California,Downey,1335,127,41,42,0,19,0,19,0,19,0,19,41,42,0,19,280,108,46,58,43,50,30,33,18,30,143,76,0,19,940,174,94,64,247,100,102,105,110,65,350,109,37,56,74,45,0,19,0,19,0,19,0,19,74,45,0,19
2024,06037551001,Census Tract 5510.01,Downey,Los Angeles County,California,Downey,266,118,0,14,0,14,0,14,0,14,0,14,0,14,0,14,29,32,9,14,0,14,0,14,0,14,20,30,0,14,185,100,65,57,15,24,23,27,32,39,50,53,0,14,52,64,0,14,0,14,0,14,0,14,52,64,0,14
2024,06037551002,Census Tract 5510.02,Downey,Los Angeles County,California,Downey,391,167,0,14,0,14,0,14,0,14,0,14,0,14,0,14,125,78,12,20,26,34,0,14,34,43,53,59,0,14,256,153,74,82,83,122,0,14,0,14,85,63,14,22,10,19,0,14,0,14,0,14,0,14,10,19,0,14
2024,06037551101,Census Tract 5511.01,Downey,Los Angeles County,California,Downey,725,110,0,14,0,14,0,14,0,14,0,14,0,14,0,14,282,113,76,69,34,38,75,90,30,48,67,61,0,14,397,121,41,36,140,101,25,21,67,76,124,86,0,14,46,39,6,12,0,14,3,6,10,17,17,27,10,17
2024,06037551102,Census Tract 5511.02,Downey,Los Angeles County,California,Downey,1770,179,109,93,0,19,0,19,0,19,0,19,109,93,0,19,363,124,56,49,49,52,0,19,7,12,251,101,0,19,1218,188,250,123,92,75,182,110,177,121,475,137,42,46,80,56,26,39,9,15,0,19,7,14,38,42,0,19
2024,06037551201,Census Tract 5512.01,Downey,Los Angeles County,California,Downey,582,170,0,14,0,14,0,14,0,14,0,14,0,14,0,14,39,47,0,14,0,14,0,14,0,14,14,22,25,41,322,126,36,33,22,25,10,16,37,43,217,121,0,14,221,148,0,14,11,16,7,11,0,14,193,147,10,15
2024,06037551203,Census Tract 5512.03,Downey,Los Angeles County,California,Downey,393,112,17,30,0,14,0,14,0,14,0,14,0,14,17,30,53,50,0,14,0,14,10,16,0,14,15,25,28,42,275,98,29,44,19,22,29,44,14,24,184,98,0,14,48,57,0,14,0,14,0,14,14,24,0,14,34,52
2024,06037551204,Census Tract 5512.04,Downey,Los Angeles County,California,Downey,632,193,52,60,0,14,0,14,31,49,0,14,21,35,0,14,290,200,0,14,18,27,0,14,119,102,77,98,76,125,180,88,19,22,74,78,12,17,27,44,48,44,0,14,110,78,0,14,40,46,0,14,0,14,70,65,0,14
2024,06037551300,Census Tract 5513,Downey,Los Angeles County,California,Downey,1454,174,17,18,0,19,0,19,0,19,0,19,17,18,0,19,280,88,49,55,50,48,41,53,8,12,120,78,12,19,876,179,180,87,106,90,178,92,15,23,397,146,0,19,281,94,0,19,39,43,11,17,96,76,135,73,0,19
2024,06037551401,Census Tract 5514.01,Downey,Los Angeles County,California,Downey,732,161,0,14,0,14,0,14,0,14,0,14,0,14,0,14,244,129,96,90,76,115,42,50,0,14,30,33,0,14,404,160,23,32,22,37,80,87,52,60,227,140,0,14,84,62,9,13,0,14,0,14,0,14,75,60,0,14
2024,06037551402,Census Tract 5514.02,Downey,Los Angeles County,California,Downey,538,201,10,15,0,19,0,19,0,19,0,19,10,15,0,19,185,136,48,61,68,108,8,16,61,84,0,19,0,19,322,166,22,35,4,9,17,26,11,19,241,163,27,46,21,23,4,8,0,19,0,19,13,20,0,19,4,7
2024,06037551501,Census Tract 5515.01,Downey,Los Angeles County,California,Downey,702,222,0,14,0,14,0,14,0,14,0,14,0,14,0,14,253,112,45,65,48,71,54,80,0,14,96,74,10,15,393,188,93,122,12,18,0,14,10,17,255,138,23,30,56,55,40,53,0,14,5,12,0,14,11,18,0,14
2024,06037551502,Census Tract 5515.02,Downey,Los Angeles County,California,Downey,676,183,0,14,0,14,0,14,0,14,0,14,0,14,0,14,129,135,25,42,0,14,91,126,13,23,0,14,0,14,394,97,66,52,96,75,0,14,0,14,219,116,13,22,153,133,0,14,0,14,0,14,80,115,73,65,0,14
2024,06037551700,Census Tract 5517,Downey,Los Angeles County,California,Downey,597,116,0,19,0,19,0,19,0,19,0,19,0,19,0,19,53,54,0,19,0,19,0,19,0,19,53,54,0,19,449,122,122,65,83,54,23,21,8,13,169,100,44,44,95,66,23,26,8,14,11,17,0,19,53,60,0,19
2024,06037551801,Census Tract 5518.01,Downey,Los Angeles County,California,Downey,427,107,39,62,0,14,39,62,0,14,0,14,0,14,0,14,31,29,0,14,0,14,14,23,0,14,17,19,0,14,298,78,47,48,31,40,59,63,6,14,130,81,25,31,59,37,0,14,0,14,0,14,6,10,53,36,0,14
2024,06037551802,Census Tract 5518.02,Downey,Los Angeles County,California,Downey,801,122,56,53,0,14,0,14,0,14,19,32,37,44,0,14,222,119,67,72,18,30,36,45,59,88,42,39,0,14,472,143,79,67,45,52,31,36,64,55,223,125,30,31,51,47,0,14,0,14,0,14,8,13,34,43,9,19
2024,06037553400,Census Tract 5534,Downey,Los Angeles County,California,Downey,420,114,0,14,0,14,0,14,0,14,0,14,0,14,0,14,15,19,5,10,0,14,0,14,0,14,10,17,0,14,301,89,123,75,22,28,8,15,39,46,105,48,4,9,104,101,79,99,0,14,0,14,7,21,6,13,12,21
2024,06037577800,Census Tract 5778,Downey,Los Angeles County,California,Downey,174,131,0,14,0,14,0,14,0,14,0,14,0,14,0,14,139,127,0,14,73,105,10,16,56,77,0,14,0,14,28,26,5,9,0,14,5,11,10,17,8,14,0,14,7,11,7,11,0,14,0,14,0,14,0,14,0,14
2024,06037980012,Census Tract 9800.12,Downey,Los Angeles County,California,Downey,0,14,0,14,0,14,0,14,0,14,0,14,0,14,0,14,0,14,0,14,0,14,0,14,0,14,0,14,0,14,0,14,0,14,0,14,0,14,0,14,0,14,0,14,0,14,0,14,0,14,0,14,0,14,0,14,0,14
2024,06037430003,Census Tract 4300.03,Duarte,Los Angeles County,California,Duarte,211,71,0,14,0,14,0,14,0,14,0,14,0,14,0,14,0,14,0,14,0,14,0,14,0,14,0,14,0,14,167,66,29,25,21,24,45,52,0,14,72,54,0,14,44,31,18,19,7,12,0,14,9,15,10,16,0,14
2024,06037430004,Census Tract 4300.04,Duarte,Los Angeles County,California,Duarte,453,119,0,14,0,14,0,14,0,14,0,14,0,14,0,14,72,55,22,32,9,15,31,33,10,18,0,14,0,14,254,105,43,39,34,34,42,59,9,15,126,73,0,14,127,67,24,29,8,13,0,14,0,14,95,66,0,14
2024,06037430005,Census Tract 4300.05,Duarte,Los Angeles County,California,Duarte,452,261,0,14,0,14,0,14,0,14,0,14,0,14,0,14,96,74,0,14,31,48,10,21,0,14,55,62,0,14,266,257,0,14,157,245,0,14,0,14,109,82,0,14,90,41,28,36,0,14,0,14,26,33,9,15,27,26
2024,06037430101,Census Tract 4301.01,Duarte,Los Angeles County,California,Duarte,1280,225,39,64,0,14,0,14,39,64,0,14,0,14,0,14,150,85,26,42,48,51,0,14,0,14,53,55,23,26,438,191,127,101,36,41,94,79,0,14,181,137,0,14,653,182,66,84,34,39,19,21,116,101,362,140,56,49
2024,06037430102,Census Tract 4301.02,Duarte,Los Angeles County,California,Duarte,538,164,24,39,24,39,0,14,0,14,0,14,0,14,0,14,224,142,90,74,24,39,0,14,0,14,110,113,0,14,178,111,101,95,14,22,6,9,5,8,46,48,6,11,112,58,4,7,7,11,11,15,4,7,86,56,0,14
2024,06037530202,Census Tract 5302.02,East Los Angeles,Los Angeles County,California,EastLosAngeles,461,135,26,39,0,14,0,14,0,14,26,39,0,14,0,14,0,14,0,14,0,14,0,14,0,14,0,14,0,14,317,137,0,14,41,63,33,38,41,66,202,103,0,14,118,75,12,19,0,14,0,14,0,14,58,58,48,50
2024,06037530301,Census Tract 5303.01,East Los Angeles,Los Angeles County,California,EastLosAngeles,455,73,7,14,0,14,0,14,0,14,0,14,7,14,0,14,63,44,8,14,12,17,0,14,0,14,43,47,0,14,282,85,50,44,8,12,65,55,17,19,137,66,5,8,103,36,39,31,3,6,12,17,0,14,49,35,0,14
2024,06037530302,Census Tract 5303.02,East Los Angeles,Los Angeles County,California,EastLosAngeles,1159,193,31,39,0,19,0,19,22,36,0,19,9,15,0,19,246,94,41,38,27,38,10,17,24,31,144,89,0,19,641,141,253,103,22,27,55,52,28,30,283,104,0,19,241,132,28,34,0,19,14,23,0,19,181,138,18,24
2024,06037530400,Census Tract 5304,East Los Angeles,Los Angeles County,California,EastLosAngeles,873,149,7,11,7,11,0,14,0,14,0,14,0,14,0,14,187,96,106,66,0,14,0,14,8,14,48,54,25,39,379,124,25,35,65,64,16,28,0,14,221,119,52,60,300,99,65,77,29,47,74,65,17,21,68,46,47,60
2024,06037530500,Census Tract 5305,East Los Angeles,Los Angeles County,California,EastLosAngeles,681,133,16,26,0,14,16,26,0,14,0,14,0,14,0,14,74,60,24,25,30,42,0,14,0,14,20,30,0,14,380,127,176,76,0,14,26,39,71,64,67,59,40,49,211,75,69,55,15,26,8,14,7,12,77,65,35,28
2024,06037530603,Census Tract 5306.03,East Los Angeles,Los Angeles County,California,EastLosAngeles,653,138,17,27,0,14,0,14,0,14,0,14,17,27,0,14,126,63,13,14,0,14,34,30,49,52,30,31,0,14,354,110,108,82,32,36,103,77,13,21,77,53,21,32,156,99,22,23,0,14,0,14,13,20,75,72,46,55
2024,06037530700,Census Tract 5307,East Los Angeles,Los Angeles County,California,EastLosAngeles,316,76,5,12,0,14,0,14,0,14,0,14,5,12,0,14,79,44,0,14,0,14,19,22,18,28,42,33,0,14,192,59,59,37,45,33,10,12,0,14,59,37,19,21,40,47,0,14,0,14,0,14,0,14,9,14,31,45
2024,06037530801,Census Tract 5308.01,East Los Angeles,Los Angeles County,California,EastLosAngeles,754,187,38,59,38,59,0,19,0,19,0,19,0,19,0,19,160,98,79,74,28,44,45,65,0,19,8,14,0,19,474,159,82,67,67,69,45,49,0,19,230,120,50,61,82,65,15,17,0,19,52,59,0,19,15,23,0,19
2024,06037530802,Census Tract 5308.02,East Los Angeles,Los Angeles County,California,EastLosAngeles,332,76,7,10,7,10,0,14,0,14,0,14,0,14,0,14,76,41,9,10,18,22,10,17,21,26,18,22,0,14,191,66,14,22,9,15,29,30,16,23,113,54,10,14,58,37,7,14,16,25,0,14,13,16,17,16,5,8
2024,06037530901,Census Tract 5309.01,East Los Angeles,Los Angeles County,California,EastLosAngeles,686,106,48,47,26,32,22,34,0,14,0,14,0,14,0,14,73,48,39,37,6,9,0,14,4,7,24,36,0,14,499,106,147,79,50,47,50,42,20,19,228,92,4,7,66,44,5,9,16,23,0,14,0,14,45,41,0,14
2024,06037530902,Census Tract 5309.02,East Los Angeles,Los Angeles County,California,EastLosAngeles,828,196,64,60,36,51,0,14,0,14,0,14,28,45,0,14,62,49,26,36,0,14,12,19,14,22,10,16,0,14,392,203,61,44,0,14,78,126,47,56,156,107,50,74,310,104,28,43,24,24,114,62,77,69,55,43,12,17
2024,06037531000,Census Tract 5310,East Los Angeles,Los Angeles County,California,EastLosAngeles,628,136,20,33,20,33,0,14,0,14,0,14,0,14,0,14,84,64,24,35,27,43,0,14,0,14,33,42,0,14,429,127,121,68,78,52,76,59,36,40,96,85,22,36,95,69,37,46,0,14,0,14,0,14,38,37,20,24
2024,06037531101,Census Tract 5311.01,East Los Angeles,Los Angeles County,California,EastLosAngeles,843,160,26,40,26,40,0,14,0,14,0,14,0,14,0,14,177,111,62,66,36,47,0,14,0,14,79,73,0,14,508,144,68,52,103,114,56,54,24,36,249,115,8,14,132,87,15,26,0,14,0,14,0,14,76,63,41,64
2024,06037531102,Census Tract 5311.02,East Los Angeles,Los Angeles County,California,EastLosAngeles,567,114,5,9,5,9,0,14,0,14,0,14,0,14,0,14,83,78,73,72,0,14,3,6,0,14,7,11,0,14,303,94,108,50,8,12,18,20,37,37,125,60,7,10,176,53,21,26,4,7,80,45,15,16,56,44,0,14
2024,06037531201,Census Tract 5312.01,East Los Angeles,Los Angeles County,California,EastLosAngeles,759,197,0,14,0,14,0,14,0,14,0,14,0,14,0,14,81,69,38,50,0,14,43,50,0,14,0,14,0,14,486,156,67,76,107,71,0,14,119,102,193,98,0,14,192,149,95,117,16,24,0,14,0,14,43,55,38,60
2024,06037531202,Census Tract 5312.02,East Los Angeles,Los Angeles County,California,EastLosAngeles,910,136,17,24,0,14,0,14,0,14,0,14,6,11,11,20,164,99,0,14,0,14,10,15,44,69,97,68,13,21,559,139,192,116,82,80,69,73,71,73,145,87,0,14,170,85,10,17,0,14,28,40,0,14,132,82,0,14
2024,06037531301,Census Tract 5313.01,East Los Angeles,Los Angeles County,California,EastLosAngeles,1086,227,134,126,62,95,0,19,0,19,23,40,49,77,0,19,139,81,13,19,23,35,57,66,11,26,35,40,0,19,697,222,92,60,153,102,24,39,25,28,403,197,0,19,116,63,25,38,0,19,0,19,14,20,77,64,0,19
2024,06037531302,Census Tract 5313.02,East Los Angeles,Los Angeles County,California,EastLosAngeles,863,158,11,21,0,19,0,19,0,19,0,19,11,21,0,19,251,129,97,92,0,19,39,61,43,62,72,59,0,19,532,143,78,66,79,63,28,33,95,86,208,88,44,51,69,79,0,19,0,19,0,19,0,19,69,79,0,19
2024,06037531502,Census Tract 5315.02,East Los Angeles,Los Angeles County,California,EastLosAngeles,562,99,25,30,0,14,0,14,8,13,0,14,17,27,0,14,88,55,18,24,7,12,20,28,0,14,43,40,0,14,413,111,59,51,20,33,42,30,55,57,223,91,14,12,36,27,7,10,4,8,0,14,0,14,18,22,7,10
2024,06037531503,Census Tract 5315.03,East Los Angeles,Los Angeles County,California,EastLosAngeles,586,147,0,14,0,14,0,14,0,14,0,14,0,14,0,14,141,142,14,22,100,136,0,14,0,14,27,34,0,14,428,86,121,78,62,50,76,48,16,26,142,60,11,21,17,19,0,14,0,14,0,14,0,14,16,19,1,2
2024,06037531504,Census Tract 5315.04,East Los Angeles,Los Angeles County,California,EastLosAngeles,716,116,28,36,0,14,0,14,0,14,0,14,28,36,0,14,204,87,54,56,12,18,14,24,0,14,88,64,36,53,429,107,104,61,23,30,30,36,34,43,215,111,23,31,55,55,0,14,0,14,0,14,10,18,45,50,0,14
2024,06037531602,Census Tract 5316.02,East Los Angeles,Los Angeles County,California,EastLosAngeles,691,115,36,50,0,14,0,14,36,50,0,14,0,14,0,14,100,63,0,14,32,48,24,32,29,36,15,24,0,14,451,133,203,107,62,47,37,42,29,38,120,66,0,14,104,71,2,6,0,14,0,14,0,14,102,71,0,14
2024,06037531603,Census Tract 5316.03,East Los Angeles,Los Angeles County,California,EastLosAngeles,592,107,0,14,0,14,0,14,0,14,0,14,0,14,0,14,64,34,6,8,0,14,6,9,8,13,35,31,9,13,434,96,197,85,8,14,22,24,14,22,163,69,30,34,94,63,11,19,13,21,42,51,11,17,11,12,6,9
2024,06037531604,Census Tract 5316.04,East Los Angeles,Los Angeles County,California,EastLosAngeles,587,83,0,14,0,14,0,14,0,14,0,14,0,14,0,14,91,53,17,18,18,22,7,11,5,8,44,37,0,14,446,77,67,41,50,41,34,26,26,24,245,78,24,21,50,27,0,14,0,14,10,16,0,14,28,23,12,14
2024,06037531701,Census Tract 5317.01,East Los Angeles,Los Angeles County,California,EastLosAngeles,796,155,10,17,0,19,0,19,0,19,0,19,10,17,0,19,121,76,44,51,0,19,12,19,0,19,65,57,0,19,574,163,138,84,130,89,38,46,54,56,178,103,36,45,91,61,0,19,30,45,0,19,0,19,61,55,0,19
2024,06037531702,Census Tract 5317.02,East Los Angeles,Los Angeles County,California,EastLosAngeles,857,218,29,45,0,14,0,14,0,14,0,14,29,45,0,14,166,104,22,36,17,27,0,14,31,51,96,84,0,14,507,199,231,181,66,67,0,14,70,52,140,101,0,14,155,80,52,50,0,14,21,31,28,33,54,47,0,14
2024,06037531800,Census Tract 5318,East Los Angeles,Los Angeles County,California,EastLosAngeles,1066,232,0,14,0,14,0,14,0,14,0,14,0,14,0,14,107,74,50,62,29,35,17,27,0,14,11,18,0,14,794,228,393,233,42,37,44,48,75,69,192,104,48,46,165,76,102,76,0,14,0,14,0,14,31,29,32,41
2024,06037531901,Census Tract 5319.01,East Los Angeles,Los Angeles County,California,EastLosAngeles,1017,203,0,19,0,19,0,19,0,19,0,19,0,19,0,19,105,72,66,63,0,19,0,19,25,29,14,22,0,19,860,207,129,103,163,104,130,86,211,158,227,127,0,19,52,38,10,15,0,19,3,6,13,20,26,29,0,19
2024,06037531902,Census Tract 5319.02,East Los Angeles,Los Angeles County,California,EastLosAngeles,542,141,16,25,0,14,0,14,0,14,0,14,16,25,0,14,76,64,30,48,22,34,0,14,0,14,24,36,0,14,361,131,83,57,89,86,32,37,0,14,150,82,7,11,89,49,8,14,0,14,9,13,9,15,63,42,0,14
2024,06037463103,Census Tract 4631.03,East Pasadena,Los Angeles County,California,EastPasadena,578,154,0,19,0,19,0,19,0,19,0,19,0,19,0,19,145,82,31,41,16,26,15,24,17,28,66,60,0,19,349,147,46,35,20,17,59,92,0,19,202,119,22,29,84,58,0,19,0,19,0,19,0,19,63,51,21,26
2024,06037541802,Census Tract 5418.02,East Rancho Dominguez,Los Angeles County,California,EastRanchoDominguez,380,110,38,40,0,19,0,19,0,19,0,19,38,40,0,19,99,80,0,19,0,19,0,19,5,10,94,79,0,19,215,91,33,38,0,19,8,15,34,41,109,71,31,43,28,33,0,19,0,19,0,19,0,19,28,33,0,19
2024,06037542000,Census Tract 5420,East Rancho Dominguez,Los Angeles County,California,EastRanchoDominguez,413,87,0,19,0,19,0,19,0,19,0,19,0,19,0,19,71,46,35,43,0,19,12,20,0,19,0,19,24,37,304,98,106,75,26,40,33,39,31,51,99,76,9,16,38,56,0,19,0,19,0,19,0,19,38,56,0,19
2024,06037542103,Census Tract 5421.03,East Rancho Dominguez,Los Angeles County,California,EastRanchoDominguez,326,81,0,14,0,14,0,14,0,14,0,14,0,14,0,14,11,16,0,14,0,14,0,14,0,14,11,16,0,14,288,79,97,55,11,19,20,31,29,31,96,54,35,35,27,24,0,14,0,14,0,14,12,18,15,18,0,14
2024,06037542104,Census Tract 5421.04,East Rancho Dominguez,Los Angeles County,California,EastRanchoDominguez,437,116,0,14,0,14,0,14,0,14,0,14,0,14,0,14,57,37,0,14,11,16,9,14,0,14,23,23,14,23,348,113,0,14,29,32,108,96,41,43,137,60,33,30,32,29,11,17,13,19,0,14,0,14,8,12,0,14
2024,06037542105,Census Tract 5421.05,East Rancho Dominguez,Los Angeles County,California,EastRanchoDominguez,718,174,0,14,0,14,0,14,0,14,0,14,0,14,0,14,99,94,44,69,0,14,0,14,0,14,55,66,0,14,506,118,48,50,111,72,66,54,83,74,198,94,0,14,113,120,24,28,0,14,0,14,0,14,15,24,74,114
2024,06037542106,Census Tract 5421.06,East Rancho Dominguez,Los Angeles County,California,EastRanchoDominguez,490,115,12,21,0,14,0,14,0,14,0,14,12,21,0,14,25,31,0,14,0,14,7,12,0,14,18,29,0,14,311,106,41,39,41,29,86,92,16,26,90,59,37,39,142,59,0,14,0,14,47,38,0,14,80,47,15,25
2024,06037542200,Census Tract 5422,East Rancho Dominguez,Los Angeles County,California,EastRanchoDominguez,465,135,0,19,0,19,0,19,0,19,0,19,0,19,0,19,137,91,0,19,0,19,22,34,0,19,115,83,0,19,167,92,27,37,32,43,0,19,27,42,70,53,11,18,161,94,0,19,0,19,52,62,0,19,72,61,37,47
2024,06037431800,Census Tract 4318,East San Gabriel,Los Angeles County,California,EastSanGabriel,745,160,0,19,0,19,0,19,0,19,0,19,0,19,0,19,222,116,58,80,0,19,0,19,45,70,101,68,18,28,388,117,69,50,33,33,53,40,0,19,216,96,17,26,135,81,15,24,0,19,0,19,20,32,67,63,33,40
2024,06037480002,Census Tract 4800.02,East San Gabriel,Los Angeles County,California,EastSanGabriel,258,91,0,14,0,14,0,14,0,14,0,14,0,14,0,14,49,32,0,14,12,19,13,16,14,21,10,17,0,14,116,56,94,55,7,11,15,17,0,14,0,14,0,14,93,71,53,70,8,12,0,14,0,14,26,25,6,11
2024,06037480011,Census Tract 4800.11,East San Gabriel,Los Angeles County,California,EastSanGabriel,1039,189,79,63,0,19,28,43,0,19,0,19,51,50,0,19,278,125,62,76,25,23,34,44,20,23,137,91,0,19,528,132,76,53,82,97,89,76,38,30,225,98,18,21,154,131,23,22,0,19,0,19,0,19,131,130,0,19
2024,06037480012,Census Tract 4800.12,East San Gabriel,Los Angeles County,California,EastSanGabriel,840,151,31,50,0,14,0,14,0,14,0,14,0,14,31,50,164,82,30,32,89,77,9,14,25,30,11,19,0,14,525,147,20,27,50,61,119,95,43,56,251,94,42,42,120,66,35,31,0,14,0,14,0,14,75,54,10,15
2024,06037480102,Census Tract 4801.02,East San Gabriel,Los Angeles County,California,EastSanGabriel,470,154,9,14,0,14,0,14,0,14,0,14,9,14,0,14,122,64,35,36,21,27,50,53,0,14,0,14,16,26,260,128,82,62,17,20,0,14,0,14,95,51,66,105,79,50,6,11,0,14,35,35,10,16,28,25,0,14
2024,06037481102,Census Tract 4811.02,East San Gabriel,Los Angeles County,California,EastSanGabriel,1167,154,20,27,13,24,0,14,0,14,0,14,7,11,0,14,221,102,84,75,10,15,54,60,14,22,59,38,0,14,717,137,118,69,80,58,129,88,38,33,352,124,0,14,209,101,16,24,59,78,9,14,14,22,111,69,0,14
2024,06037481203,Census Tract 4812.03,East San Gabriel,Los Angeles County,California,EastSanGabriel,1011,200,27,44,0,19,0,19,0,19,0,19,27,44,0,19,212,127,102,88,12,18,0,19,50,66,48,77,0,19,583,179,72,60,135,102,43,44,94,89,239,147,0,19,189,115,0,19,16,26,0,19,0,19,118,90,55,54
2024,06037503701,Census Tract 5037.01,East Whittier,Los Angeles County,California,EastWhittier,666,153,0,19,0,19,0,19,0,19,0,19,0,19,0,19,123,87,0,19,0,19,60,58,0,19,63,64,0,19,458,147,141,90,9,16,34,53,10,15,264,126,0,19,85,48,18,20,0,19,13,16,18,15,36,36,0,19
2024,06037503702,Census Tract 5037.02,East Whittier,Los Angeles County,California,EastWhittier,561,147,0,14,0,14,0,14,0,14,0,14,0,14,0,14,105,72,38,44,29,36,9,14,0,14,29,47,0,14,414,163,89,115,86,65,136,102,22,23,76,54,5,8,42,32,0,14,22,26,0,14,8,13,9,13,3,5
2024,06037901210,Census Tract 9012.10,Elizabeth Lake,Los Angeles County,California,ElizabethLake,44,29,0,14,0,14,0,14,0,14,0,14,0,14,0,14,20,22,0,14,0,14,0,14,0,14,9,13,11,18,18,19,10,14,0,14,0,14,0,14,8,12,0,14,6,10,0,14,0,14,0,14,0,14,6,10,0,14
2024,06037901217,Census Tract 9012.17,Elizabeth Lake,Los Angeles County,California,ElizabethLake,26,34,0,14,0,14,0,14,0,14,0,14,0,14,0,14,0,14,0,14,0,14,0,14,0,14,0,14,0,14,4,6,4,6,0,14,0,14,0,14,0,14,0,14,22,34,22,34,0,14,0,14,0,14,0,14,0,14
2024,06037920102,Census Tract 9201.02,Elizabeth Lake,Los Angeles County,California,ElizabethLake,777,157,43,69,0,14,0,14,0,14,0,14,43,69,0,14,110,82,0,14,32,50,0,14,12,18,66,64,0,14,326,132,31,29,24,27,0,14,0,14,265,129,6,10,298,117,0,14,12,18,2,3,13,20,243,107,28,45
2024,06037431501,Census Tract 4315.01,El Monte,Los Angeles County,California,ElMonte,660,85,35,33,0,14,0,14,17,25,12,18,6,11,0,14,50,46,0,14,0,14,28,41,6,14,16,20,0,14,440,95,66,51,75,55,31,32,35,39,185,104,48,52,135,59,12,18,0,14,24,29,13,21,70,69,16,25
2024,06037431502,Census Tract 4315.02,El Monte,Los Angeles County,California,ElMonte,553,122,0,14,0,14,0,14,0,14,0,14,0,14,0,14,87,67,11,16,0,14,0,14,0,14,76,65,0,14,319,101,34,38,6,12,67,61,0,14,194,102,18,20,147,61,58,49,6,10,16,22,0,14,51,43,16,18
2024,06037432101,Census Tract 4321.01,El Monte,Los Angeles County,California,ElMonte,319,105,0,14,0,14,0,14,0,14,0,14,0,14,0,14,102,73,54,60,9,14,21,33,9,14,9,13,0,14,171,74,69,60,49,48,18,22,0,14,28,26,7,11,46,40,16,18,21,33,0,14,0,14,9,15,0,14
2024,06037432102,Census Tract 4321.02,El Monte,Los Angeles County,California,ElMonte,276,110,0,19,0,19,0,19,0,19,0,19,0,19,0,19,39,30,0,19,12,20,0,19,6,9,7,12,14,17,197,100,27,24,8,13,10,16,32,32,91,73,29,42,40,34,0,19,0,19,0,19,0,19,20,25,20,22
2024,06037432300,Census Tract 4323,El Monte,Los Angeles County,California,ElMonte,375,140,0,14,0,14,0,14,0,14,0,14,0,14,0,14,68,56,0,14,10,20,4,7,0,14,54,53,0,14,227,112,46,35,56,79,14,23,38,59,67,63,6,10,80,61,37,35,0,14,0,14,0,14,43,55,0,14
2024,06037432401,Census Tract 4324.01,El Monte,Los Angeles County,California,ElMonte,549,109,0,14,0,14,0,14,0,14,0,14,0,14,0,14,110,68,12,18,44,47,29,42,7,11,18,18,0,14,349,95,62,40,74,77,32,29,40,47,134,63,7,12,90,72,3,6,6,9,0,14,0,14,70,64,11,17
2024,06037432402,Census Tract 4324.02,El Monte,Los Angeles County,California,ElMonte,1009,132,28,35,0,19,0,19,6,9,22,33,0,19,0,19,141,77,0,19,5,10,33,53,0,19,103,67,0,19,653,136,98,64,114,76,52,45,10,14,379,117,0,19,187,73,8,13,15,17,55,53,0,19,98,56,11,19
2024,06037432501,Census Tract 4325.01,El Monte,Los Angeles County,California,ElMonte,601,147,5,8,5,8,0,14,0,14,0,14,0,14,0,14,18,29,0,14,18,29,0,14,0,14,0,14,0,14,452,128,127,105,42,50,82,71,0,14,159,90,42,58,126,56,33,36,0,14,52,46,9,15,32,31,0,14
2024,06037432502,Census Tract 4325.02,El Monte,Los Angeles County,California,ElMonte,294,113,0,14,0,14,0,14,0,14,0,14,0,14,0,14,35,33,0,14,14,22,6,10,0,14,15,23,0,14,193,98,50,43,48,54,42,66,18,27,35,28,0,14,66,43,0,14,0,14,14,26,15,24,9,14,28,28
2024,06037432601,Census Tract 4326.01,El Monte,Los Angeles County,California,ElMonte,1007,235,0,19,0,19,0,19,0,19,0,19,0,19,0,19,135,87,10,16,15,23,0,19,9,17,101,73,0,19,612,180,94,86,52,54,55,68,97,98,314,141,0,19,260,150,15,24,66,69,0,19,0,19,76,61,103,116
2024,06037432602,Census Tract 4326.02,El Monte,Los Angeles County,California,ElMonte,425,137,0,14,0,14,0,14,0,14,0,14,0,14,0,14,39,60,0,14,0,14,4,10,0,14,35,60,0,14,303,130,19,21,31,47,45,48,0,14,200,103,8,13,83,66,21,25,0,14,28,36,0,14,34,40,0,14
2024,06037432700,Census Tract 4327,El Monte,Los Angeles County,California,ElMonte,835,156,0,14,0,14,0,14,0,14,0,14,0,14,0,14,112,84,41,40,32,52,27,46,0,14,0,14,12,19,597,170,86,110,31,49,77,56,0,14,323,121,80,92,126,60,20,22,6,9,18,32,23,25,59,47,0,14
2024,06037432801,Census Tract 4328.01,El Monte,Los Angeles County,California,ElMonte,592,80,12,19,12,19,0,14,0,14,0,14,0,14,0,14,97,49,0,14,39,38,0,14,0,14,37,30,21,26,109,51,31,27,23,36,0,14,6,10,49,31,0,14,374,62,43,22,16,14,57,29,30,21,210,52,18,14
2024,06037432802,Census Tract 4328.02,El Monte,Los Angeles County,California,ElMonte,1275,211,131,109,36,45,12,21,0,19,12,18,71,90,0,19,346,114,49,46,43,54,10,18,76,64,138,65,30,36,704,199,135,156,103,80,133,71,19,29,289,116,25,41,94,52,22,28,0,19,9,15,34,42,29,33,0,19
2024,06037432902,Census Tract 4329.02,El Monte,Los Angeles County,California,ElMonte,249,51,0,14,0,14,0,14,0,14,0,14,0,14,0,14,44,29,0,14,15,19,0,14,6,10,23,23,0,14,156,62,40,32,20,22,0,14,9,13,81,52,6,8,49,35,25,24,0,14,3,5,0,14,21,19,0,14
2024,06037433103,Census Tract 4331.03,El Monte,Los Angeles County,California,ElMonte,1103,175,39,51,0,19,0,19,0,19,0,19,39,51,0,19,40,39,0,19,0,19,22,34,11,17,7,11,0,19,770,156,137,96,110,81,100,82,101,73,322,109,0,19,254,132,39,30,0,19,29,46,0,19,182,119,4,7
2024,06037433200,Census Tract 4332,El Monte,Los Angeles County,California,ElMonte,820,147,0,19,0,19,0,19,0,19,0,19,0,19,0,19,170,94,33,40,0,19,45,50,0,19,92,56,0,19,398,120,88,57,20,24,44,39,9,16,237,99,0,19,252,95,0,19,0,19,36,44,65,52,136,67,15,25
2024,06037433302,Census Tract 4333.02,El Monte,Los Angeles County,California,ElMonte,400,108,0,14,0,14,0,14,0,14,0,14,0,14,0,14,110,80,18,30,8,11,41,61,36,33,7,12,0,14,265,89,58,35,19,28,40,40,19,26,129,80,0,14,25,21,9,12,0,14,0,14,4,7,2,5,10,13
2024,06037433304,Census Tract 4333.04,El Monte,Los Angeles County,California,ElMonte,918,115,9,14,0,14,0,14,0,14,0,14,9,14,0,14,142,84,0,14,77,68,0,14,0,14,65,54,0,14,569,136,161,80,27,41,43,45,0,14,338,101,0,14,198,92,26,42,20,23,15,18,0,14,137,83,0,14
2024,06037433305,Census Tract 4333.05,El Monte,Los Angeles County,California,ElMonte,1081,151,148,113,43,50,0,14,0,14,0,14,90,101,15,25,242,92,52,51,62,54,28,32,20,30,80,61,0,14,426,127,76,64,56,59,67,71,48,58,179,111,0,14,265,115,18,26,36,57,38,48,101,86,59,49,13,21
2024,06037433306,Census Tract 4333.06,El Monte,Los Angeles County,California,ElMonte,384,82,6,10,0,14,0,14,0,14,0,14,6,10,0,14,56,44,32,37,0,14,0,14,0,14,24,26,0,14,297,90,83,48,33,29,41,34,4,6,102,49,34,49,25,17,0,14,6,11,7,10,6,9,6,9,0,14
2024,06037433307,Census Tract 4333.07,El Monte,Los Angeles County,California,ElMonte,436,83,43,52,0,14,9,14,0,14,0,14,34,50,0,14,63,57,1,10,14,23,0,14,0,14,48,54,0,14,257,86,48,44,32,35,45,47,25,40,107,52,0,14,73,42,13,18,10,17,7,12,0,14,8,12,35,33
2024,06037433402,Census Tract 4334.02,El Monte,Los Angeles County,California,ElMonte,960,105,0,14,0,14,0,14,0,14,0,14,0,14,0,14,214,104,32,36,44,52,0,14,0,14,138,99,0,14,669,153,158,96,108,77,9,15,65,68,329,128,0,14,77,46,44,57,17,28,0,14,3,6,13,21,0,14
2024,06037433403,Census Tract 4334.03,El Monte,Los Angeles County,California,ElMonte,897,106,33,38,0,14,12,19,0,14,21,33,0,14,0,14,235,89,6,18,24,35,25,42,0,14,180,91,0,14,528,114,125,74,43,47,50,52,0,14,310,124,0,14,101,66,28,33,0,14,8,16,2,4,54,55,9,16
2024,06037433505,Census Tract 4335.05,El Monte,Los Angeles County,California,ElMonte,722,122,31,46,0,14,31,46,0,14,0,14,0,14,0,14,112,96,24,35,0,14,63,87,0,14,25,27,0,14,518,133,74,66,122,75,51,52,36,34,196,92,39,52,61,55,4,9,0,14,0,14,0,14,57,53,0,14
2024,06037433901,Census Tract 4339.01,El Monte,Los Angeles County,California,ElMonte,1030,179,49,36,16,24,0,19,0,19,0,19,33,27,0,19,139,85,0,19,32,35,0,19,0,19,107,75,0,19,727,187,206,107,33,38,124,117,0,19,364,124,0,19,115,78,0,19,27,43,5,7,22,35,61,62,0,19
2024,06037433903,Census Tract 4339.03,El Monte,Los Angeles County,California,ElMonte,852,144,7,11,0,19,0,19,0,19,0,19,7,11,0,19,222,123,17,27,0,19,0,19,0,19,205,124,0,19,534,126,178,105,19,19,24,24,22,35,291,121,0,19,89,71,8,13,0,19,27,43,0,19,30,38,24,39
2024,06037434001,Census Tract 4340.01,El Monte,Los Angeles County,California,ElMonte,304,77,0,14,0,14,0,14,0,14,0,14,0,14,0,14,80,52,12,21,29,33,5,8,0,14,34,41,0,14,201,83,8,13,23,36,20,34,22,35,128,75,0,14,23,37,0,14,0,14,0,14,0,14,23,37,0,14
2024,06037434003,Census Tract 4340.03,El Monte,Los Angeles County,California,ElMonte,522,89,10,11,0,14,0,14,0,14,6,9,4,6,0,14,134,80,6,9,0,14,8,13,72,75,48,37,0,14,322,78,63,39,53,42,13,15,39,36,133,64,21,28,56,34,8,14,7,11,0,14,5,8,18,23,18,21
2024,06037620001,Census Tract 6200.01,El Segundo,Los Angeles County,California,ElSegundo,866,163,43,40,0,14,10,16,16,23,0,14,17,26,0,14,300,135,108,65,0,14,12,18,12,19,168,114,0,14,490,142,210,109,88,76,42,39,0,14,150,80,0,14,33,30,0,14,13,19,0,14,0,14,20,22,0,14
2024,06037620002,Census Tract 6200.02,El Segundo,Los Angeles County,California,ElSegundo,1031,183,7,12,0,14,0,14,0,14,0,14,7,12,0,14,355,121,85,56,96,84,13,15,78,76,72,58,11,19,429,130,131,66,78,65,24,38,39,56,135,67,22,32,240,102,0,14,17,21,50,51,46,54,107,67,20,30
2024,06037620101,Census Tract 6201.01,El Segundo,Los Angeles County,California,ElSegundo,1005,314,0,19,0,19,0,19,0,19,0,19,0,19,0,19,168,104,79,72,0,19,59,65,30,45,0,19,0,19,521,208,211,159,150,132,34,41,17,27,109,81,0,19,316,223,23,38,0,19,118,189,109,133,66,64,0,19
2024,06037620102,Census Tract 6201.02,El Segundo,Los Angeles County,California,ElSegundo,1373,300,70,64,13,19,31,49,0,14,0,14,4,6,22,35,533,222,255,202,159,70,75,70,0,14,35,45,9,14,684,207,198,160,89,69,155,105,10,17,196,94,36,41,86,54,20,22,0,14,0,14,0,14,52,51,14,16
2024,06037980013,Census Tract 9800.13,El Segundo,Los Angeles County,California,ElSegundo,0,14,0,14,0,14,0,14,0,14,0,14,0,14,0,14,0,14,0,14,0,14,0,14,0,14,0,14,0,14,0,14,0,14,0,14,0,14,0,14,0,14,0,14,0,14,0,14,0,14,0,14,0,14,0,14,0,14
2024,06037980030,Census Tract 9800.30,El Segundo,Los Angeles County,California,ElSegundo,0,14,0,14,0,14,0,14,0,14,0,14,0,14,0,14,0,14,0,14,0,14,0,14,0,14,0,14,0,14,0,14,0,14,0,14,0,14,0,14,0,14,0,14,0,14,0,14,0,14,0,14,0,14,0,14,0,14
2024,06037990200,Census Tract 9902,El Segundo,Los Angeles County,California,ElSegundo,0,14,0,14,0,14,0,14,0,14,0,14,0,14,0,14,0,14,0,14,0,14,0,14,0,14,0,14,0,14,0,14,0,14,0,14,0,14,0,14,0,14,0,14,0,14,0,14,0,14,0,14,0,14,0,14,0,14
2024,06037532700,Census Tract 5327,Florence-Graham,Los Angeles County,California,Florence-Graham,424,83,13,18,0,14,13,18,0,14,0,14,0,14,0,14,26,31,21,30,5,8,0,14,0,14,0,14,0,14,308,77,52,39,53,40,31,43,34,35,138,72,0,14,77,56,21,27,14,24,0,14,42,48,0,14,0,14
2024,06037532800,Census Tract 5328,Florence-Graham,Los Angeles County,California,Florence-Graham,706,93,0,14,0,14,0,14,0,14,0,14,0,14,0,14,166,78,47,39,19,35,0,14,0,14,100,65,0,14,526,99,83,55,65,57,81,61,31,35,255,92,11,19,14,19,9,16,0,14,0,14,0,14,5,10,0,14
2024,06037532900,Census Tract 5329,Florence-Graham,Los Angeles County,California,Florence-Graham,1310,185,71,65,0,19,0,19,0,19,0,19,71,65,0,19,223,103,0,19,12,19,13,23,36,50,162,84,0,19,874,203,113,88,169,138,82,76,79,77,431,173,0,19,142,81,21,24,0,19,0,19,18,24,95,70,8,14
2024,06037533001,Census Tract 5330.01,Florence-Graham,Los Angeles County,California,Florence-Graham,696,105,0,14,0,14,0,14,0,14,0,14,0,14,0,14,188,86,73,58,49,45,0,14,7,14,50,51,9,14,435,96,105,60,43,37,19,31,74,49,184,89,10,18,73,77,10,18,37,62,0,14,0,14,26,43,0,14
2024,06037533002,Census Tract 5330.02,Florence-Graham,Los Angeles County,California,Florence-Graham,328,112,0,14,0,14,0,14,0,14,0,14,0,14,0,14,38,38,0,14,19,30,0,14,0,14,19,26,0,14,215,76,67,42,22,28,10,15,34,27,82,52,0,14,75,52,0,14,0,14,50,43,0,14,25,25,0,14
2024,06037534900,Census Tract 5349,Florence-Graham,Los Angeles County,California,Florence-Graham,1002,135,0,19,0,19,0,19,0,19,0,19,0,19,0,19,84,68,29,34,10,16,0,19,0,19,45,50,0,19,759,148,148,83,153,94,41,33,20,31,333,119,64,53,159,82,40,37,9,15,0,19,0,19,110,75,0,19
2024,06037535001,Census Tract 5350.01,Florence-Graham,Los Angeles County,California,Florence-Graham,618,92,26,39,0,14,26,39,0,14,0,14,0,14,0,14,71,53,13,13,0,14,16,27,14,22,28,31,0,14,482,103,39,47,71,81,30,46,81,71,261,113,0,14,39,36,0,14,0,14,0,14,17,27,22,24,0,14
2024,06037535002,Census Tract 5350.02,Florence-Graham,Los Angeles County,California,Florence-Graham,599,93,18,20,12,18,0,14,6,9,0,14,0,14,0,14,111,65,0,14,24,30,17,28,14,16,56,53,0,14,413,94,35,38,64,59,35,34,41,46,207,72,31,32,57,33,8,12,25,26,0,14,7,10,11,14,6,9
2024,06037535101,Census Tract 5351.01,Florence-Graham,Los Angeles County,California,Florence-Graham,1181,328,30,37,10,16,0,19,20,34,0,19,0,19,0,19,87,71,0,19,27,43,0,19,0,19,60,54,0,19,986,320,51,33,200,110,183,257,38,41,432,135,82,112,78,66,23,37,23,35,19,31,0,19,13,20,0,19
2024,06037535102,Census Tract 5351.02,Florence-Graham,Los Angeles County,California,Florence-Graham,688,172,65,56,0,14,0,14,0,14,20,32,22,30,23,36,209,111,35,57,0,14,51,57,8,14,115,89,0,14,358,136,37,41,0,14,12,19,8,15,301,143,0,14,56,46,0,14,26,34,0,14,0,14,20,31,10,16
2024,06037535200,Census Tract 5352,Florence-Graham,Los Angeles County,California,Florence-Graham,602,106,0,19,0,19,0,19,0,19,0,19,0,19,0,19,100,60,54,56,18,27,16,27,12,20,0,19,0,19,447,123,14,24,41,47,18,29,66,54,298,107,10,17,55,62,0,19,0,19,0,19,0,19,55,62,0,19
2024,06037535300,Census Tract 5353,Florence-Graham,Los Angeles County,California,Florence-Graham,661,134,10,15,0,19,0,19,0,19,0,19,10,15,0,19,69,63,13,21,28,44,0,19,28,43,0,19,0,19,499,126,99,60,0,19,96,76,74,71,205,96,25,27,83,58,0,19,0,19,0,19,9,15,74,57,0,19
2024,06037535400,Census Tract 5354,Florence-Graham,Los Angeles County,California,Florence-Graham,384,69,13,21,13,21,0,14,0,14,0,14,0,14,0,14,33,29,0,14,0,14,0,14,0,14,33,29,0,14,305,74,15,18,42,44,31,30,36,32,161,56,20,27,33,29,6,9,0,14,0,14,11,16,16,24,0,14
2024,06037602601,Census Tract 6026.01,Gardena,Los Angeles County,California,Gardena,593,140,0,14,0,14,0,14,0,14,0,14,0,14,0,14,32,38,8,14,0,14,0,14,0,14,24,36,0,14,527,149,95,102,0,14,11,16,90,65,331,123,0,14,34,31,0,14,0,14,13,19,0,14,12,21,9,14
2024,06037602602,Census Tract 6026.02,Gardena,Los Angeles County,California,Gardena,545,151,0,14,0,14,0,14,0,14,0,14,0,14,0,14,87,95,18,27,0,14,0,14,0,14,69,89,0,14,357,120,26,43,4,7,22,36,20,27,256,126,29,39,101,79,0,14,0,14,0,14,11,20,66,77,24,36
2024,06037602900,Census Tract 6029,Gardena,Los Angeles County,California,Gardena,649,224,0,14,0,14,0,14,0,14,0,14,0,14,0,14,199,193,157,209,30,46,0,14,0,14,12,21,0,14,344,130,130,85,0,14,107,109,32,48,42,56,33,41,106,77,74,68,8,13,24,41,0,14,0,14,0,14
2024,06037603004,Census Tract 6030.04,Gardena,Los Angeles County,California,Gardena,528,61,35,35,15,20,0,14,0,14,0,14,20,26,0,14,114,55,40,29,13,14,32,35,10,15,19,26,0,14,315,81,77,37,22,28,23,30,0,14,188,71,5,8,64,34,5,8,12,14,0,14,0,14,47,32,0,14
2024,06037603005,Census Tract 6030.05,Gardena,Los Angeles County,California,Gardena,1310,244,43,53,0,19,0,19,0,19,0,19,43,53,0,19,239,151,72,120,23,35,32,50,0,19,112,92,0,19,931,176,214,101,107,86,21,24,101,78,473,146,15,23,97,55,0,19,0,19,11,17,0,19,76,54,10,17
2024,06037603006,Census Tract 6030.06,Gardena,Los Angeles County,California,Gardena,504,74,11,18,0,14,0,14,0,14,0,14,11,18,0,14,118,71,12,13,27,27,56,59,8,12,11,12,4,8,277,84,95,50,17,14,33,36,10,11,122,73,0,14,98,52,5,8,0,14,26,40,23,30,27,21,17,27
2024,06037603007,Census Tract 6030.07,Gardena,Los Angeles County,California,Gardena,684,146,0,14,0,14,0,14,0,14,0,14,0,14,0,14,228,117,0,14,0,14,0,14,27,43,179,110,22,36,402,144,7,13,49,38,11,17,145,109,138,90,52,57,54,42,0,14,0,14,0,14,0,14,37,34,17,23
2024,06037603008,Census Tract 6030.08,Gardena,Los Angeles County,California,Gardena,644,279,18,29,0,14,0,14,18,29,0,14,0,14,0,14,108,93,0,14,48,76,0,14,0,14,60,53,0,14,428,295,74,61,72,64,172,271,25,37,85,72,0,14,90,63,8,13,0,14,46,52,0,14,26,36,10,16
2024,06037603101,Census Tract 6031.01,Gardena,Los Angeles County,California,Gardena,1091,192,50,50,0,14,0,14,0,14,0,14,50,50,0,14,215,95,10,17,44,46,11,16,6,10,144,89,0,14,604,148,140,89,137,79,88,58,44,54,195,105,0,14,222,148,24,38,0,14,0,14,0,14,169,129,29,46
2024,06037603102,Census Tract 6031.02,Gardena,Los Angeles County,California,Gardena,894,153,0,14,0,14,0,14,0,14,0,14,0,14,0,14,159,80,19,21,43,48,0,14,0,14,97,73,0,14,560,164,134,120,37,42,8,12,44,40,320,115,17,28,175,70,35,32,13,20,18,17,59,50,45,35,5,8
2024,06037603200,Census Tract 6032,Gardena,Los Angeles County,California,Gardena,435,117,22,31,0,14,0,14,0,14,0,14,22,31,0,14,113,101,65,70,0,14,0,14,0,14,42,60,6,11,165,85,37,44,0,14,7,11,17,25,104,75,0,14,135,66,0,14,0,14,38,38,15,23,68,57,14,16
2024,06037603301,Census Tract 6033.01,Gardena,Los Angeles County,California,Gardena,1015,124,49,43,0,14,0,14,22,36,0,14,27,24,0,14,214,92,84,57,25,28,40,58,24,27,41,34,0,14,466,117,135,68,24,27,67,44,11,17,200,77,29,45,286,113,75,69,0,14,61,74,0,14,139,75,11,17
2024,06037603302,Census Tract 6033.02,Gardena,Los Angeles County,California,Gardena,657,120,10,12,5,10,5,8,0,14,0,14,0,14,0,14,73,56,17,22,30,43,13,22,8,12,5,11,0,14,435,135,127,82,51,61,46,36,0,14,211,106,0,14,139,48,49,40,9,15,30,27,20,33,14,14,17,19
2024,06037603400,Census Tract 6034,Gardena,Los Angeles County,California,Gardena,559,122,4,9,0,14,0,14,0,14,0,14,4,9,0,14,169,74,26,29,27,37,38,43,20,33,41,53,17,21,332,107,48,46,104,68,35,46,31,36,75,55,39,47,54,33,29,28,8,13,0,14,8,12,0,14,9,13
2024,06037603500,Census Tract 6035,Gardena,Los Angeles County,California,Gardena,289,81,12,17,0,14,0,14,0,14,0,14,12,17,0,14,36,32,20,30,7,11,0,14,0,14,5,8,4,6,224,77,23,24,15,21,27,27,10,15,149,74,0,14,17,18,0,14,8,13,0,14,0,14,2,5,7,11
2024,06037603600,Census Tract 6036,Gardena,Los Angeles County,California,Gardena,256,99,20,22,0,14,0,14,0,14,10,16,10,15,0,14,52,39,15,24,13,20,0,14,0,14,24,25,0,14,153,88,47,52,13,20,0,14,34,53,59,64,0,14,31,28,0,14,0,14,0,14,0,14,19,22,12,18
2024,06037300301,Census Tract 3003.01,Glendale,Los Angeles County,California,Glendale,307,105,0,19,0,19,0,19,0,19,0,19,0,19,0,19,43,49,26,41,0,19,0,19,0,19,17,29,0,19,249,118,112,96,0,19,0,19,0,19,109,62,28,46,15,26,0,19,0,19,0,19,0,19,15,26,0,19
2024,06037300400,Census Tract 3004,Glendale,Los Angeles County,California,Glendale,369,136,0,19,0,19,0,19,0,19,0,19,0,19,0,19,58,56,16,26,0,19,0,19,0,19,42,50,0,19,204,97,65,55,14,22,30,44,0,19,86,73,9,13,107,80,16,25,70,68,0,19,7,12,14,24,0,19
2024,06037300601,Census Tract 3006.01,Glendale,Los Angeles County,California,Glendale,1200,148,23,39,0,19,0,19,0,19,0,19,23,39,0,19,167,90,95,71,20,23,5,10,20,23,27,30,0,19,864,166,129,76,57,39,119,70,47,55,472,156,40,46,146,83,27,32,3,7,0,19,0,19,116,77,0,19
2024,06037300602,Census Tract 3006.02,Glendale,Los Angeles County,California,Glendale,512,113,0,14,0,14,0,14,0,14,0,14,0,14,0,14,35,35,23,29,0,14,0,14,0,14,12,18,0,14,175,65,21,25,0,14,15,25,0,14,110,61,29,29,302,93,51,38,0,14,42,56,8,14,124,80,77,56
2024,06037300701,Census Tract 3007.01,Glendale,Los Angeles County,California,Glendale,348,161,0,19,0,19,0,19,0,19,0,19,0,19,0,19,7,13,0,19,0,19,0,19,0,19,7,13,0,19,295,156,78,80,24,40,10,17,0,19,183,153,0,19,46,47,0,19,0,19,0,19,0,19,34,43,12,20
2024,06037300702,Census Tract 3007.02,Glendale,Los Angeles County,California,Glendale,380,201,0,19,0,19,0,19,0,19,0,19,0,19,0,19,49,61,0,19,0,19,0,19,0,19,49,61,0,19,221,166,0,19,0,19,59,78,0,19,122,114,40,63,110,84,0,19,0,19,0,19,0,19,25,28,85,80
2024,06037300800,Census Tract 3008,Glendale,Los Angeles County,California,Glendale,1444,426,15,23,0,19,0,19,0,19,0,19,15,23,0,19,222,134,0,19,71,61,46,51,14,22,91,98,0,19,1107,443,98,90,179,170,130,102,243,355,439,192,18,29,100,63,0,19,0,19,45,36,12,21,25,29,18,28
2024,06037300901,Census Tract 3009.01,Glendale,Los Angeles County,California,Glendale,187,92,0,19,0,19,0,19,0,19,0,19,0,19,0,19,0,19,0,19,0,19,0,19,0,19,0,19,0,19,174,88,0,19,12,18,18,29,0,19,112,78,32,54,13,20,0,19,0,19,0,19,0,19,13,20,0,19
2024,06037300902,Census Tract 3009.02,Glendale,Los Angeles County,California,Glendale,102,54,1,5,0,14,0,14,0,14,0,14,1,5,0,14,2,8,0,14,2,8,0,14,0,14,0,14,0,14,48,38,3,5,0,14,0,14,29,30,16,25,0,14,51,42,0,14,0,14,0,14,0,14,16,25,35,36
2024,06037301000,Census Tract 3010,Glendale,Los Angeles County,California,Glendale,1021,179,16,21,0,19,0,19,8,16,0,19,8,14,0,19,342,141,156,133,0,19,6,10,112,118,68,75,0,19,545,178,110,83,6,11,65,49,66,74,219,140,79,81,118,74,32,37,0,19,0,19,7,12,65,55,14,25
2024,06037301100,Census Tract 3011,Glendale,Los Angeles County,California,Glendale,1675,295,75,83,0,19,0,19,0,19,33,54,42,66,0,19,289,170,13,22,14,28,102,103,40,66,120,106,0,19,768,272,171,106,42,50,28,37,112,142,415,212,0,19,543,238,36,58,33,44,53,60,0,19,400,217,21,36
2024,06037301203,Census Tract 3012.03,Glendale,Los Angeles County,California,Glendale,1012,164,0,14,0,14,0,14,0,14,0,14,0,14,0,14,251,112,97,79,29,45,25,37,54,58,38,32,8,14,475,119,66,35,72,49,38,50,31,37,250,107,18,21,286,108,44,49,15,26,0,14,16,19,170,98,41,53
2024,06037301204,Census Tract 3012.04,Glendale,Los Angeles County,California,Glendale,1796,189,11,19,0,14,0,14,0,14,0,14,11,19,0,14,537,186,102,87,85,75,63,70,25,41,262,128,0,14,898,183,235,146,120,78,12,21,46,42,470,200,15,24,350,118,60,85,0,14,42,52,0,14,248,115,0,14
2024,06037301205,Census Tract 3012.05,Glendale,Los Angeles County,California,Glendale,214,85,2,11,0,14,0,14,0,14,0,14,2,11,0,14,27,27,0,14,5,9,0,14,0,14,22,26,0,14,145,73,9,10,0,14,0,14,0,14,136,73,0,14,40,33,1,3,1,3,0,14,0,14,38,33,0,14
2024,06037301206,Census Tract 3012.06,Glendale,Los Angeles County,California,Glendale,1340,243,0,14,0,14,0,14,0,14,0,14,0,14,0,14,126,69,32,29,7,12,33,40,32,41,22,25,0,14,872,197,242,167,70,69,86,62,9,15,410,119,55,47,342,165,18,19,23,22,7,11,7,11,287,160,0,14
2024,06037301300,Census Tract 3013,Glendale,Los Angeles County,California,Glendale,12,12,0,14,0,14,0,14,0,14,0,14,0,14,0,14,0,14,0,14,0,14,0,14,0,14,0,14,0,14,2,4,0,14,0,14,0,14,0,14,0,14,2,4,10,10,4,6,0,14,0,14,3,4,0,14,3,8
2024,06037301400,Census Tract 3014,Glendale,Los Angeles County,California,Glendale,155,69,21,31,0,14,0,14,0,14,0,14,0,14,21,31,7,11,7,11,0,14,0,14,0,14,0,14,0,14,118,64,22,19,8,12,0,14,6,9,66,54,16,20,9,15,9,15,0,14,0,14,0,14,0,14,0,14
2024,06037301501,Census Tract 3015.01,Glendale,Los Angeles County,California,Glendale,85,38,0,14,0,14,0,14,0,14,0,14,0,14,0,14,19,19,5,8,14,17,0,14,0,14,0,14,0,14,33,26,5,8,0,14,0,14,0,14,28,25,0,14,33,30,14,23,12,13,0,14,0,14,7,11,0,14
2024,06037301502,Census Tract 3015.02,Glendale,Los Angeles County,California,Glendale,2149,237,134,142,15,24,0,19,0,19,0,19,119,141,0,19,381,141,28,33,64,69,0,19,36,42,253,135,0,19,1265,231,338,154,134,75,108,87,120,121,552,206,13,20,369,137,0,19,38,37,0,19,20,39,311,129,0,19
2024,06037301601,Census Tract 3016.01,Glendale,Los Angeles County,California,Glendale,1914,249,14,22,0,19,0,19,0,19,0,19,14,22,0,19,400,188,231,157,0,19,77,85,43,67,49,66,0,19,1027,195,193,123,100,75,183,116,35,42,507,182,9,16,473,202,59,79,0,19,14,23,0,19,387,183,13,22
2024,06037301602,Census Tract 3016.02,Glendale,Los Angeles County,California,Glendale,1017,163,30,32,0,14,18,30,0,14,12,15,0,14,0,14,191,88,40,30,37,47,49,50,9,14,56,46,0,14,633,145,175,61,54,37,30,23,54,49,320,146,0,14,163,66,0,14,0,14,17,19,16,19,130,71,0,14
2024,06037301701,Census Tract 3017.01,Glendale,Los Angeles County,California,Glendale,572,128,3,6,0,14,0,14,0,14,0,14,3,6,0,14,91,76,0,14,9,17,0,14,0,14,82,76,0,14,359,102,179,81,0,14,33,44,47,40,100,63,0,14,119,61,5,7,25,32,0,14,0,14,30,28,59,51
2024,06037301702,Census Tract 3017.02,Glendale,Los Angeles County,California,Glendale,1576,229,37,57,0,19,0,19,0,19,0,19,37,57,0,19,364,152,29,34,62,73,5,16,43,44,225,125,0,19,886,237,189,129,59,59,85,84,36,58,450,203,67,74,289,139,117,87,0,19,50,53,11,24,111,89,0,19
2024,06037301801,Census Tract 3018.01,Glendale,Los Angeles County,California,Glendale,2220,163,28,37,0,19,25,37,0,19,0,19,3,5,0,19,822,210,108,84,51,80,122,98,118,108,343,140,80,69,1029,220,168,111,98,97,6,10,154,107,567,178,36,44,341,90,5,12,11,13,44,44,0,19,270,84,11,17
2024,06037301802,Census Tract 3018.02,Glendale,Los Angeles County,California,Glendale,2269,169,90,86,0,19,0,19,0,19,0,19,90,86,0,19,767,206,152,107,87,59,182,130,79,96,241,117,26,38,973,202,318,177,86,80,29,33,110,72,430,149,0,19,439,157,12,27,14,23,73,81,7,12,247,102,86,96
2024,06037301901,Census Tract 3019.01,Glendale,Los Angeles County,California,Glendale,1052,194,0,14,0,14,0,14,0,14,0,14,0,14,0,14,157,92,83,77,30,33,0,14,0,14,32,35,12,21,582,168,163,100,57,69,89,90,0,14,251,101,22,27,313,121,29,36,63,82,14,21,12,20,193,111,2,3
2024,06037301902,Census Tract 3019.02,Glendale,Los Angeles County,California,Glendale,717,188,18,21,0,14,9,14,9,14,0,14,0,14,0,14,151,73,74,61,0,14,7,12,22,25,10,17,38,42,458,182,50,42,78,74,49,40,118,149,163,104,0,14,90,59,0,14,0,14,8,15,0,14,82,59,0,14
2024,06037302002,Census Tract 3020.02,Glendale,Los Angeles County,California,Glendale,1454,267,6,11,0,14,0,14,0,14,0,14,6,11,0,14,450,178,51,51,24,24,0,14,20,22,310,172,45,56,779,238,149,94,44,56,60,56,44,33,339,151,143,153,219,94,11,18,0,14,7,10,7,11,194,96,0,14
2024,06037302003,Census Tract 3020.03,Glendale,Los Angeles County,California,Glendale,1294,236,14,16,0,14,0,14,0,14,0,14,14,16,0,14,212,125,16,19,13,14,0,14,6,10,85,48,92,112,814,234,103,62,80,56,131,98,31,36,313,115,156,180,254,84,5,9,0,14,0,14,23,28,209,86,17,24
2024,06037302004,Census Tract 3020.04,Glendale,Los Angeles County,California,Glendale,1282,191,41,42,0,14,0,14,0,14,13,25,28,33,0,14,237,95,32,33,23,36,0,14,12,20,150,75,20,33,611,167,134,90,62,70,52,50,71,58,240,97,52,52,393,148,86,117,8,15,22,28,19,32,258,88,0,14
2024,06037302102,Census Tract 3021.02,Glendale,Los Angeles County,California,Glendale,1530,219,62,62,0,19,0,19,0,19,0,19,62,62,0,19,359,142,138,108,89,75,40,46,45,52,47,53,0,19,773,214,184,120,45,72,49,39,103,102,276,154,116,102,336,102,35,32,13,23,11,18,0,19,134,85,143,73
2024,06037302103,Census Tract 3021.03,Glendale,Los Angeles County,California,Glendale,1622,243,79,79,0,19,19,33,37,60,0,19,23,39,0,19,166,97,29,34,5,7,52,71,17,27,42,47,21,35,773,200,203,119,106,86,35,38,45,61,318,155,66,62,604,176,42,49,12,22,43,67,0,19,491,156,16,26
2024,06037302104,Census Tract 3021.04,Glendale,Los Angeles County,California,Glendale,1106,139,49,42,0,14,0,14,0,14,0,14,49,42,0,14,232,108,11,18,106,94,28,26,20,22,53,48,14,24,698,154,109,52,53,44,97,66,51,55,379,143,9,15,127,60,6,10,12,17,39,40,0,14,70,48,0,14
2024,06037302201,Census Tract 3022.01,Glendale,Los Angeles County,California,Glendale,1630,150,36,48,0,14,0,14,0,14,0,14,36,48,0,14,403,89,87,65,77,44,0,14,0,14,239,76,0,14,530,130,81,58,12,18,68,44,55,50,278,100,36,40,661,116,37,42,15,16,145,93,106,57,351,83,7,11
2024,06037302202,Census Tract 3022.02,Glendale,Los Angeles County,California,Glendale,1729,186,50,38,0,14,0,14,0,14,25,25,25,29,0,14,354,126,9,14,44,49,22,26,40,38,182,95,57,48,917,182,151,76,124,59,108,55,21,19,447,166,66,60,408,103,51,50,27,37,44,44,11,18,249,106,26,30
2024,06037302301,Census Tract 3023.01,Glendale,Los Angeles County,California,Glendale,1135,159,85,68,0,14,0,14,0,14,0,14,15,16,70,67,267,118,63,55,35,29,0,14,43,55,114,90,12,17,584,160,74,49,94,77,67,57,55,59,245,113,49,40,199,81,32,36,0,14,15,21,5,9,143,77,4,8
2024,06037302302,Census Tract 3023.02,Glendale,Los Angeles County,California,Glendale,1737,193,26,30,0,19,12,22,14,22,0,19,0,19,0,19,377,131,85,53,25,27,21,36,57,57,189,103,0,19,815,193,84,61,112,75,109,79,55,49,430,173,25,28,519,153,9,15,0,19,52,54,27,43,346,134,85,94
2024,06037302401,Census Tract 3024.01,Glendale,Los Angeles County,California,Glendale,2626,293,119,98,0,19,0,19,0,19,0,19,65,80,54,62,686,326,237,248,14,22,78,62,65,51,273,178,19,31,1453,277,220,139,172,115,130,99,218,144,713,257,0,19,368,159,0,19,0,19,51,84,21,35,216,107,80,94
2024,06037302503,Census Tract 3025.03,Glendale,Los Angeles County,California,Glendale,1161,168,6,10,6,10,0,14,0,14,0,14,0,14,0,14,310,133,109,109,56,54,8,16,13,21,122,64,2,5,597,122,131,72,49,34,31,31,76,68,310,102,0,14,248,123,0,14,0,14,27,40,0,14,204,113,17,20
2024,06037302504,Census Tract 3025.04,Glendale,Los Angeles County,California,Glendale,1178,118,53,46,0,14,0,14,8,13,22,32,23,35,0,14,249,93,42,38,33,47,71,56,17,18,86,50,0,14,568,143,53,42,67,59,21,25,0,14,411,136,16,25,308,82,47,55,0,14,7,13,12,16,208,68,34,36
2024,06037302505,Census Tract 3025.05,Glendale,Los Angeles County,California,Glendale,1228,171,47,48,0,14,0,14,17,25,9,15,21,36,0,14,216,86,16,17,43,52,0,14,48,48,109,60,0,14,705,186,195,137,90,51,89,68,29,31,289,97,13,19,260,100,0,14,0,14,0,14,42,66,218,75,0,14
2024,06037302506,Census Tract 3025.06,Glendale,Los Angeles County,California,Glendale,691,111,0,14,0,14,0,14,0,14,0,14,0,14,0,14,136,67,0,14,0,14,46,40,36,30,54,38,0,14,302,89,57,53,7,11,0,14,46,51,176,76,16,23,253,98,46,41,1,3,30,35,8,12,168,85,0,14
2024,06037400402,Census Tract 4004.02,Glendora,Los Angeles County,California,Glendora,466,204,0,14,0,14,0,14,0,14,0,14,0,14,0,14,18,23,0,14,0,14,0,14,0,14,18,23,0,14,390,204,64,72,140,158,12,19,27,41,147,82,0,14,58,48,8,13,8,12,0,14,0,14,42,45,0,14
2024,06037400404,Census Tract 4004.04,Glendora,Los Angeles County,California,Glendora,104,80,0,14,0,14,0,14,0,14,0,14,0,14,0,14,67,74,48,67,16,26,0,14,0,14,0,14,3,6,37,31,19,25,12,19,0,14,0,14,0,14,6,9,0,14,0,14,0,14,0,14,0,14,0,14,0,14
2024,06037400501,Census Tract 4005.01,Glendora,Los Angeles County,California,Glendora,53,28,0,14,0,14,0,14,0,14,0,14,0,14,0,14,22,18,9,10,0,14,7,12,0,14,0,14,6,9,8,11,3,7,0,14,5,9,0,14,0,14,0,14,23,21,0,14,0,14,0,14,13,19,0,14,10,10
2024,06037400801,Census Tract 4008.01,Glendora,Los Angeles County,California,Glendora,542,140,0,19,0,19,0,19,0,19,0,19,0,19,0,19,183,132,0,19,122,124,13,20,3,5,45,46,0,19,315,125,54,59,43,41,0,19,41,57,150,98,27,32,44,49,0,19,0,19,0,19,14,22,6,12,24,43
2024,06037401001,Census Tract 4010.01,Glendora,Los Angeles County,California,Glendora,121,63,0,14,0,14,0,14,0,14,0,14,0,14,0,14,30,34,0,14,0,14,6,10,0,14,24,32,0,14,68,54,0,14,0,14,21,30,14,24,33,42,0,14,23,32,0,14,0,14,0,14,0,14,23,32,0,14
2024,06037401002,Census Tract 4010.02,Glendora,Los Angeles County,California,Glendora,858,165,35,43,0,14,0,14,0,14,0,14,35,43,0,14,167,86,16,18,47,52,7,11,49,51,48,42,0,14,508,148,66,40,56,42,88,66,56,49,242,136,0,14,148,63,7,10,14,17,44,45,24,22,49,32,10,15
2024,06037401101,Census Tract 4011.01,Glendora,Los Angeles County,California,Glendora,968,213,11,21,11,21,0,19,0,19,0,19,0,19,0,19,115,77,15,24,0,19,12,21,27,35,61,70,0,19,721,199,49,42,73,71,175,160,61,57,350,128,13,20,121,92,13,21,0,19,0,19,29,35,79,84,0,19
2024,06037401102,Census Tract 4011.02,Glendora,Los Angeles County,California,Glendora,819,168,24,38,0,14,0,14,0,14,0,14,24,38,0,14,288,159,125,131,35,58,78,75,0,14,50,51,0,14,411,93,131,67,44,42,17,21,37,44,182,76,0,14,96,53,15,18,0,14,20,23,7,13,54,37,0,14
2024,06037401201,Census Tract 4012.01,Glendora,Los Angeles County,California,Glendora,163,56,0,14,0,14,0,14,0,14,0,14,0,14,0,14,11,17,11,17,0,14,0,14,0,14,0,14,0,14,136,56,14,22,53,56,41,37,17,22,11,18,0,14,16,19,6,12,0,14,0,14,0,14,10,15,0,14
2024,06037401202,Census Tract 4012.02,Glendora,Los Angeles County,California,Glendora,223,117,0,14,0,14,0,14,0,14,0,14,0,14,0,14,25,40,25,40,0,14,0,14,0,14,0,14,0,14,117,88,28,29,16,18,0,14,8,13,65,82,0,14,81,70,0,14,31,50,0,14,26,42,16,18,8,13
2024,06037401203,Census Tract 4012.03,Glendora,Los Angeles County,California,Glendora,429,111,0,14,0,14,0,14,0,14,0,14,0,14,0,14,88,59,5,8,11,13,0,14,29,40,43,44,0,14,290,109,50,59,11,17,21,35,17,20,185,98,6,10,51,56,0,14,0,14,0,14,0,14,51,56,0,14
2024,06037401311,Census Tract 4013.11,Glendora,Los Angeles County,California,Glendora,911,217,11,18,0,19,0,19,11,18,0,19,0,19,0,19,394,211,56,76,29,35,54,87,0,19,210,144,45,73,341,159,53,51,153,105,16,23,6,12,65,62,48,71,165,83,23,25,0,19,17,27,0,19,114,85,11,18
2024,06037403901,Census Tract 4039.01,Glendora,Los Angeles County,California,Glendora,275,76,0,14,0,14,0,14,0,14,0,14,0,14,0,14,31,33,29,33,0,14,0,14,0,14,2,4,0,14,194,60,47,40,0,14,57,45,66,52,18,19,6,12,50,43,8,12,0,14,0,14,0,14,42,42,0,14
2024,06037403902,Census Tract 4039.02,Glendora,Los Angeles County,California,Glendora,485,164,40,45,0,19,5,8,0,19,0,19,1,14,34,41,179,114,0,19,22,33,101,97,11,21,45,52,0,19,230,141,9,15,17,20,1,10,39,49,164,126,0,19,36,33,6,10,0,19,8,13,0,19,6,11,16,25
2024,06037404000,Census Tract 4040,Glendora,Los Angeles County,California,Glendora,517,86,7,10,0,14,0,14,0,14,0,14,7,10,0,14,144,65,22,25,60,53,37,34,17,21,8,12,0,14,334,94,29,27,70,56,63,47,58,50,114,71,0,14,32,28,0,14,1,2,0,14,9,16,22,25,0,14
2024,06037920050,Census Tract 9200.50,Green Valley (Los Angeles County),Los Angeles County,California,GreenValley(LosAngelesCounty),118,69,0,14,0,14,0,14,0,14,0,14,0,14,0,14,4,6,4,6,0,14,0,14,0,14,0,14,0,14,114,69,6,10,32,36,0,14,0,14,72,59,4,6,0,14,0,14,0,14,0,14,0,14,0,14,0,14
2024,06037920102,Census Tract 9201.02,Green Valley (Los Angeles County),Los Angeles County,California,GreenValley(LosAngelesCounty),777,157,43,69,0,14,0,14,0,14,0,14,43,69,0,14,110,82,0,14,32,50,0,14,12,18,66,64,0,14,326,132,31,29,24,27,0,14,0,14,265,129,6,10,298,117,0,14,12,18,2,3,13,20,243,107,28,45
2024,06037408401,Census Tract 4084.01,Hacienda Heights,Los Angeles County,California,HaciendaHeights,350,100,7,11,0,14,0,14,0,14,0,14,7,11,0,14,71,52,19,23,0,14,0,14,0,14,52,43,0,14,178,84,19,31,41,42,37,37,0,14,55,57,26,29,94,51,7,13,0,14,0,14,23,24,40,24,24,37
2024,06037408402,Census Tract 4084.02,Hacienda Heights,Los Angeles County,California,HaciendaHeights,276,120,0,19,0,19,0,19,0,19,0,19,0,19,0,19,62,68,0,19,0,19,33,50,0,19,29,46,0,19,186,103,61,47,85,83,0,19,11,17,22,31,7,11,28,34,0,19,21,33,0,19,0,19,0,19,7,10
2024,06037408503,Census Tract 4085.03,Hacienda Heights,Los Angeles County,California,HaciendaHeights,250,104,0,19,0,19,0,19,0,19,0,19,0,19,0,19,76,66,27,41,11,19,8,14,0,19,30,50,0,19,152,84,69,73,0,19,0,19,12,19,27,39,44,52,22,23,0,19,0,19,0,19,0,19,15,18,7,13
2024,06037408504,Census Tract 4085.04,Hacienda Heights,Los Angeles County,California,HaciendaHeights,610,141,28,32,16,24,0,19,0,19,0,19,12,21,0,19,149,88,62,55,8,13,7,11,11,17,61,51,0,19,420,133,18,21,97,62,124,100,40,52,135,80,6,9,13,23,13,23,0,19,0,19,0,19,0,19,0,19
2024,06037408505,Census Tract 4085.05,Hacienda Heights,Los Angeles County,California,HaciendaHeights,131,58,0,14,0,14,0,14,0,14,0,14,0,14,0,14,58,49,0,14,0,14,0,14,15,22,43,41,0,14,38,26,9,14,0,14,0,14,7,11,6,8,16,17,35,24,0,14,0,14,0,14,0,14,12,13,23,18
2024,06037408623,Census Tract 4086.23,Hacienda Heights,Los Angeles County,California,HaciendaHeights,291,71,5,7,0,14,0,14,0,14,0,14,5,7,0,14,77,40,40,35,20,22,0,14,4,5,7,11,6,8,163,59,61,50,34,24,0,14,12,19,56,33,0,14,46,28,8,11,0,14,0,14,9,13,21,24,8,12
2024,06037408624,Census Tract 4086.24,Hacienda Heights,Los Angeles County,California,HaciendaHeights,216,81,26,29,7,12,0,14,0,14,0,14,19,28,0,14,26,35,26,35,0,14,0,14,0,14,0,14,0,14,130,67,28,34,11,18,13,21,5,10,50,54,23,26,34,30,0,14,0,14,0,14,0,14,0,14,34,30
2024,06037408625,Census Tract 4086.25,Hacienda Heights,Los Angeles County,California,HaciendaHeights,236,87,0,14,0,14,0,14,0,14,0,14,0,14,0,14,9,14,0,14,0,14,0,14,0,14,9,14,0,14,183,94,32,30,11,17,0,14,5,22,87,69,48,47,44,55,0,14,0,14,0,14,0,14,0,14,44,55
2024,06037408627,Census Tract 4086.27,Hacienda Heights,Los Angeles County,California,HaciendaHeights,135,72,0,14,0,14,0,14,0,14,0,14,0,14,0,14,7,11,0,14,2,7,0,14,0,14,0,14,5,8,105,67,0,14,27,42,3,5,0,14,55,38,20,28,23,29,5,8,0,14,0,14,0,14,0,14,18,28
2024,06037408628,Census Tract 4086.28,Hacienda Heights,Los Angeles County,California,HaciendaHeights,696,168,0,19,0,19,0,19,0,19,0,19,0,19,0,19,139,100,13,15,8,12,0,19,0,19,97,93,21,33,408,135,58,67,93,102,10,16,96,78,98,57,53,59,149,70,14,23,21,24,0,19,10,16,91,63,13,20
2024,06037408629,Census Tract 4086.29,Hacienda Heights,Los Angeles County,California,HaciendaHeights,173,59,4,7,0,14,0,14,0,14,0,14,4,7,0,14,65,44,3,7,8,11,0,14,0,14,38,36,16,24,82,44,48,31,15,23,0,14,0,14,14,13,5,9,22,25,0,14,0,14,0,14,0,14,7,11,15,22
2024,06037408631,Census Tract 4086.31,Hacienda Heights,Los Angeles County,California,HaciendaHeights,286,116,0,19,0,19,0,19,0,19,0,19,0,19,0,19,0,19,0,19,0,19,0,19,0,19,0,19,0,19,278,114,68,51,0,19,0,19,45,64,119,77,46,42,8,13,0,19,0,19,0,19,0,19,8,13,0,19
2024,06037409100,Census Tract 4091,Hacienda Heights,Los Angeles County,California,HaciendaHeights,491,108,26,43,0,19,0,19,0,19,26,43,0,19,0,19,68,68,13,22,9,13,46,65,0,19,0,19,0,19,235,100,81,65,35,50,8,11,12,17,89,58,10,17,162,87,0,19,42,50,0,19,0,19,85,56,35,33
2024,06037500202,Census Tract 5002.02,Hacienda Heights,Los Angeles County,California,HaciendaHeights,207,151,31,52,0,14,0,14,0,14,0,14,31,52,0,14,27,44,0,14,0,14,0,14,27,44,0,14,0,14,64,73,0,14,0,14,44,68,5,11,15,27,0,14,85,94,0,14,0,14,0,14,0,14,9,15,76,95
2024,06037501600,Census Tract 5016,Hacienda Heights,Los Angeles County,California,HaciendaHeights,978,256,118,108,0,19,0,19,0,19,0,19,79,91,39,61,149,115,17,33,20,36,0,19,0,19,112,103,0,19,579,216,108,83,0,19,75,83,15,25,381,211,0,19,132,121,27,44,39,45,66,104,0,19,0,19,0,19
2024,06037980035,Census Tract 9800.35,Hacienda Heights,Los Angeles County,California,HaciendaHeights,125,50,25,27,0,14,14,21,0,14,0,14,11,16,0,14,7,7,2,2,1,2,0,14,0,14,4,6,0,14,70,39,19,19,7,8,0,14,31,28,13,16,0,14,23,22,19,21,2,3,0,14,1,3,1,2,0,14
2024,06037920104,Census Tract 9201.04,Hasley Canyon,Los Angeles County,California,HasleyCanyon,68,52,0,14,0,14,0,14,0,14,0,14,0,14,0,14,0,14,0,14,0,14,0,14,0,14,0,14,0,14,68,52,23,31,0,14,18,27,0,14,19,31,8,12,0,14,0,14,0,14,0,14,0,14,0,14,0,14
2024,06037920106,Census Tract 9201.06,Hasley Canyon,Los Angeles County,California,HasleyCanyon,135,58,0,14,0,14,0,14,0,14,0,14,0,14,0,14,0,14,0,14,0,14,0,14,0,14,0,14,0,14,135,58,28,26,17,17,17,27,0,14,73,60,0,14,0,14,0,14,0,14,0,14,0,14,0,14,0,14
2024,06037920116,Census Tract 9201.16,Hasley Canyon,Los Angeles County,California,HasleyCanyon,104,64,15,24,0,14,0,14,0,14,0,14,15,24,0,14,0,14,0,14,0,14,0,14,0,14,0,14,0,14,79,57,10,16,23,27,0,14,9,14,37,48,0,14,10,16,10,16,0,14,0,14,0,14,0,14,0,14
2024,06037920119,Census Tract 9201.19,Hasley Canyon,Los Angeles County,California,HasleyCanyon,15,14,0,14,0,14,0,14,0,14,0,14,0,14,0,14,0,14,0,14,0,14,0,14,0,14,0,14,0,14,11,13,5,8,0,14,6,9,0,14,0,14,0,14,4,6,0,14,0,14,0,14,0,14,4,6,0,14
2024,06037555106,Census Tract 5551.06,Hawaiian Gardens,Los Angeles County,California,HawaiianGardens,576,133,0,14,0,14,0,14,0,14,0,14,0,14,0,14,123,134,0,14,0,14,0,14,79,123,11,19,33,50,278,113,24,27,14,23,0,14,43,48,197,92,0,14,175,102,17,28,35,54,51,62,23,29,49,61,0,14
2024,06037555211,Census Tract 5552.11,Hawaiian Gardens,Los Angeles County,California,HawaiianGardens,919,159,0,19,0,19,0,19,0,19,0,19,0,19,0,19,278,161,112,97,32,50,44,61,35,52,55,54,0,19,430,131,61,62,102,76,26,38,34,35,207,117,0,19,211,85,58,60,14,24,0,19,0,19,112,66,27,42
2024,06037555212,Census Tract 5552.12,Hawaiian Gardens,Los Angeles County,California,HawaiianGardens,723,141,0,19,0,19,0,19,0,19,0,19,0,19,0,19,144,86,54,46,21,32,26,41,0,19,43,50,0,19,491,133,67,47,106,82,97,80,22,31,189,124,10,17,88,71,26,29,0,19,0,19,0,19,62,61,0,19
2024,06037601600,Census Tract 6016,Hawthorne,Los Angeles County,California,Hawthorne,875,299,0,14,0,14,0,14,0,14,0,14,0,14,0,14,139,87,53,52,0,14,0,14,0,14,77,73,9,16,659,292,198,94,76,59,5,15,0,14,380,290,0,14,77,71,0,14,0,14,0,14,0,14,57,63,20,32
2024,06037601700,Census Tract 6017,Hawthorne,Los Angeles County,California,Hawthorne,1059,219,53,52,0,19,0,19,20,32,0,19,33,41,0,19,132,71,38,40,0,19,0,19,0,19,94,67,0,19,779,240,211,114,36,37,44,51,40,66,368,193,80,92,95,77,18,28,0,19,0,19,0,19,77,72,0,19
2024,06037602002,Census Tract 6020.02,Hawthorne,Los Angeles County,California,Hawthorne,592,134,0,14,0,14,0,14,0,14,0,14,0,14,0,14,88,68,16,17,5,10,0,14,33,47,34,39,0,14,444,125,59,35,22,19,146,94,14,17,203,92,0,14,60,42,5,8,0,14,0,14,13,18,42,36,0,14
2024,06037602103,Census Tract 6021.03,Hawthorne,Los Angeles County,California,Hawthorne,1527,202,21,37,0,19,0,19,0,19,21,37,0,19,0,19,400,177,13,21,52,70,85,99,0,19,250,156,0,19,897,213,89,75,49,61,43,68,152,127,564,223,0,19,209,113,16,28,0,19,19,31,0,19,174,112,0,19
2024,06037602104,Census Tract 6021.04,Hawthorne,Los Angeles County,California,Hawthorne,1265,209,67,69,0,19,0,19,7,12,0,19,60,66,0,19,241,109,14,22,41,49,0,19,16,28,160,113,10,17,860,218,139,91,126,82,95,63,64,40,436,199,0,19,97,51,8,14,8,12,24,29,0,19,57,44,0,19
2024,06037602105,Census Tract 6021.05,Hawthorne,Los Angeles County,California,Hawthorne,1287,212,21,23,0,14,0,14,0,14,0,14,21,23,0,14,342,178,11,17,0,14,49,58,54,60,188,171,40,65,839,168,187,114,76,59,125,89,37,50,414,143,0,14,85,61,10,15,0,14,0,14,30,49,45,32,0,14
2024,06037602106,Census Tract 6021.06,Hawthorne,Los Angeles County,California,Hawthorne,1931,323,32,42,0,19,15,27,0,19,0,19,17,32,0,19,583,237,174,144,153,124,0,19,25,33,231,162,0,19,1042,312,222,151,71,60,194,123,197,229,343,173,15,27,274,184,7,12,112,133,0,19,0,19,155,111,0,19
2024,06037602201,Census Tract 6022.01,Hawthorne,Los Angeles County,California,Hawthorne,837,160,72,76,0,14,0,14,53,75,0,14,19,22,0,14,398,156,77,58,59,82,90,71,89,90,83,70,0,14,334,138,22,25,90,91,27,31,0,14,195,106,0,14,33,33,0,14,0,14,14,23,0,14,19,22,0,14
2024,06037602202,Census Tract 6022.02,Hawthorne,Los Angeles County,California,Hawthorne,720,100,0,14,0,14,0,14,0,14,0,14,0,14,0,14,163,126,45,42,0,14,77,97,30,44,11,18,0,14,480,121,133,101,31,37,65,44,74,76,177,83,0,14,77,66,0,14,8,13,8,16,8,15,53,69,0,14
2024,06037602301,Census Tract 6023.01,Hawthorne,Los Angeles County,California,Hawthorne,417,147,0,19,0,19,0,19,0,19,0,19,0,19,0,19,65,50,32,37,0,19,0,19,0,19,23,26,10,17,279,136,50,43,42,46,11,18,8,16,147,107,21,21,73,63,0,19,15,23,0,19,8,12,50,57,0,19
2024,06037602302,Census Tract 6023.02,Hawthorne,Los Angeles County,California,Hawthorne,233,92,9,15,0,14,9,15,0,14,0,14,0,14,0,14,78,60,0,14,0,14,7,11,27,31,27,35,17,28,109,63,27,33,22,34,14,23,14,19,32,36,0,14,37,42,0,14,0,14,16,26,0,14,21,34,0,14
2024,06037602402,Census Tract 6024.02,Hawthorne,Los Angeles County,California,Hawthorne,1197,259,63,61,0,19,0,19,0,19,50,62,13,28,0,19,306,136,35,60,43,65,20,35,0,19,191,125,17,29,776,244,404,217,73,68,47,54,14,30,227,139,11,18,52,66,13,23,0,19,0,19,0,19,39,65,0,19
2024,06037602403,Census Tract 6024.03,Hawthorne,Los Angeles County,California,Hawthorne,1237,154,26,31,0,14,10,16,0,14,0,14,16,26,0,14,386,137,111,84,0,14,0,14,122,75,153,95,0,14,636,144,162,98,62,59,56,62,98,72,254,123,4,7,189,66,59,44,39,37,0,14,0,14,91,57,0,14
2024,06037602404,Census Tract 6024.04,Hawthorne,Los Angeles County,California,Hawthorne,1352,158,0,19,0,19,0,19,0,19,0,19,0,19,0,19,277,96,68,55,19,23,21,27,28,26,141,75,0,19,913,180,114,58,39,48,132,83,72,66,526,167,30,46,162,88,16,18,46,58,0,19,7,12,93,67,0,19
2024,06037602504,Census Tract 6025.04,Hawthorne,Los Angeles County,California,Hawthorne,1604,179,105,66,0,14,15,23,20,31,0,14,70,52,0,14,512,186,140,113,57,58,46,42,65,91,204,99,0,14,827,175,242,172,101,71,78,71,40,36,366,142,0,14,160,71,11,17,0,14,10,16,0,14,139,67,0,14
2024,06037602505,Census Tract 6025.05,Hawthorne,Los Angeles County,California,Hawthorne,1514,143,139,75,0,14,32,41,18,29,22,35,67,58,0,14,471,140,82,63,74,52,75,71,13,20,209,106,18,30,847,186,195,106,90,75,40,39,42,43,423,154,57,53,57,35,10,16,0,14,0,14,0,14,47,34,0,14
2024,06037602506,Census Tract 6025.06,Hawthorne,Los Angeles County,California,Hawthorne,1694,127,107,87,63,75,14,22,0,14,0,14,30,47,0,14,383,186,80,85,144,126,26,29,16,25,117,90,0,14,1008,208,306,141,65,53,243,131,7,12,351,155,36,40,196,100,53,48,0,14,21,24,13,21,57,53,52,71
2024,06037602507,Census Tract 6025.07,Hawthorne,Los Angeles County,California,Hawthorne,1721,211,81,104,16,26,0,14,0,14,0,14,65,103,0,14,595,215,105,128,105,87,20,30,17,27,348,142,0,14,785,151,69,62,132,92,0,14,29,35,537,169,18,28,260,93,14,22,81,71,21,26,0,14,144,78,0,14
2024,06037602510,Census Tract 6025.10,Hawthorne,Los Angeles County,California,Hawthorne,1076,231,16,25,0,14,0,14,0,14,0,14,0,14,16,25,423,270,121,100,47,73,19,31,0,14,179,195,57,90,589,169,70,93,72,77,56,59,20,20,371,129,0,14,48,46,0,14,0,14,0,14,0,14,48,46,0,14
2024,06037602511,Census Tract 6025.11,Hawthorne,Los Angeles County,California,Hawthorne,1323,267,22,24,0,14,0,14,0,14,0,14,22,24,0,14,523,242,96,109,63,77,0,14,87,71,255,204,22,34,501,157,41,36,47,67,13,20,42,53,358,141,0,14,277,197,37,61,50,55,0,14,0,14,190,212,0,14
2024,06037602513,Census Tract 6025.13,Hawthorne,Los Angeles County,California,Hawthorne,449,72,27,40,0,14,0,14,0,14,0,14,27,40,0,14,115,55,45,41,0,14,15,18,25,29,30,24,0,14,291,103,41,39,28,45,0,14,28,45,194,68,0,14,16,17,8,13,8,15,0,14,0,14,0,14,0,14
2024,06037602700,Census Tract 6027,Hawthorne,Los Angeles County,California,Hawthorne,269,110,0,14,0,14,0,14,0,14,0,14,0,14,0,14,50,43,16,24,0,14,0,14,0,14,15,24,19,29,119,82,32,50,32,38,0,14,0,14,55,44,0,14,100,76,11,19,33,51,0,14,0,14,38,48,18,28
2024,06037603702,Census Tract 6037.02,Hawthorne,Los Angeles County,California,Hawthorne,291,104,0,19,0,19,0,19,0,19,0,19,0,19,0,19,0,19,0,19,0,19,0,19,0,19,0,19,0,19,259,99,56,60,69,75,0,19,6,11,120,76,8,15,32,29,11,18,0,19,12,17,0,19,9,14,0,19
2024,06037603703,Census Tract 6037.03,Hawthorne,Los Angeles County,California,Hawthorne,68,50,0,14,0,14,0,14,0,14,0,14,0,14,0,14,8,11,0,14,0,14,8,11,0,14,0,14,0,14,49,48,0,14,25,36,19,32,0,14,5,9,0,14,11,13,6,9,0,14,0,14,0,14,0,14,5,9
2024,06037603705,Census Tract 6037.05,Hawthorne,Los Angeles County,California,Hawthorne,724,146,0,14,0,14,0,14,0,14,0,14,0,14,0,14,171,108,28,32,23,31,34,52,56,75,30,47,0,14,464,108,62,55,97,65,0,14,32,34,273,94,0,14,89,49,22,24,0,14,0,14,0,14,67,46,0,14
2024,06037621001,Census Tract 6210.01,Hermosa Beach,Los Angeles County,California,HermosaBeach,848,201,30,27,0,14,11,16,0,14,0,14,19,22,0,14,306,174,73,55,0,14,0,14,28,45,205,165,0,14,476,133,139,78,55,48,28,25,30,28,167,100,57,56,36,29,10,16,8,12,0,14,0,14,10,16,8,13
2024,06037621005,Census Tract 6210.05,Hermosa Beach,Los Angeles County,California,HermosaBeach,1232,254,49,52,0,14,23,39,0,14,22,34,4,6,0,14,492,191,174,107,105,78,111,103,84,111,18,28,0,14,515,196,157,109,100,105,0,14,102,92,87,55,69,100,176,115,6,9,0,14,0,14,19,30,124,100,27,36
2024,06037621102,Census Tract 6211.02,Hermosa Beach,Los Angeles County,California,HermosaBeach,435,103,6,11,0,14,0,14,6,11,0,14,0,14,0,14,139,79,89,69,12,18,5,11,33,38,0,14,0,14,284,97,44,34,96,71,7,11,0,14,108,72,29,36,6,10,0,14,0,14,0,14,6,10,0,14,0,14
2024,06037621104,Census Tract 6211.04,Hermosa Beach,Los Angeles County,California,HermosaBeach,1898,293,63,79,0,19,0,19,0,19,0,19,63,79,0,19,833,239,288,144,124,84,69,106,45,52,307,159,0,19,950,265,336,162,47,52,146,121,137,108,249,136,35,42,52,39,27,21,16,26,0,19,9,15,0,19,0,19
2024,06037621204,Census Tract 6212.04,Hermosa Beach,Los Angeles County,California,HermosaBeach,1285,257,11,18,11,18,0,14,0,14,0,14,0,14,0,14,333,160,51,45,37,49,25,27,11,17,147,113,62,77,578,206,53,41,80,60,26,24,135,142,251,115,33,31,363,102,27,31,11,16,40,46,68,56,217,87,0,14
2024,06037990200,Census Tract 9902,Hermosa Beach,Los Angeles County,California,HermosaBeach,0,14,0,14,0,14,0,14,0,14,0,14,0,14,0,14,0,14,0,14,0,14,0,14,0,14,0,14,0,14,0,14,0,14,0,14,0,14,0,14,0,14,0,14,0,14,0,14,0,14,0,14,0,14,0,14,0,14
2024,06037800206,Census Tract 8002.06,Hidden Hills,Los Angeles County,California,HiddenHills,112,91,0,14,0,14,0,14,0,14,0,14,0,14,0,14,0,14,0,14,0,14,0,14,0,14,0,14,0,14,92,93,0,14,54,79,4,6,0,14,0,14,34,49,20,21,3,5,0,14,3,5,0,14,0,14,14,20
2024,06037532500,Census Tract 5325,Huntington Park,Los Angeles County,California,HuntingtonPark,723,164,31,35,11,18,0,14,20,30,0,14,0,14,0,14,135,81,22,35,17,24,0,14,0,14,80,68,16,23,406,116,57,46,15,21,36,41,12,22,235,92,51,64,151,89,0,14,0,14,0,14,0,14,151,89,0,14
2024,06037532605,Census Tract 5326.05,Huntington Park,Los Angeles County,California,HuntingtonPark,1029,262,0,14,0,14,0,14,0,14,0,14,0,14,0,14,141,76,29,30,12,19,0,14,1,24,99,63,0,14,468,150,59,60,12,19,94,103,63,59,209,100,31,37,420,246,21,25,171,255,57,49,18,19,153,71,0,14
2024,06037532606,Census Tract 5326.06,Huntington Park,Los Angeles County,California,HuntingtonPark,1093,138,17,29,0,14,0,14,0,14,0,14,17,29,0,14,146,71,7,10,8,11,22,35,0,14,109,63,0,14,604,149,144,73,106,65,0,14,28,33,273,120,53,81,326,79,70,49,34,29,87,59,0,14,126,67,9,14
2024,06037532607,Census Tract 5326.07,Huntington Park,Los Angeles County,California,HuntingtonPark,1145,132,55,46,0,19,0,19,6,9,0,19,40,43,9,13,191,73,21,29,41,35,0,19,32,38,97,68,0,19,753,137,103,67,157,82,41,35,51,49,384,123,17,28,146,68,0,19,33,47,0,19,0,19,101,48,12,22
2024,06037533103,Census Tract 5331.03,Huntington Park,Los Angeles County,California,HuntingtonPark,653,75,26,31,0,14,0,14,0,14,0,14,26,31,0,14,97,46,16,18,47,43,11,12,0,14,23,23,0,14,440,75,98,54,39,37,23,27,29,32,251,67,0,14,90,40,23,23,0,14,0,14,0,14,67,33,0,14
2024,06037533104,Census Tract 5331.04,Huntington Park,Los Angeles County,California,HuntingtonPark,1118,119,6,13,6,13,0,14,0,14,0,14,0,14,0,14,163,98,0,14,16,27,24,40,0,14,107,72,16,28,743,131,179,118,86,56,23,28,82,61,332,100,41,49,206,71,11,16,20,34,60,51,37,36,68,62,10,15
2024,06037533105,Census Tract 5331.05,Huntington Park,Los Angeles County,California,HuntingtonPark,560,96,5,9,5,9,0,14,0,14,0,14,0,14,0,14,155,90,41,42,0,14,0,14,0,14,114,80,0,14,360,99,86,59,43,35,9,14,42,40,180,81,0,14,40,35,0,14,0,14,6,9,6,11,13,23,15,21
2024,06037533108,Census Tract 5331.08,Huntington Park,Los Angeles County,California,HuntingtonPark,1061,115,28,27,0,14,0,14,0,14,0,14,28,27,0,14,125,83,8,12,0,14,12,21,35,44,70,71,0,14,852,134,179,96,73,54,200,85,95,63,305,86,0,14,56,44,26,29,0,14,0,14,0,14,30,34,0,14
2024,06037533201,Census Tract 5332.01,Huntington Park,Los Angeles County,California,HuntingtonPark,485,80,0,14,0,14,0,14,0,14,0,14,0,14,0,14,102,67,3,5,34,37,0,14,29,43,36,39,0,14,322,84,88,54,46,42,43,41,22,35,86,59,37,37,61,42,0,14,17,26,0,14,25,29,19,24,0,14
2024,06037533204,Census Tract 5332.04,Huntington Park,Los Angeles County,California,HuntingtonPark,686,107,48,47,0,14,0,14,0,14,0,14,48,47,0,14,114,75,6,10,59,58,0,14,0,14,43,45,6,10,450,109,145,81,67,56,84,58,43,43,111,68,0,14,74,65,0,14,0,14,0,14,0,14,74,65,0,14
2024,06037533501,Census Tract 5335.01,Huntington Park,Los Angeles County,California,HuntingtonPark,608,99,29,30,0,14,0,14,14,21,0,14,15,22,0,14,176,95,77,70,0,14,32,35,27,34,40,31,0,14,310,83,108,68,63,38,25,28,0,14,114,50,0,14,93,55,0,14,0,14,0,14,0,14,87,55,6,9
2024,06037533504,Census Tract 5335.04,Huntington Park,Los Angeles County,California,HuntingtonPark,697,137,0,14,0,14,0,14,0,14,0,14,0,14,0,14,118,66,0,14,11,20,15,22,37,48,55,39,0,14,447,89,60,49,36,34,51,54,55,44,245,83,0,14,132,104,39,35,10,14,0,14,56,89,27,31,0,14
2024,06037534501,Census Tract 5345.01,Huntington Park,Los Angeles County,California,HuntingtonPark,823,228,8,14,0,19,0,19,0,19,0,19,8,14,0,19,139,77,19,32,0,19,14,26,22,36,50,48,34,41,606,227,117,74,17,30,163,170,23,30,286,127,0,19,70,62,0,19,0,19,20,30,20,31,30,45,0,19
2024,06037534502,Census Tract 5345.02,Huntington Park,Los Angeles County,California,HuntingtonPark,427,118,0,14,0,14,0,14,0,14,0,14,0,14,0,14,134,88,48,54,9,14,0,14,30,46,47,53,0,14,226,106,99,73,10,15,38,47,9,15,70,67,0,14,67,61,25,41,0,14,0,14,0,14,42,45,0,14
2024,06037403326,Census Tract 4033.26,Industry,Los Angeles County,California,Industry,169,87,3,7,0,14,0,14,0,14,0,14,3,7,0,14,0,14,0,14,0,14,0,14,0,14,0,14,0,14,116,54,45,34,17,20,36,34,0,14,18,28,0,14,50,62,0,14,0,14,8,13,0,14,42,61,0,14
2024,06037403327,Census Tract 4033.27,Industry,Los Angeles County,California,Industry,51,32,10,15,0,14,10,15,0,14,0,14,0,14,0,14,0,14,0,14,0,14,0,14,0,14,0,14,0,14,41,28,24,25,3,7,6,11,0,14,8,14,0,14,0,14,0,14,0,14,0,14,0,14,0,14,0,14
2024,06037407002,Census Tract 4070.02,Industry,Los Angeles County,California,Industry,69,49,0,14,0,14,0,14,0,14,0,14,0,14,0,14,1,5,0,14,1,5,0,14,0,14,0,14,0,14,63,48,26,33,16,23,0,14,0,14,21,22,0,14,5,7,0,14,0,14,0,14,0,14,0,14,5,7
2024,06037407701,Census Tract 4077.01,Industry,Los Angeles County,California,Industry,656,98,25,39,0,14,0,14,0,14,0,14,25,39,0,14,144,86,44,55,11,18,0,14,8,14,81,60,0,14,319,99,44,52,93,72,26,33,0,14,149,65,7,11,168,92,25,38,0,14,0,14,26,25,95,85,22,35
2024,06037407802,Census Tract 4078.02,Industry,Los Angeles County,California,Industry,132,68,6,9,0,14,6,9,0,14,0,14,0,14,0,14,24,20,6,10,0,14,9,14,6,10,3,5,0,14,95,66,50,38,0,14,37,54,0,14,8,11,0,14,7,9,0,14,1,2,0,14,0,14,0,14,6,9
2024,06037408212,Census Tract 4082.12,Industry,Los Angeles County,California,Industry,225,104,8,13,0,14,0,14,0,14,8,13,0,14,0,14,81,65,49,50,0,14,6,11,0,14,0,14,26,40,77,68,0,14,43,62,0,14,0,14,34,36,0,14,59,51,0,14,0,14,0,14,0,14,36,34,23,37
2024,06037408301,Census Tract 4083.01,Industry,Los Angeles County,California,Industry,453,142,25,37,0,19,0,19,0,19,0,19,25,37,0,19,58,56,0,19,0,19,12,19,11,18,35,52,0,19,317,130,65,56,71,68,15,20,12,19,154,92,0,19,53,53,0,19,0,19,0,19,0,19,20,24,33,52
2024,06037408302,Census Tract 4083.02,Industry,Los Angeles County,California,Industry,307,127,9,15,0,14,0,14,0,14,0,14,9,15,0,14,76,82,0,14,0,14,0,14,24,39,0,14,52,72,199,117,31,45,28,41,19,26,0,14,101,85,20,33,23,25,0,14,0,14,10,16,0,14,5,10,8,12
2024,06037408303,Census Tract 4083.03,Industry,Los Angeles County,California,Industry,81,47,0,14,0,14,0,14,0,14,0,14,0,14,0,14,0,14,0,14,0,14,0,14,0,14,0,14,0,14,74,45,29,35,0,14,0,14,0,14,45,41,0,14,7,13,0,14,0,14,0,14,0,14,7,13,0,14
2024,06037408401,Census Tract 4084.01,Industry,Los Angeles County,California,Industry,350,100,7,11,0,14,0,14,0,14,0,14,7,11,0,14,71,52,19,23,0,14,0,14,0,14,52,43,0,14,178,84,19,31,41,42,37,37,0,14,55,57,26,29,94,51,7,13,0,14,0,14,23,24,40,24,24,37
2024,06037408402,Census Tract 4084.02,Industry,Los Angeles County,California,Industry,276,120,0,19,0,19,0,19,0,19,0,19,0,19,0,19,62,68,0,19,0,19,33,50,0,19,29,46,0,19,186,103,61,47,85,83,0,19,11,17,22,31,7,11,28,34,0,19,21,33,0,19,0,19,0,19,7,10
2024,06037433302,Census Tract 4333.02,Industry,Los Angeles County,California,Industry,400,108,0,14,0,14,0,14,0,14,0,14,0,14,0,14,110,80,18,30,8,11,41,61,36,33,7,12,0,14,265,89,58,35,19,28,40,40,19,26,129,80,0,14,25,21,9,12,0,14,0,14,4,7,2,5,10,13
2024,06037500300,Census Tract 5003,Industry,Los Angeles County,California,Industry,159,78,0,14,0,14,0,14,0,14,0,14,0,14,0,14,32,36,13,22,0,14,0,14,0,14,19,27,0,14,116,69,25,26,7,13,0,14,0,14,57,55,27,22,11,18,0,14,0,14,0,14,11,18,0,14,0,14
2024,06037980035,Census Tract 9800.35,Industry,Los Angeles County,California,Industry,125,50,25,27,0,14,14,21,0,14,0,14,11,16,0,14,7,7,2,2,1,2,0,14,0,14,4,6,0,14,70,39,19,19,7,8,0,14,31,28,13,16,0,14,23,22,19,21,2,3,0,14,1,3,1,2,0,14
2024,06037600501,Census Tract 6005.01,Inglewood,Los Angeles County,California,Inglewood,322,64,0,14,0,14,0,14,0,14,0,14,0,14,0,14,91,60,0,14,8,12,0,14,43,55,40,44,0,14,171,76,19,20,9,14,0,14,0,14,136,73,7,10,60,33,0,14,0,14,10,15,0,14,50,27,0,14
2024,06037600601,Census Tract 6006.01,Inglewood,Los Angeles County,California,Inglewood,312,79,0,14,0,14,0,14,0,14,0,14,0,14,0,14,32,29,8,16,0,14,0,14,0,14,24,24,0,14,181,79,38,39,11,16,3,5,15,17,90,63,24,31,99,47,5,8,6,9,9,9,0,14,54,38,25,28
2024,06037600602,Census Tract 6006.02,Inglewood,Los Angeles County,California,Inglewood,668,99,44,41,0,14,13,20,0,14,0,14,31,35,0,14,171,71,39,42,0,14,53,38,34,38,45,41,0,14,428,119,63,42,32,29,25,30,77,73,222,75,9,13,25,34,0,14,15,28,0,14,0,14,10,18,0,14
2024,06037600702,Census Tract 6007.02,Inglewood,Los Angeles County,California,Inglewood,535,164,25,41,0,14,0,14,0,14,0,14,25,41,0,14,155,104,7,12,0,14,0,14,0,14,98,67,50,79,279,132,81,103,10,14,0,14,46,62,142,81,0,14,76,42,0,14,0,14,0,14,0,14,64,44,12,19
2024,06037600703,Census Tract 6007.03,Inglewood,Los Angeles County,California,Inglewood,152,83,0,14,0,14,0,14,0,14,0,14,0,14,0,14,0,14,0,14,0,14,0,14,0,14,0,14,0,14,152,83,7,12,10,17,14,20,65,79,56,52,0,14,0,14,0,14,0,14,0,14,0,14,0,14,0,14
2024,06037600704,Census Tract 6007.04,Inglewood,Los Angeles County,California,Inglewood,713,126,0,14,0,14,0,14,0,14,0,14,0,14,0,14,151,93,17,26,0,14,0,14,36,55,98,85,0,14,347,138,15,24,46,37,134,103,63,88,89,76,0,14,215,99,0,14,6,11,25,28,13,22,171,91,0,14
2024,06037600801,Census Tract 6008.01,Inglewood,Los Angeles County,California,Inglewood,356,179,0,14,0,14,0,14,0,14,0,14,0,14,0,14,34,41,0,14,12,19,0,14,22,35,0,14,0,14,309,183,104,152,58,64,0,14,27,35,120,64,0,14,13,14,0,14,0,14,0,14,0,14,13,14,0,14
2024,06037600802,Census Tract 6008.02,Inglewood,Los Angeles County,California,Inglewood,644,158,40,61,0,14,0,14,0,14,40,61,0,14,0,14,182,106,51,48,34,34,10,22,0,14,87,85,0,14,276,118,31,38,44,60,36,41,31,52,134,101,0,14,146,62,0,14,11,18,14,22,17,22,104,56,0,14
2024,06037600902,Census Tract 6009.02,Inglewood,Los Angeles County,California,Inglewood,2193,308,135,157,40,69,0,19,0,19,95,146,0,19,0,19,326,232,0,19,43,73,63,104,102,130,118,118,0,19,1396,389,291,161,0,19,272,156,134,187,699,351,0,19,336,159,85,98,0,19,0,19,38,44,192,121,21,32
2024,06037600911,Census Tract 6009.11,Inglewood,Los Angeles County,California,Inglewood,708,137,15,25,0,14,0,14,0,14,15,25,0,14,0,14,80,53,24,37,24,26,0,14,0,14,32,31,0,14,539,148,88,75,67,47,6,11,0,14,321,161,57,59,74,45,20,26,25,30,0,14,0,14,29,27,0,14
2024,06037600912,Census Tract 6009.12,Inglewood,Los Angeles County,California,Inglewood,666,148,0,14,0,14,0,14,0,14,0,14,0,14,0,14,123,77,25,28,9,15,41,55,13,22,23,36,12,20,476,141,109,72,93,85,7,11,0,14,267,115,0,14,67,45,33,39,0,14,0,14,10,16,14,17,10,16
2024,06037601001,Census Tract 6010.01,Inglewood,Los Angeles County,California,Inglewood,923,156,46,49,0,14,0,14,27,40,19,30,0,14,0,14,24,30,14,26,10,19,0,14,0,14,0,14,0,14,475,154,79,58,65,58,85,100,74,88,100,70,72,70,378,93,14,23,26,33,23,26,121,72,174,80,20,32
2024,06037601002,Census Tract 6010.02,Inglewood,Los Angeles County,California,Inglewood,1649,330,122,115,0,19,17,28,0,19,0,19,33,50,72,111,277,140,104,95,35,54,18,29,30,47,76,87,14,38,1096,325,132,100,80,77,75,100,139,88,526,298,144,161,154,99,36,56,36,54,28,45,0,19,54,55,0,19
2024,06037601100,Census Tract 6011,Inglewood,Los Angeles County,California,Inglewood,1716,295,13,21,0,19,0,19,0,19,0,19,13,21,0,19,384,240,36,60,51,85,18,30,110,147,169,201,0,19,1128,280,161,111,88,82,0,19,167,143,676,269,36,57,191,112,0,19,43,52,0,19,0,19,122,97,26,42
2024,06037601202,Census Tract 6012.02,Inglewood,Los Angeles County,California,Inglewood,484,187,83,90,0,14,0,14,0,14,33,45,50,76,0,14,38,58,0,14,0,14,0,14,38,58,0,14,0,14,219,118,17,22,29,48,0,14,0,14,173,102,0,14,144,134,15,19,15,24,11,17,0,14,19,24,84,134
2024,06037601211,Census Tract 6012.11,Inglewood,Los Angeles County,California,Inglewood,790,194,41,34,0,14,0,14,13,22,0,14,28,33,0,14,164,137,75,74,0,14,0,14,0,14,76,117,13,21,405,109,109,71,54,46,6,11,26,32,210,105,0,14,180,116,33,30,0,14,0,14,20,20,127,115,0,14
2024,06037601212,Census Tract 6012.12,Inglewood,Los Angeles County,California,Inglewood,1638,188,45,62,10,22,0,19,0,19,0,19,35,57,0,19,116,95,39,48,0,19,0,19,0,19,77,91,0,19,1210,205,199,120,121,101,146,123,131,91,458,192,155,153,267,105,25,42,39,46,15,25,77,73,111,74,0,19
2024,06037601301,Census Tract 6013.01,Inglewood,Los Angeles County,California,Inglewood,313,104,0,14,0,14,0,14,0,14,0,14,0,14,0,14,108,81,19,16,25,26,0,14,0,14,64,73,0,14,155,70,42,39,9,14,32,32,0,14,72,53,0,14,50,23,12,13,0,14,6,11,0,14,18,15,14,17
2024,06037601302,Census Tract 6013.02,Inglewood,Los Angeles County,California,Inglewood,2115,282,96,89,0,19,0,19,0,19,0,19,75,85,21,33,680,254,190,140,109,101,114,128,27,49,240,133,0,19,1194,312,267,178,71,84,79,91,128,144,649,203,0,19,145,82,0,19,14,22,20,31,50,45,61,54,0,19
2024,06037601303,Census Tract 6013.03,Inglewood,Los Angeles County,California,Inglewood,2011,249,104,138,0,19,0,19,20,34,84,131,0,19,0,19,464,224,40,48,58,62,121,152,28,43,217,124,0,19,1041,231,72,67,130,88,49,46,101,83,591,204,98,117,402,178,0,19,11,18,0,19,59,92,282,141,50,79
2024,06037601401,Census Tract 6014.01,Inglewood,Los Angeles County,California,Inglewood,1425,182,82,99,0,19,0,19,0,19,0,19,62,93,20,32,179,98,66,61,37,57,12,18,40,63,24,36,0,19,982,193,136,94,275,158,80,61,158,100,333,113,0,19,182,77,12,16,0,19,11,18,9,13,144,73,6,11
2024,06037601402,Census Tract 6014.02,Inglewood,Los Angeles County,California,Inglewood,669,208,29,32,0,14,0,14,29,32,0,14,0,14,0,14,108,60,17,25,0,14,0,14,9,14,82,49,0,14,532,212,10,16,164,151,8,14,13,21,283,126,54,59,0,14,0,14,0,14,0,14,0,14,0,14,0,14
2024,06037601501,Census Tract 6015.01,Inglewood,Los Angeles County,California,Inglewood,811,123,26,30,0,14,0,14,0,14,14,23,12,20,0,14,186,74,29,39,0,14,0,14,0,14,157,74,0,14,451,161,182,110,25,40,21,24,0,14,223,117,0,14,148,95,10,15,28,44,0,14,25,37,85,72,0,14
2024,06037601700,Census Tract 6017,Inglewood,Los Angeles County,California,Inglewood,1059,219,53,52,0,19,0,19,20,32,0,19,33,41,0,19,132,71,38,40,0,19,0,19,0,19,94,67,0,19,779,240,211,114,36,37,44,51,40,66,368,193,80,92,95,77,18,28,0,19,0,19,0,19,77,72,0,19
2024,06037601801,Census Tract 6018.01,Inglewood,Los Angeles County,California,Inglewood,597,137,12,20,0,14,0,14,12,20,0,14,0,14,0,14,106,75,29,31,0,14,0,14,0,14,77,70,0,14,391,121,83,55,31,24,86,84,26,35,165,76,0,14,88,49,0,14,9,16,11,20,6,11,62,44,0,14
2024,06037601802,Census Tract 6018.02,Inglewood,Los Angeles County,California,Inglewood,611,113,13,21,0,14,0,14,0,14,0,14,13,21,0,14,105,52,21,23,0,14,20,30,0,14,64,41,0,14,364,128,157,101,61,66,0,14,0,14,98,66,48,52,129,88,34,49,0,14,22,31,0,14,47,55,26,37
2024,06037601900,Census Tract 6019,Inglewood,Los Angeles County,California,Inglewood,930,164,5,11,5,11,0,14,0,14,0,14,0,14,0,14,234,118,0,14,0,14,0,14,66,99,149,67,19,28,546,164,56,57,132,87,85,80,101,96,172,98,0,14,145,79,6,10,35,44,0,14,23,35,81,67,0,14
2024,06037602003,Census Tract 6020.03,Inglewood,Los Angeles County,California,Inglewood,697,172,18,23,0,14,0,14,4,9,0,14,14,21,0,14,166,87,14,22,0,14,50,50,0,14,102,76,0,14,387,124,73,57,31,44,61,53,26,26,196,102,0,14,126,133,0,14,0,14,9,13,17,27,81,125,19,32
2024,06037604200,Census Tract 6042,Inglewood,Los Angeles County,California,Inglewood,773,246,15,25,0,19,0,19,15,25,0,19,0,19,0,19,119,73,21,31,66,56,12,19,0,19,20,33,0,19,473,136,79,46,0,19,88,67,38,41,268,106,0,19,166,227,0,19,0,19,0,19,26,38,140,221,0,19
2024,06037703002,Census Tract 7030.02,Inglewood,Los Angeles County,California,Inglewood,1021,178,0,19,0,19,0,19,0,19,0,19,0,19,0,19,171,161,48,52,0,19,50,77,73,127,0,19,0,19,792,215,267,182,102,76,23,37,56,89,344,182,0,19,58,54,0,19,0,19,0,19,0,19,30,34,28,41
2024,06037404600,Census Tract 4046,Irwindale,Los Angeles County,California,Irwindale,91,26,0,14,0,14,0,14,0,14,0,14,0,14,0,14,27,18,8,7,0,14,0,14,13,18,6,8,0,14,42,21,3,5,30,21,0,14,3,5,2,3,4,6,22,12,4,7,4,5,0,14,10,11,4,5,0,14
2024,06037460501,Census Tract 4605.01,La Cañada Flintridge,Los Angeles County,California,LaCanadaFlintridge,181,105,0,19,0,19,0,19,0,19,0,19,0,19,0,19,11,17,0,19,0,19,0,19,0,19,11,17,0,19,159,102,56,61,11,16,13,19,0,19,45,51,34,52,11,16,0,19,11,16,0,19,0,19,0,19,0,19
2024,06037460502,Census Tract 4605.02,La Cañada Flintridge,Los Angeles County,California,LaCanadaFlintridge,142,71,0,14,0,14,0,14,0,14,0,14,0,14,0,14,0,14,0,14,0,14,0,14,0,14,0,14,0,14,130,69,28,38,46,53,16,23,0,14,31,28,9,16,12,19,12,19,0,14,0,14,0,14,0,14,0,14
2024,06037460601,Census Tract 4606.01,La Cañada Flintridge,Los Angeles County,California,LaCanadaFlintridge,376,123,0,19,0,19,0,19,0,19,0,19,0,19,0,19,11,18,0,19,0,19,0,19,11,18,0,19,0,19,263,116,82,75,18,22,16,20,13,21,134,98,0,19,102,60,0,19,10,15,19,23,9,14,64,52,0,19
2024,06037460700,Census Tract 4607,La Cañada Flintridge,Los Angeles County,California,LaCanadaFlintridge,137,63,7,11,0,14,0,14,0,14,0,14,0,14,7,11,0,14,0,14,0,14,0,14,0,14,0,14,0,14,98,54,45,46,6,12,0,14,8,13,39,31,0,14,32,31,9,14,0,14,0,14,0,14,11,17,12,17
2024,06037300100,Census Tract 3001,La Crescenta-Montrose,Los Angeles County,California,LaCrescenta-Montrose,406,222,0,19,0,19,0,19,0,19,0,19,0,19,0,19,88,140,88,140,0,19,0,19,0,19,0,19,0,19,204,115,108,74,0,19,11,17,0,19,85,80,0,19,114,139,0,19,0,19,86,134,0,19,0,19,28,42
2024,06037300200,Census Tract 3002,La Crescenta-Montrose,Los Angeles County,California,LaCrescenta-Montrose,576,134,0,19,0,19,0,19,0,19,0,19,0,19,0,19,51,59,6,9,0,19,0,19,0,19,45,58,0,19,282,127,112,93,58,51,8,14,25,28,79,53,0,19,243,96,52,49,0,19,42,51,43,42,106,76,0,19
2024,06037300501,Census Tract 3005.01,La Crescenta-Montrose,Los Angeles County,California,LaCrescenta-Montrose,376,164,0,14,0,14,0,14,0,14,0,14,0,14,0,14,80,58,0,14,0,14,0,14,0,14,70,58,10,16,237,146,0,14,0,14,30,35,0,14,207,144,0,14,59,38,7,12,0,14,0,14,7,11,45,35,0,14
2024,06037300503,Census Tract 3005.03,La Crescenta-Montrose,Los Angeles County,California,LaCrescenta-Montrose,1662,257,18,24,0,19,0,19,0,19,0,19,18,24,0,19,368,143,76,83,0,19,17,27,88,77,177,95,10,17,908,248,225,115,305,207,0,19,19,31,359,167,0,19,368,182,7,13,94,153,0,19,21,25,221,122,25,31
2024,06037703002,Census Tract 7030.02,Ladera Heights,Los Angeles County,California,LaderaHeights,1021,178,0,19,0,19,0,19,0,19,0,19,0,19,0,19,171,161,48,52,0,19,50,77,73,127,0,19,0,19,792,215,267,182,102,76,23,37,56,89,344,182,0,19,58,54,0,19,0,19,0,19,0,19,30,34,28,41
2024,06037703003,Census Tract 7030.03,Ladera Heights,Los Angeles County,California,LaderaHeights,1477,369,28,34,0,19,0,19,0,19,0,19,28,34,0,19,508,280,160,135,24,36,65,51,169,219,71,116,19,31,675,265,95,81,74,92,21,32,90,93,381,220,14,21,266,108,80,77,0,19,14,22,0,19,172,101,0,19
2024,06037980038,Census Tract 9800.38,Ladera Heights,Los Angeles County,California,LaderaHeights,0,14,0,14,0,14,0,14,0,14,0,14,0,14,0,14,0,14,0,14,0,14,0,14,0,14,0,14,0,14,0,14,0,14,0,14,0,14,0,14,0,14,0,14,0,14,0,14,0,14,0,14,0,14,0,14,0,14
2024,06037408703,Census Tract 4087.03,La Habra Heights,Los Angeles County,California,LaHabraHeights,114,67,0,19,0,19,0,19,0,19,0,19,0,19,0,19,0,19,0,19,0,19,0,19,0,19,0,19,0,19,106,65,24,38,9,15,0,19,0,19,57,53,16,23,8,15,0,19,8,15,0,19,0,19,0,19,0,19
2024,06037500100,Census Tract 5001,La Habra Heights,Los Angeles County,California,LaHabraHeights,41,38,0,14,0,14,0,14,0,14,0,14,0,14,0,14,0,14,0,14,0,14,0,14,0,14,0,14,0,14,41,38,0,14,0,14,0,14,0,14,41,38,0,14,0,14,0,14,0,14,0,14,0,14,0,14,0,14
2024,06037500204,Census Tract 5002.04,La Habra Heights,Los Angeles County,California,LaHabraHeights,138,147,0,14,0,14,0,14,0,14,0,14,0,14,0,14,0,14,0,14,0,14,0,14,0,14,0,14,0,14,138,147,27,23,8,12,94,144,0,14,9,14,0,14,0,14,0,14,0,14,0,14,0,14,0,14,0,14
2024,06037901209,Census Tract 9012.09,Lake Hughes,Los Angeles County,California,LakeHughes,122,64,0,14,0,14,0,14,0,14,0,14,0,14,0,14,0,14,0,14,0,14,0,14,0,14,0,14,0,14,64,46,7,10,0,14,1,3,0,14,4,7,52,46,58,46,6,9,0,14,0,14,0,14,43,45,9,11
2024,06037920102,Census Tract 9201.02,Lake Hughes,Los Angeles County,California,LakeHughes,777,157,43,69,0,14,0,14,0,14,0,14,43,69,0,14,110,82,0,14,32,50,0,14,12,18,66,64,0,14,326,132,31,29,24,27,0,14,0,14,265,129,6,10,298,117,0,14,12,18,2,3,13,20,243,107,28,45
2024,06037900102,Census Tract 9001.02,Lake Los Angeles,Los Angeles County,California,LakeLosAngeles,80,55,0,14,0,14,0,14,0,14,0,14,0,14,0,14,6,9,0,14,0,14,0,14,0,14,6,9,0,14,37,44,4,7,0,14,0,14,0,14,5,8,28,43,37,35,5,7,0,14,0,14,0,14,0,14,32,35
2024,06037900103,Census Tract 9001.03,Lake Los Angeles,Los Angeles County,California,LakeLosAngeles,538,145,0,19,0,19,0,19,0,19,0,19,0,19,0,19,63,59,0,19,0,19,0,19,0,19,63,59,0,19,413,139,42,42,25,32,12,18,7,12,224,115,103,81,62,62,0,19,0,19,0,19,0,19,62,62,0,19
2024,06037900104,Census Tract 9001.04,Lake Los Angeles,Los Angeles County,California,LakeLosAngeles,450,229,28,45,0,19,0,19,0,19,28,45,0,19,0,19,0,19,0,19,0,19,0,19,0,19,0,19,0,19,394,207,23,34,109,133,0,19,20,36,200,128,42,46,28,38,0,19,0,19,0,19,0,19,28,38,0,19
2024,06037555001,Census Tract 5550.01,Lakewood,Los Angeles County,California,Lakewood,689,154,0,19,0,19,0,19,0,19,0,19,0,19,0,19,182,91,38,37,0,19,23,37,23,38,98,74,0,19,450,157,130,80,55,52,72,96,0,19,147,87,46,67,57,54,0,19,0,19,0,19,8,12,49,53,0,19
2024,06037555002,Census Tract 5550.02,Lakewood,Los Angeles County,California,Lakewood,806,191,0,14,0,14,0,14,0,14,0,14,0,14,0,14,116,97,71,98,0,14,0,14,0,14,45,38,0,14,580,190,83,57,43,39,40,41,101,70,221,177,92,44,110,64,0,14,20,29,8,14,0,14,82,67,0,14
2024,06037555105,Census Tract 5551.05,Lakewood,Los Angeles County,California,Lakewood,1080,149,54,70,0,19,0,19,0,19,0,19,54,70,0,19,274,120,49,49,48,69,28,30,75,60,74,66,0,19,633,149,85,75,45,43,224,143,45,54,234,114,0,19,119,75,48,44,0,19,0,19,16,26,55,56,0,19
2024,06037555107,Census Tract 5551.07,Lakewood,Los Angeles County,California,Lakewood,742,145,39,37,0,19,0,19,8,13,0,19,31,34,0,19,97,57,29,26,0,19,8,13,40,48,20,22,0,19,351,112,30,27,98,66,31,27,70,57,111,58,11,23,255,90,36,43,9,15,46,57,11,18,153,80,0,19
2024,06037570001,Census Tract 5700.01,Lakewood,Los Angeles County,California,Lakewood,259,118,40,49,0,14,0,14,0,14,11,17,29,46,0,14,9,14,0,14,0,14,0,14,0,14,0,14,9,14,191,107,51,48,44,64,45,56,0,14,51,53,0,14,19,22,0,14,0,14,0,14,9,15,10,16,0,14
2024,06037570002,Census Tract 5700.02,Lakewood,Los Angeles County,California,Lakewood,124,48,0,14,0,14,0,14,0,14,0,14,0,14,0,14,22,21,6,10,0,14,7,12,0,14,9,14,0,14,81,48,5,8,61,44,0,14,0,14,15,17,0,14,21,17,0,14,5,11,0,14,5,8,0,14,11,12
2024,06037570003,Census Tract 5700.03,Lakewood,Los Angeles County,California,Lakewood,130,67,7,12,0,14,0,14,0,14,0,14,7,12,0,14,22,29,5,12,17,26,0,14,0,14,0,14,0,14,101,60,5,12,8,14,0,14,71,56,17,19,0,14,0,14,0,14,0,14,0,14,0,14,0,14,0,14
2024,06037570701,Census Tract 5707.01,Lakewood,Los Angeles County,California,Lakewood,1313,237,88,103,0,19,0,19,74,106,0,19,14,24,0,19,317,175,89,81,177,139,32,39,0,19,19,32,0,19,457,212,31,32,52,63,161,159,46,52,167,135,0,19,451,151,0,19,15,26,23,38,18,30,395,160,0,19
2024,06037570703,Census Tract 5707.03,Lakewood,Los Angeles County,California,Lakewood,131,70,0,14,0,14,0,14,0,14,0,14,0,14,0,14,49,44,8,13,0,14,0,14,0,14,41,45,0,14,71,49,15,18,0,14,0,14,12,22,37,38,7,10,11,13,0,14,0,14,0,14,0,14,5,8,6,9
2024,06037570800,Census Tract 5708,Lakewood,Los Angeles County,California,Lakewood,310,118,0,19,0,19,0,19,0,19,0,19,0,19,0,19,129,69,9,14,39,53,0,19,26,35,55,43,0,19,159,96,13,15,19,20,75,100,8,12,44,32,0,19,22,19,11,16,11,19,0,19,0,19,0,19,0,19
2024,06037570901,Census Tract 5709.01,Lakewood,Los Angeles County,California,Lakewood,117,60,0,19,0,19,0,19,0,19,0,19,0,19,0,19,46,45,6,11,17,27,0,19,23,35,0,19,0,19,57,41,23,26,7,12,8,12,0,19,10,16,9,15,14,17,0,19,0,19,0,19,6,11,0,19,8,13
2024,06037570902,Census Tract 5709.02,Lakewood,Los Angeles County,California,Lakewood,261,92,6,10,0,14,6,10,0,14,0,14,0,14,0,14,135,78,36,31,57,54,0,14,0,14,42,58,0,14,80,50,61,46,10,15,9,15,0,14,0,14,0,14,40,41,0,14,0,14,0,14,11,17,29,37,0,14
2024,06037571000,Census Tract 5710,Lakewood,Los Angeles County,California,Lakewood,251,105,0,19,0,19,0,19,0,19,0,19,0,19,0,19,23,23,11,17,0,19,0,19,0,19,12,18,0,19,228,98,8,15,8,13,89,61,18,28,74,54,31,50,0,19,0,19,0,19,0,19,0,19,0,19,0,19
2024,06037571101,Census Tract 5711.01,Lakewood,Los Angeles County,California,Lakewood,264,90,12,20,0,19,0,19,0,19,0,19,12,20,0,19,36,43,0,19,21,35,0,19,0,19,15,24,0,19,216,82,38,36,9,15,7,13,29,42,112,66,21,34,0,19,0,19,0,19,0,19,0,19,0,19,0,19
2024,06037571102,Census Tract 5711.02,Lakewood,Los Angeles County,California,Lakewood,211,94,0,14,0,14,0,14,0,14,0,14,0,14,0,14,26,32,13,21,0,14,13,23,0,14,0,14,0,14,148,84,40,55,0,14,23,33,48,47,37,34,0,14,37,26,0,14,0,14,0,14,17,19,20,21,0,14
2024,06037571300,Census Tract 5713,Lakewood,Los Angeles County,California,Lakewood,213,91,0,14,0,14,0,14,0,14,0,14,0,14,0,14,71,67,0,14,0,14,0,14,0,14,71,67,0,14,123,71,12,19,16,23,0,14,18,27,69,59,8,13,19,23,0,14,0,14,0,14,9,15,10,16,0,14
2024,06037571400,Census Tract 5714,Lakewood,Los Angeles County,California,Lakewood,607,217,23,31,19,30,0,14,0,14,0,14,4,6,0,14,110,93,16,20,8,14,0,14,11,18,75,80,0,14,367,125,61,49,100,69,29,34,52,62,125,74,0,14,107,159,98,158,0,14,0,14,0,14,9,14,0,14
2024,06037572001,Census Tract 5720.01,Lakewood,Los Angeles County,California,Lakewood,593,161,30,40,0,19,0,19,0,19,0,19,11,19,19,36,185,101,18,29,0,19,0,19,57,75,90,70,20,32,309,154,81,74,30,35,52,52,30,37,102,112,14,22,69,61,18,34,0,19,0,19,10,17,41,46,0,19
2024,06037573800,Census Tract 5738,Lakewood,Los Angeles County,California,Lakewood,133,70,11,17,0,14,0,14,0,14,0,14,11,17,0,14,65,53,0,14,0,14,41,37,0,14,24,39,0,14,48,38,16,20,11,16,0,14,0,14,21,26,0,14,9,14,9,14,0,14,0,14,0,14,0,14,0,14
2024,06037503601,Census Tract 5036.01,La Mirada,Los Angeles County,California,LaMirada,339,80,6,13,0,14,0,14,0,14,0,14,6,13,0,14,74,70,0,14,0,14,0,14,0,14,74,70,0,14,217,70,47,52,0,14,0,14,87,63,76,64,7,12,42,40,0,14,0,14,0,14,0,14,18,20,24,35
2024,06037503602,Census Tract 5036.02,La Mirada,Los Angeles County,California,LaMirada,129,57,0,14,0,14,0,14,0,14,0,14,0,14,0,14,77,54,7,11,0,14,0,14,51,52,19,28,0,14,52,43,8,14,16,20,0,14,0,14,28,35,0,14,0,14,0,14,0,14,0,14,0,14,0,14,0,14
2024,06037503704,Census Tract 5037.04,La Mirada,Los Angeles County,California,LaMirada,567,247,0,14,0,14,0,14,0,14,0,14,0,14,0,14,30,29,9,15,0,14,21,23,0,14,0,14,0,14,134,81,72,68,36,42,18,20,0,14,8,13,0,14,403,235,14,22,7,12,60,80,17,20,275,220,30,27
2024,06037503705,Census Tract 5037.05,La Mirada,Los Angeles County,California,LaMirada,124,54,0,14,0,14,0,14,0,14,0,14,0,14,0,14,0,14,0,14,0,14,0,14,0,14,0,14,0,14,30,27,18,25,0,14,0,14,0,14,3,11,9,17,94,46,7,12,0,14,6,10,0,14,71,42,10,16
2024,06037503801,Census Tract 5038.01,La Mirada,Los Angeles County,California,LaMirada,345,87,42,52,0,14,0,14,0,14,0,14,42,52,0,14,65,50,0,14,57,48,0,14,0,14,8,13,0,14,219,92,9,15,19,20,10,16,0,14,148,82,33,39,19,32,19,32,0,14,0,14,0,14,0,14,0,14
2024,06037503802,Census Tract 5038.02,La Mirada,Los Angeles County,California,LaMirada,596,208,0,19,0,19,0,19,0,19,0,19,0,19,0,19,88,63,21,24,30,46,9,14,0,19,28,42,0,19,457,197,48,42,59,70,74,71,173,179,103,64,0,19,51,45,32,43,0,19,8,13,0,19,11,18,0,19
2024,06037503901,Census Tract 5039.01,La Mirada,Los Angeles County,California,LaMirada,77,29,0,14,0,14,0,14,0,14,0,14,0,14,0,14,11,12,11,12,0,14,0,14,0,14,0,14,0,14,63,27,0,14,0,14,26,27,0,14,18,18,19,26,3,6,0,14,0,14,0,14,3,6,0,14,0,14
2024,06037503902,Census Tract 5039.02,La Mirada,Los Angeles County,California,LaMirada,238,109,2,8,0,19,0,19,0,19,0,19,2,8,0,19,23,27,0,19,10,17,0,19,13,23,0,19,0,19,183,103,37,46,19,30,19,21,10,17,98,90,0,19,30,47,0,19,0,19,0,19,0,19,30,47,0,19
2024,06037504001,Census Tract 5040.01,La Mirada,Los Angeles County,California,LaMirada,499,200,0,19,0,19,0,19,0,19,0,19,0,19,0,19,22,36,0,19,0,19,0,19,22,36,0,19,0,19,162,77,36,32,70,49,10,15,8,15,38,61,0,19,315,187,15,24,0,19,6,10,0,19,177,189,117,84
2024,06037504002,Census Tract 5040.02,La Mirada,Los Angeles County,California,LaMirada,236,124,63,95,0,14,63,95,0,14,0,14,0,14,0,14,24,25,0,14,0,14,10,16,0,14,14,19,0,14,128,61,42,38,10,16,32,37,0,14,35,43,9,15,21,25,0,14,0,14,0,14,0,14,12,20,9,15
2024,06037504101,Census Tract 5041.01,La Mirada,Los Angeles County,California,LaMirada,513,143,63,53,0,19,35,34,0,19,28,42,0,19,0,19,35,39,0,19,0,19,0,19,35,39,0,19,0,19,293,135,79,69,13,16,31,37,0,19,170,110,0,19,122,54,40,48,0,19,9,16,20,23,44,37,9,13
2024,06037900301,Census Tract 9003.01,Lancaster,Los Angeles County,California,Lancaster,236,124,0,14,0,14,0,14,0,14,0,14,0,14,0,14,141,103,28,40,0,14,16,31,0,14,97,103,0,14,65,68,65,68,0,14,0,14,0,14,0,14,0,14,30,35,0,14,0,14,0,14,0,14,13,21,17,27
2024,06037900501,Census Tract 9005.01,Lancaster,Los Angeles County,California,Lancaster,634,230,0,19,0,19,0,19,0,19,0,19,0,19,0,19,176,129,0,19,74,93,0,19,14,22,88,96,0,19,360,164,0,19,9,14,11,18,0,19,340,162,0,19,98,99,40,67,0,19,0,19,0,19,36,62,22,37
2024,06037900504,Census Tract 9005.04,Lancaster,Los Angeles County,California,Lancaster,810,249,21,32,0,19,0,19,0,19,0,19,21,32,0,19,209,152,0,19,120,134,0,19,69,75,19,35,1,21,415,145,48,45,0,19,63,81,80,75,224,124,0,19,165,117,0,19,0,19,0,19,21,33,72,52,72,94
2024,06037900505,Census Tract 9005.05,Lancaster,Los Angeles County,California,Lancaster,472,155,0,14,0,14,0,14,0,14,0,14,0,14,0,14,67,79,0,14,0,14,0,14,0,14,67,79,0,14,353,137,23,25,0,14,63,67,26,39,203,99,38,63,52,49,43,48,0,14,0,14,0,14,9,14,0,14
2024,06037900506,Census Tract 9005.06,Lancaster,Los Angeles County,California,Lancaster,658,168,32,50,0,19,32,50,0,19,0,19,0,19,0,19,101,56,75,50,0,19,9,14,0,19,6,15,11,18,437,165,36,44,65,62,38,45,13,27,285,168,0,19,88,70,0,19,0,19,0,19,0,19,88,70,0,19
2024,06037900508,Census Tract 9005.08,Lancaster,Los Angeles County,California,Lancaster,121,48,0,14,0,14,0,14,0,14,0,14,0,14,0,14,12,23,12,23,0,14,0,14,0,14,0,14,0,14,109,56,0,14,0,14,0,14,0,14,101,54,8,11,0,14,0,14,0,14,0,14,0,14,0,14,0,14
2024,06037900509,Census Tract 9005.09,Lancaster,Los Angeles County,California,Lancaster,455,149,11,16,0,14,0,14,0,14,0,14,11,16,0,14,134,101,11,20,0,14,13,24,0,14,110,97,0,14,267,125,107,88,57,67,11,17,15,24,67,61,10,15,43,58,0,14,0,14,0,14,0,14,0,14,43,58
2024,06037900510,Census Tract 9005.10,Lancaster,Los Angeles County,California,Lancaster,422,211,0,14,0,14,0,14,0,14,0,14,0,14,0,14,74,83,0,14,0,14,0,14,0,14,74,83,0,14,260,158,104,84,12,27,0,14,67,111,77,74,0,14,88,135,0,14,0,14,0,14,0,14,0,14,88,135
2024,06037900602,Census Tract 9006.02,Lancaster,Los Angeles County,California,Lancaster,602,198,35,52,0,19,0,19,0,19,0,19,0,19,35,52,150,138,0,19,26,45,87,127,13,25,24,38,0,19,343,158,48,46,0,19,0,19,0,19,245,131,50,42,74,55,14,24,0,19,13,19,0,19,47,46,0,19
2024,06037900606,Census Tract 9006.06,Lancaster,Los Angeles County,California,Lancaster,1045,479,10,16,0,14,0,14,10,16,0,14,0,14,0,14,362,439,334,437,0,14,0,14,0,14,28,31,0,14,628,154,102,79,24,37,18,28,48,71,393,170,43,47,45,38,4,6,0,14,0,14,28,31,13,21,0,14
2024,06037900607,Census Tract 9006.07,Lancaster,Los Angeles County,California,Lancaster,502,157,0,19,0,19,0,19,0,19,0,19,0,19,0,19,68,63,9,14,0,19,9,14,36,56,14,22,0,19,434,158,121,129,8,14,33,55,0,19,216,101,56,66,0,19,0,19,0,19,0,19,0,19,0,19,0,19
2024,06037900608,Census Tract 9006.08,Lancaster,Los Angeles County,California,Lancaster,368,126,7,12,0,14,0,14,0,14,7,12,0,14,0,14,27,44,0,14,0,14,27,44,0,14,0,14,0,14,299,118,72,84,59,65,0,14,0,14,127,107,41,45,35,37,0,14,0,14,0,14,24,39,11,19,0,14
2024,06037900609,Census Tract 9006.09,Lancaster,Los Angeles County,California,Lancaster,637,200,0,19,0,19,0,19,0,19,0,19,0,19,0,19,50,83,50,83,0,19,0,19,0,19,0,19,0,19,440,147,63,60,0,19,45,55,59,65,208,115,65,66,147,128,58,70,0,19,0,19,0,19,80,78,9,22
2024,06037900610,Census Tract 9006.10,Lancaster,Los Angeles County,California,Lancaster,203,138,0,14,0,14,0,14,0,14,0,14,0,14,0,14,54,85,0,14,0,14,0,14,54,85,0,14,0,14,125,113,0,14,103,112,0,14,10,17,12,20,0,14,24,28,0,14,0,14,15,23,0,14,9,15,0,14
2024,06037900611,Census Tract 9006.11,Lancaster,Los Angeles County,California,Lancaster,99,66,0,14,0,14,0,14,0,14,0,14,0,14,0,14,14,26,0,14,0,14,0,14,14,26,0,14,0,14,64,59,54,57,0,14,0,14,10,18,0,14,0,14,21,24,0,14,0,14,0,14,0,14,21,24,0,14
2024,06037900701,Census Tract 9007.01,Lancaster,Los Angeles County,California,Lancaster,643,144,40,57,0,14,0,14,0,14,0,14,0,14,40,57,36,45,0,14,0,14,36,45,0,14,0,14,0,14,445,125,42,47,0,14,0,14,97,72,293,93,13,22,122,90,0,14,5,8,0,14,35,48,82,65,0,14
2024,06037900703,Census Tract 9007.03,Lancaster,Los Angeles County,California,Lancaster,1695,335,92,63,0,19,7,11,0,19,0,19,85,62,0,19,248,121,74,62,27,27,0,19,45,57,92,75,10,16,791,279,178,125,31,39,157,136,81,119,302,197,42,66,564,207,141,152,23,24,49,41,10,16,341,146,0,19
2024,06037900704,Census Tract 9007.04,Lancaster,Los Angeles County,California,Lancaster,1568,237,149,89,8,13,6,10,0,14,0,14,135,88,0,14,681,164,143,80,109,79,107,90,116,80,206,111,0,14,693,223,67,60,155,76,26,40,45,63,400,204,0,14,45,32,8,14,0,14,11,18,0,14,26,23,0,14
2024,06037900705,Census Tract 9007.05,Lancaster,Los Angeles County,California,Lancaster,1527,259,21,34,0,14,21,34,0,14,0,14,0,14,0,14,313,164,113,87,21,34,0,14,0,14,108,110,71,114,898,281,145,150,57,66,0,14,133,157,458,252,105,162,295,152,73,76,0,14,82,119,0,14,140,87,0,14
2024,06037900804,Census Tract 9008.04,Lancaster,Los Angeles County,California,Lancaster,537,118,32,37,15,24,17,28,0,14,0,14,0,14,0,14,130,89,36,41,10,17,0,14,0,14,75,78,9,15,287,104,32,36,8,13,38,47,17,26,176,84,16,26,88,50,30,31,5,8,0,14,0,14,39,37,14,23
2024,06037900805,Census Tract 9008.05,Lancaster,Los Angeles County,California,Lancaster,316,121,8,13,0,19,0,19,0,19,8,13,0,19,0,19,86,74,10,16,0,19,21,31,6,17,49,57,0,19,212,99,28,31,0,19,45,59,73,75,66,58,0,19,10,17,0,19,0,19,0,19,10,17,0,19,0,19
2024,06037900806,Census Tract 9008.06,Lancaster,Los Angeles County,California,Lancaster,1869,267,91,105,0,14,0,14,0,14,12,20,79,102,0,14,45,66,15,23,0,14,0,14,0,14,30,62,0,14,1174,262,273,193,219,228,20,33,26,42,563,197,73,90,559,152,41,46,20,33,91,69,7,11,375,129,25,35
2024,06037900807,Census Tract 9008.07,Lancaster,Los Angeles County,California,Lancaster,339,183,0,14,0,14,0,14,0,14,0,14,0,14,0,14,72,108,0,14,0,14,0,14,72,108,0,14,0,14,253,150,69,84,47,69,0,14,0,14,137,118,0,14,14,22,0,14,0,14,0,14,14,22,0,14,0,14
2024,06037900808,Census Tract 9008.08,Lancaster,Los Angeles County,California,Lancaster,424,126,0,19,0,19,0,19,0,19,0,19,0,19,0,19,28,31,14,22,0,19,7,12,0,19,7,13,0,19,375,127,23,32,59,64,0,19,67,72,194,102,32,39,21,21,7,13,0,19,0,19,0,19,6,10,8,12
2024,06037900901,Census Tract 9009.01,Lancaster,Los Angeles County,California,Lancaster,483,148,10,16,0,14,0,14,10,16,0,14,0,14,0,14,109,75,0,14,0,14,0,14,0,14,109,75,0,14,320,132,0,14,0,14,11,18,0,14,299,130,10,15,44,43,0,14,0,14,0,14,0,14,33,40,11,18
2024,06037900902,Census Tract 9009.02,Lancaster,Los Angeles County,California,Lancaster,43,34,0,14,0,14,0,14,0,14,0,14,0,14,0,14,0,14,0,14,0,14,0,14,0,14,0,14,0,14,35,32,8,13,0,14,18,28,9,15,0,14,0,14,8,12,0,14,0,14,0,14,0,14,0,14,8,12
2024,06037901003,Census Tract 9010.03,Lancaster,Los Angeles County,California,Lancaster,0,14,0,14,0,14,0,14,0,14,0,14,0,14,0,14,0,14,0,14,0,14,0,14,0,14,0,14,0,14,0,14,0,14,0,14,0,14,0,14,0,14,0,14,0,14,0,14,0,14,0,14,0,14,0,14,0,14
2024,06037901007,Census Tract 9010.07,Lancaster,Los Angeles County,California,Lancaster,88,50,0,14,0,14,0,14,0,14,0,14,0,14,0,14,0,14,0,14,0,14,0,14,0,14,0,14,0,14,83,48,46,40,0,14,11,13,15,23,11,13,0,14,5,9,0,14,0,14,0,14,0,14,5,9,0,14
2024,06037901008,Census Tract 9010.08,Lancaster,Los Angeles County,California,Lancaster,548,174,0,14,0,14,0,14,0,14,0,14,0,14,0,14,133,71,67,79,11,17,13,21,9,21,33,37,0,14,415,176,205,168,0,14,70,48,32,53,98,72,10,16,0,14,0,14,0,14,0,14,0,14,0,14,0,14
2024,06037901009,Census Tract 9010.09,Lancaster,Los Angeles County,California,Lancaster,632,177,21,34,0,19,0,19,0,19,0,19,21,34,0,19,159,122,0,19,15,20,8,13,0,19,127,115,9,16,409,164,17,29,99,90,0,19,0,19,248,143,45,46,43,50,0,19,0,19,0,19,32,49,0,19,11,19
2024,06037901010,Census Tract 9010.10,Lancaster,Los Angeles County,California,Lancaster,591,194,57,83,0,19,0,19,0,19,0,19,57,83,0,19,199,130,44,52,30,46,0,19,47,77,58,67,20,30,298,145,20,24,33,53,51,60,19,31,128,117,47,53,37,41,19,31,0,19,0,19,0,19,0,19,18,27
2024,06037901011,Census Tract 9010.11,Lancaster,Los Angeles County,California,Lancaster,1068,223,62,59,21,33,0,14,0,14,19,32,22,37,0,14,166,120,42,47,8,18,30,35,86,106,0,14,0,14,628,228,278,170,57,58,19,31,85,127,189,127,0,14,212,126,0,14,48,68,0,14,27,43,137,99,0,14
2024,06037901012,Census Tract 9010.12,Lancaster,Los Angeles County,California,Lancaster,206,104,0,19,0,19,0,19,0,19,0,19,0,19,0,19,110,59,19,31,0,19,0,19,16,27,75,59,0,19,96,92,24,43,0,19,44,60,0,19,0,19,28,53,0,19,0,19,0,19,0,19,0,19,0,19,0,19
2024,06037901013,Census Tract 9010.13,Lancaster,Los Angeles County,California,Lancaster,231,141,52,53,0,14,0,14,0,14,13,23,39,48,0,14,43,48,0,14,0,14,18,29,0,14,25,39,0,14,136,114,65,82,0,14,0,14,0,14,71,73,0,14,0,14,0,14,0,14,0,14,0,14,0,14,0,14
2024,06037901014,Census Tract 9010.14,Lancaster,Los Angeles County,California,Lancaster,302,130,0,19,0,19,0,19,0,19,0,19,0,19,0,19,29,34,18,29,11,17,0,19,0,19,0,19,0,19,226,119,30,30,31,29,66,76,32,48,51,57,16,21,47,60,0,19,0,19,0,19,0,19,47,60,0,19
2024,06037901101,Census Tract 9011.01,Lancaster,Los Angeles County,California,Lancaster,453,147,0,19,0,19,0,19,0,19,0,19,0,19,0,19,116,80,33,32,48,52,0,19,0,19,35,56,0,19,304,130,122,95,55,65,16,28,0,19,111,72,0,19,33,34,8,12,0,19,0,19,0,19,25,31,0,19
2024,06037901102,Census Tract 9011.02,Lancaster,Los Angeles County,California,Lancaster,527,207,0,19,0,19,0,19,0,19,0,19,0,19,0,19,75,77,0,19,34,50,0,19,0,19,41,63,0,19,318,119,48,60,63,63,14,21,32,53,152,75,9,16,134,136,18,23,8,12,0,19,0,19,0,19,108,133
2024,06037901214,Census Tract 9012.14,Lancaster,Los Angeles County,California,Lancaster,205,155,0,19,0,19,0,19,0,19,0,19,0,19,0,19,0,19,0,19,0,19,0,19,0,19,0,19,0,19,198,156,10,17,10,16,38,37,0,19,130,159,10,16,7,12,0,19,0,19,0,19,0,19,7,12,0,19
2024,06037901215,Census Tract 9012.15,Lancaster,Los Angeles County,California,Lancaster,648,121,0,14,0,14,0,14,0,14,0,14,0,14,0,14,10,17,0,14,0,14,0,14,0,14,10,17,0,14,156,88,59,58,0,14,0,14,23,37,66,59,8,13,482,99,8,12,24,36,0,14,42,54,391,110,17,20
2024,06037901216,Census Tract 9012.16,Lancaster,Los Angeles County,California,Lancaster,0,14,0,14,0,14,0,14,0,14,0,14,0,14,0,14,0,14,0,14,0,14,0,14,0,14,0,14,0,14,0,14,0,14,0,14,0,14,0,14,0,14,0,14,0,14,0,14,0,14,0,14,0,14,0,14,0,14
2024,06037901217,Census Tract 9012.17,Lancaster,Los Angeles County,California,Lancaster,26,34,0,14,0,14,0,14,0,14,0,14,0,14,0,14,0,14,0,14,0,14,0,14,0,14,0,14,0,14,4,6,4,6,0,14,0,14,0,14,0,14,0,14,22,34,22,34,0,14,0,14,0,14,0,14,0,14
2024,06037901300,Census Tract 9013,Lancaster,Los Angeles County,California,Lancaster,190,76,20,26,0,14,0,14,0,14,15,25,5,8,0,14,41,42,0,14,0,14,0,14,6,9,35,42,0,14,103,40,6,11,0,14,0,14,14,19,21,23,62,39,26,29,0,14,0,14,21,28,0,14,5,8,0,14
2024,06037910211,Census Tract 9102.11,Lancaster,Los Angeles County,California,Lancaster,88,81,0,14,0,14,0,14,0,14,0,14,0,14,0,14,0,14,0,14,0,14,0,14,0,14,0,14,0,14,78,80,8,12,0,14,44,71,0,14,26,34,0,14,10,14,0,14,0,14,0,14,0,14,10,14,0,14
2024,06037406903,Census Tract 4069.03,La Puente,Los Angeles County,California,LaPuente,848,216,25,46,25,46,0,19,0,19,0,19,0,19,0,19,41,60,6,10,35,59,0,19,0,19,0,19,0,19,474,190,35,46,0,19,6,11,174,175,259,159,0,19,308,149,0,19,39,65,36,28,0,19,233,139,0,19
2024,06037407002,Census Tract 4070.02,La Puente,Los Angeles County,California,LaPuente,69,49,0,14,0,14,0,14,0,14,0,14,0,14,0,14,1,5,0,14,1,5,0,14,0,14,0,14,0,14,63,48,26,33,16,23,0,14,0,14,21,22,0,14,5,7,0,14,0,14,0,14,0,14,0,14,5,7
2024,06037407101,Census Tract 4071.01,La Puente,Los Angeles County,California,LaPuente,398,116,0,14,0,14,0,14,0,14,0,14,0,14,0,14,15,18,0,14,0,14,6,11,0,14,0,14,9,15,342,122,81,63,66,62,4,10,27,42,164,78,0,14,41,40,0,14,0,14,0,14,0,14,31,37,10,16
2024,06037407102,Census Tract 4071.02,La Puente,Los Angeles County,California,LaPuente,330,79,8,12,0,19,0,19,0,19,8,12,0,19,0,19,36,39,0,19,0,19,0,19,17,27,19,31,0,19,252,77,108,61,0,19,14,16,41,46,89,68,0,19,34,46,0,19,0,19,25,43,0,19,9,15,0,19
2024,06037407201,Census Tract 4072.01,La Puente,Los Angeles County,California,LaPuente,255,89,0,14,0,14,0,14,0,14,0,14,0,14,0,14,56,50,36,45,5,9,0,14,0,14,15,25,0,14,182,76,87,76,9,14,0,14,0,14,86,53,0,14,17,19,8,12,0,14,0,14,0,14,9,14,0,14
2024,06037407202,Census Tract 4072.02,La Puente,Los Angeles County,California,LaPuente,99,62,5,8,0,14,0,14,0,14,0,14,5,8,0,14,8,11,0,14,8,11,0,14,0,14,0,14,0,14,38,37,30,34,0,14,0,14,0,14,8,12,0,14,48,45,0,14,0,14,24,38,0,14,24,29,0,14
2024,06037407301,Census Tract 4073.01,La Puente,Los Angeles County,California,LaPuente,221,85,0,14,0,14,0,14,0,14,0,14,0,14,0,14,57,51,0,14,0,14,0,14,0,14,57,51,0,14,123,73,0,14,13,19,9,14,24,34,47,55,30,31,41,45,0,14,0,14,0,14,0,14,41,45,0,14
2024,06037407501,Census Tract 4075.01,La Puente,Los Angeles County,California,LaPuente,364,92,0,14,0,14,0,14,0,14,0,14,0,14,0,14,35,34,0,14,5,7,0,14,0,14,30,34,0,14,293,101,65,47,27,25,0,14,20,33,181,100,0,14,36,36,0,14,28,37,0,14,8,12,0,14,0,14
2024,06037407601,Census Tract 4076.01,La Puente,Los Angeles County,California,LaPuente,781,108,52,56,0,14,0,14,44,56,0,14,8,13,0,14,154,109,0,14,0,14,0,14,27,40,127,93,0,14,462,134,77,56,116,88,68,61,60,66,141,92,0,14,113,67,10,15,59,59,0,14,0,14,44,35,0,14
2024,06037407602,Census Tract 4076.02,La Puente,Los Angeles County,California,LaPuente,397,124,0,14,0,14,0,14,0,14,0,14,0,14,0,14,39,42,0,14,0,14,0,14,0,14,28,38,11,17,340,121,100,110,23,20,18,23,59,38,128,59,12,15,18,15,0,14,0,14,0,14,0,14,10,11,8,10
2024,06037407701,Census Tract 4077.01,La Puente,Los Angeles County,California,LaPuente,656,98,25,39,0,14,0,14,0,14,0,14,25,39,0,14,144,86,44,55,11,18,0,14,8,14,81,60,0,14,319,99,44,52,93,72,26,33,0,14,149,65,7,11,168,92,25,38,0,14,0,14,26,25,95,85,22,35
2024,06037407702,Census Tract 4077.02,La Puente,Los Angeles County,California,LaPuente,451,123,0,19,0,19,0,19,0,19,0,19,0,19,0,19,111,73,8,19,0,19,94,70,0,19,9,14,0,19,303,107,94,68,10,17,17,22,31,48,130,78,21,25,37,30,0,19,0,19,0,19,0,19,25,23,12,19
2024,06037400207,Census Tract 4002.07,La Verne,Los Angeles County,California,LaVerne,151,85,0,14,0,14,0,14,0,14,0,14,0,14,0,14,0,14,0,14,0,14,0,14,0,14,0,14,0,14,107,74,16,18,0,14,0,14,0,14,82,71,9,16,44,49,0,14,0,14,0,14,0,14,27,42,17,25
2024,06037400208,Census Tract 4002.08,La Verne,Los Angeles County,California,LaVerne,38,30,0,14,0,14,0,14,0,14,0,14,0,14,0,14,0,14,0,14,0,14,0,14,0,14,0,14,0,14,29,28,0,14,0,14,0,14,12,20,17,21,0,14,9,11,0,14,0,14,9,11,0,14,0,14,0,14
2024,06037400209,Census Tract 4002.09,La Verne,Los Angeles County,California,LaVerne,208,99,24,37,0,14,0,14,0,14,0,14,0,14,24,37,0,14,0,14,0,14,0,14,0,14,0,14,0,14,170,97,86,73,35,52,0,14,0,14,33,52,16,27,14,22,0,14,0,14,0,14,0,14,14,22,0,14
2024,06037401500,Census Tract 4015,La Verne,Los Angeles County,California,LaVerne,711,147,77,59,7,11,0,19,21,27,26,38,23,39,0,19,229,114,0,19,77,71,33,40,0,19,68,61,51,58,343,101,54,45,70,61,14,19,31,31,133,66,41,41,62,64,8,14,0,19,7,12,0,19,7,12,40,61
2024,06037401601,Census Tract 4016.01,La Verne,Los Angeles County,California,LaVerne,809,235,66,64,0,19,0,19,22,35,24,41,20,33,0,19,158,111,17,30,16,25,73,73,34,57,0,19,18,31,369,173,73,74,96,115,31,36,68,106,101,73,0,19,216,112,16,28,0,19,18,30,0,19,131,83,51,80
2024,06037401602,Census Tract 4016.02,La Verne,Los Angeles County,California,LaVerne,1001,243,47,53,20,29,0,19,27,45,0,19,0,19,0,19,86,49,57,39,9,16,0,19,20,25,0,19,0,19,595,182,115,106,139,129,19,31,89,71,171,91,62,68,273,166,55,70,0,19,0,19,20,32,187,155,11,17
2024,06037408900,Census Tract 4089,La Verne,Los Angeles County,California,LaVerne,803,202,0,19,0,19,0,19,0,19,0,19,0,19,0,19,139,108,0,19,0,19,0,19,0,19,123,103,16,26,209,103,136,97,10,16,23,34,22,34,18,22,0,19,455,155,18,29,0,19,137,120,0,19,246,107,54,43
2024,06037603801,Census Tract 6038.01,Lawndale,Los Angeles County,California,Lawndale,1021,139,85,60,0,14,0,14,0,14,21,34,64,47,0,14,196,89,57,47,0,14,22,28,61,60,56,50,0,14,662,132,102,52,40,40,36,34,53,55,431,142,0,14,78,77,7,12,0,14,0,14,0,14,48,70,23,39
2024,06037603802,Census Tract 6038.02,Lawndale,Los Angeles County,California,Lawndale,558,135,0,14,0,14,0,14,0,14,0,14,0,14,0,14,77,56,0,14,17,29,7,11,0,14,53,48,0,14,464,139,104,64,83,67,27,34,25,28,216,94,9,15,17,28,0,14,17,28,0,14,0,14,0,14,0,14
2024,06037603901,Census Tract 6039.01,Lawndale,Los Angeles County,California,Lawndale,647,149,0,14,0,14,0,14,0,14,0,14,0,14,0,14,210,105,106,87,0,14,14,22,23,39,67,56,0,14,335,140,232,131,0,14,22,26,41,52,30,29,10,16,102,68,10,16,22,26,0,14,0,14,22,35,48,51
2024,06037603902,Census Tract 6039.02,Lawndale,Los Angeles County,California,Lawndale,599,175,0,14,0,14,0,14,0,14,0,14,0,14,0,14,151,152,21,34,0,14,0,14,21,34,109,147,0,14,265,123,103,92,0,14,0,14,0,14,151,118,11,16,183,84,44,44,0,14,14,22,30,36,95,80,0,14
2024,06037604001,Census Tract 6040.01,Lawndale,Los Angeles County,California,Lawndale,858,125,67,63,58,62,0,14,0,14,0,14,9,14,0,14,107,68,21,27,0,14,0,14,44,56,42,41,0,14,665,138,111,82,85,53,77,59,73,45,216,105,103,70,19,20,0,14,0,14,0,14,7,11,12,16,0,14
2024,06037604002,Census Tract 6040.02,Lawndale,Los Angeles County,California,Lawndale,1106,134,99,75,0,14,0,14,20,31,0,14,42,50,37,55,245,85,19,23,69,62,36,32,0,14,121,64,0,14,650,155,71,43,17,20,137,87,120,85,300,122,5,9,112,61,0,14,6,9,40,60,0,14,59,53,7,12
2024,06037604101,Census Tract 6041.01,Lawndale,Los Angeles County,California,Lawndale,839,137,52,80,0,14,0,14,0,14,0,14,52,80,0,14,110,76,8,14,29,44,0,14,0,14,73,69,0,14,637,134,182,102,28,34,78,61,140,82,209,100,0,14,40,49,0,14,0,14,0,14,0,14,40,49,0,14
2024,06037604102,Census Tract 6041.02,Lawndale,Los Angeles County,California,Lawndale,507,156,6,9,0,14,6,9,0,14,0,14,0,14,0,14,154,113,55,87,0,14,53,64,0,14,46,41,0,14,279,104,68,100,35,32,46,36,10,17,81,56,39,36,68,48,4,7,0,14,0,14,0,14,64,47,0,14
2024,06037601501,Census Tract 6015.01,Lennox,Los Angeles County,California,Lennox,811,123,26,30,0,14,0,14,0,14,14,23,12,20,0,14,186,74,29,39,0,14,0,14,0,14,157,74,0,14,451,161,182,110,25,40,21,24,0,14,223,117,0,14,148,95,10,15,28,44,0,14,25,37,85,72,0,14
2024,06037601502,Census Tract 6015.02,Lennox,Los Angeles County,California,Lennox,596,73,16,25,0,14,0,14,0,14,0,14,0,14,16,25,89,50,46,42,6,8,8,13,7,12,5,9,17,26,429,80,106,61,46,43,120,56,44,39,108,56,5,8,62,37,11,16,8,13,0,14,0,14,36,30,7,11
2024,06037601600,Census Tract 6016,Lennox,Los Angeles County,California,Lennox,875,299,0,14,0,14,0,14,0,14,0,14,0,14,0,14,139,87,53,52,0,14,0,14,0,14,77,73,9,16,659,292,198,94,76,59,5,15,0,14,380,290,0,14,77,71,0,14,0,14,0,14,0,14,57,63,20,32
2024,06037601700,Census Tract 6017,Lennox,Los Angeles County,California,Lennox,1059,219,53,52,0,19,0,19,20,32,0,19,33,41,0,19,132,71,38,40,0,19,0,19,0,19,94,67,0,19,779,240,211,114,36,37,44,51,40,66,368,193,80,92,95,77,18,28,0,19,0,19,0,19,77,72,0,19
2024,06037601801,Census Tract 6018.01,Lennox,Los Angeles County,California,Lennox,597,137,12,20,0,14,0,14,12,20,0,14,0,14,0,14,106,75,29,31,0,14,0,14,0,14,77,70,0,14,391,121,83,55,31,24,86,84,26,35,165,76,0,14,88,49,0,14,9,16,11,20,6,11,62,44,0,14
2024,06037601802,Census Tract 6018.02,Lennox,Los Angeles County,California,Lennox,611,113,13,21,0,14,0,14,0,14,0,14,13,21,0,14,105,52,21,23,0,14,20,30,0,14,64,41,0,14,364,128,157,101,61,66,0,14,0,14,98,66,48,52,129,88,34,49,0,14,22,31,0,14,47,55,26,37
2024,06037901217,Census Tract 9012.17,Leona Valley,Los Angeles County,California,LeonaValley,26,34,0,14,0,14,0,14,0,14,0,14,0,14,0,14,0,14,0,14,0,14,0,14,0,14,0,14,0,14,4,6,4,6,0,14,0,14,0,14,0,14,0,14,22,34,22,34,0,14,0,14,0,14,0,14,0,14
2024,06037920050,Census Tract 9200.50,Leona Valley,Los Angeles County,California,LeonaValley,118,69,0,14,0,14,0,14,0,14,0,14,0,14,0,14,4,6,4,6,0,14,0,14,0,14,0,14,0,14,114,69,6,10,32,36,0,14,0,14,72,59,4,6,0,14,0,14,0,14,0,14,0,14,0,14,0,14
2024,06037910002,Census Tract 9100.02,Littlerock,Los Angeles County,California,Littlerock,494,217,0,19,0,19,0,19,0,19,0,19,0,19,0,19,124,148,0,19,0,19,0,19,0,19,40,44,84,129,291,174,26,29,0,19,14,21,0,19,231,167,20,32,79,110,0,19,6,14,0,19,0,19,73,111,0,19
2024,06037911001,Census Tract 9110.01,Littlerock,Los Angeles County,California,Littlerock,189,119,0,14,0,14,0,14,0,14,0,14,0,14,0,14,57,79,30,48,0,14,0,14,0,14,27,44,0,14,77,73,0,14,0,14,0,14,0,14,24,39,53,62,55,64,24,40,0,14,0,14,0,14,0,14,31,51
2024,06037670001,Census Tract 6700.01,Lomita,Los Angeles County,California,Lomita,513,118,0,14,0,14,0,14,0,14,0,14,0,14,0,14,123,76,24,26,0,14,15,26,9,13,69,67,6,12,227,96,92,90,4,8,0,14,13,21,92,87,26,44,163,80,28,45,11,18,16,19,20,25,72,55,16,25
2024,06037670002,Census Tract 6700.02,Lomita,Los Angeles County,California,Lomita,810,160,22,38,0,14,0,14,0,14,0,14,22,38,0,14,121,60,24,23,36,37,0,14,0,14,61,44,0,14,438,136,120,54,42,54,57,64,54,36,98,66,67,79,229,95,61,52,16,14,7,12,49,41,93,81,3,4
2024,06037670003,Census Tract 6700.03,Lomita,Los Angeles County,California,Lomita,1034,238,63,93,0,19,0,19,0,19,0,19,63,93,0,19,233,142,6,19,0,19,55,63,0,19,156,133,16,26,458,175,216,140,21,34,16,28,0,19,176,112,29,46,280,130,0,19,0,19,18,27,45,48,217,117,0,19
2024,06037670101,Census Tract 6701.01,Lomita,Los Angeles County,California,Lomita,674,191,95,147,0,14,0,14,95,147,0,14,0,14,0,14,95,65,59,53,36,34,0,14,0,14,0,14,0,14,396,125,105,89,33,32,113,115,36,45,109,96,0,14,88,71,0,14,25,42,14,22,0,14,49,47,0,14
2024,06037670102,Census Tract 6701.02,Lomita,Los Angeles County,California,Lomita,933,194,101,79,19,31,29,43,0,14,15,25,38,61,0,14,297,171,21,23,105,99,19,22,8,12,144,140,0,14,436,154,127,91,68,55,0,14,32,42,196,121,13,23,99,72,8,13,8,14,44,61,29,32,10,17,0,14
2024,06037544002,Census Tract 5440.02,Long Beach,Los Angeles County,California,LongBeach,215,82,0,14,0,14,0,14,0,14,0,14,0,14,0,14,47,38,0,14,23,31,21,28,3,5,0,14,0,14,138,81,29,29,9,13,5,7,0,14,95,76,0,14,30,29,25,30,0,14,0,14,0,14,5,8,0,14
2024,06037555202,Census Tract 5552.02,Long Beach,Los Angeles County,California,LongBeach,106,55,0,14,0,14,0,14,0,14,0,14,0,14,0,14,24,27,0,14,0,14,0,14,0,14,24,27,0,14,67,45,10,16,7,13,0,14,16,21,24,30,10,15,15,24,0,14,0,14,0,14,0,14,15,24,0,14
2024,06037570100,Census Tract 5701,Long Beach,Los Angeles County,California,LongBeach,141,60,0,14,0,14,0,14,0,14,0,14,0,14,0,14,49,40,0,14,0,14,0,14,0,14,49,40,0,14,80,54,0,14,40,43,12,23,0,14,24,29,4,8,12,18,0,14,0,14,0,14,0,14,12,18,0,14
2024,06037570202,Census Tract 5702.02,Long Beach,Los Angeles County,California,LongBeach,764,231,142,119,0,19,0,19,0,19,34,40,108,112,0,19,82,67,0,19,20,33,0,19,0,19,62,60,0,19,449,226,77,65,87,83,15,25,28,40,116,87,126,175,91,64,15,24,0,19,0,19,10,16,66,60,0,19
2024,06037570203,Census Tract 5702.03,Long Beach,Los Angeles County,California,LongBeach,996,219,12,26,12,26,0,14,0,14,0,14,0,14,0,14,269,140,31,51,31,40,0,14,104,87,80,66,23,36,660,239,154,156,67,79,0,14,23,28,346,177,70,71,55,44,0,14,0,14,20,32,0,14,35,40,0,14
2024,06037570204,Census Tract 5702.04,Long Beach,Los Angeles County,California,LongBeach,857,229,0,14,0,14,0,14,0,14,0,14,0,14,0,14,87,59,27,40,0,14,0,14,0,14,60,44,0,14,535,215,172,134,59,63,13,21,87,102,163,110,41,48,235,112,46,72,50,56,0,14,16,24,123,71,0,14
2024,06037570303,Census Tract 5703.03,Long Beach,Los Angeles County,California,LongBeach,810,215,13,21,0,14,0,14,0,14,0,14,13,21,0,14,137,85,16,25,0,14,46,65,34,51,41,46,0,14,610,215,8,13,17,28,107,83,112,85,353,204,13,21,50,59,0,14,36,52,0,14,0,14,14,20,0,14
2024,06037570304,Census Tract 5703.04,Long Beach,Los Angeles County,California,LongBeach,1154,164,83,49,33,39,0,14,0,14,0,14,50,44,0,14,375,144,9,15,78,77,20,32,47,74,187,107,34,51,667,151,159,102,105,85,117,93,19,30,252,102,15,24,29,30,0,14,8,13,0,14,0,14,21,26,0,14
2024,06037570305,Census Tract 5703.05,Long Beach,Los Angeles County,California,LongBeach,1103,123,108,79,0,19,0,19,0,19,56,63,52,51,0,19,271,119,66,62,23,25,0,19,11,18,149,96,22,36,626,157,144,102,48,42,81,75,53,56,247,98,53,55,98,91,0,19,7,12,0,19,35,57,56,72,0,19
2024,06037570306,Census Tract 5703.06,Long Beach,Los Angeles County,California,LongBeach,315,126,0,14,0,14,0,14,0,14,0,14,0,14,0,14,30,30,14,24,16,18,0,14,0,14,0,14,0,14,259,125,35,39,19,23,55,86,8,12,114,88,28,45,26,30,0,14,0,14,8,12,0,14,18,28,0,14
2024,06037570402,Census Tract 5704.02,Long Beach,Los Angeles County,California,LongBeach,167,75,23,33,0,14,0,14,0,14,23,33,0,14,0,14,5,9,0,14,0,14,0,14,0,14,5,9,0,14,124,60,11,19,32,41,6,10,0,14,70,50,5,7,15,17,0,14,0,14,0,14,0,14,10,15,5,7
2024,06037570403,Census Tract 5704.03,Long Beach,Los Angeles County,California,LongBeach,725,112,41,43,0,14,26,36,0,14,0,14,15,24,0,14,67,56,0,14,0,14,0,14,23,35,44,42,0,14,534,112,181,97,65,53,28,35,57,55,203,84,0,14,83,34,8,14,0,14,0,14,0,14,10,18,65,33
2024,06037570404,Census Tract 5704.04,Long Beach,Los Angeles County,California,LongBeach,269,79,14,14,6,9,0,14,0,14,0,14,8,11,0,14,40,35,0,14,0,14,16,21,17,25,7,13,0,14,179,82,30,31,14,22,14,18,21,30,100,66,0,14,36,35,0,14,0,14,0,14,0,14,36,35,0,14
2024,06037570502,Census Tract 5705.02,Long Beach,Los Angeles County,California,LongBeach,1097,299,59,57,0,19,0,19,0,19,0,19,59,57,0,19,197,85,82,72,31,38,0,19,16,27,42,47,26,41,447,140,119,82,18,21,51,63,35,40,224,121,0,19,394,283,7,12,2,11,10,15,4,6,198,96,173,260
2024,06037570503,Census Tract 5705.03,Long Beach,Los Angeles County,California,LongBeach,486,142,0,14,0,14,0,14,0,14,0,14,0,14,0,14,114,68,61,59,0,14,0,14,0,14,53,47,0,14,353,157,93,108,110,73,57,90,10,16,70,53,13,24,19,24,0,14,0,14,0,14,0,14,19,24,0,14
2024,06037570504,Census Tract 5705.04,Long Beach,Los Angeles County,California,LongBeach,248,112,0,14,0,14,0,14,0,14,0,14,0,14,0,14,51,50,18,29,0,14,15,26,0,14,18,28,0,14,181,103,13,23,10,15,75,76,24,36,33,43,26,36,16,21,4,8,0,14,12,20,0,14,0,14,0,14
2024,06037570601,Census Tract 5706.01,Long Beach,Los Angeles County,California,LongBeach,974,145,89,94,0,19,0,19,26,37,0,19,63,86,0,19,221,128,97,119,12,20,54,67,0,19,58,63,0,19,610,167,103,73,78,64,92,61,60,44,277,148,0,19,54,35,0,19,10,17,20,23,0,19,17,21,7,13
2024,06037570602,Census Tract 5706.02,Long Beach,Los Angeles County,California,LongBeach,771,144,0,19,0,19,0,19,0,19,0,19,0,19,0,19,179,94,25,36,65,66,11,16,0,19,78,59,0,19,467,135,153,92,34,38,0,19,42,46,238,89,0,19,125,68,12,18,0,19,10,15,10,18,93,64,0,19
2024,06037570603,Census Tract 5706.03,Long Beach,Los Angeles County,California,LongBeach,1390,144,76,87,0,19,0,19,0,19,0,19,76,87,0,19,223,96,0,19,16,26,60,59,0,19,147,86,0,19,1016,195,132,112,83,70,196,134,43,58,562,177,0,19,75,51,0,19,0,19,0,19,0,19,75,51,0,19
2024,06037571201,Census Tract 5712.01,Long Beach,Los Angeles County,California,LongBeach,445,135,0,14,0,14,0,14,0,14,0,14,0,14,0,14,53,41,0,14,30,35,0,14,16,27,7,14,0,14,318,133,101,106,73,76,32,37,29,47,83,95,0,14,74,52,17,27,0,14,23,32,0,14,34,38,0,14
2024,06037571202,Census Tract 5712.02,Long Beach,Los Angeles County,California,LongBeach,797,193,45,52,0,14,0,14,0,14,0,14,45,52,0,14,165,99,20,34,14,23,71,84,0,14,60,58,0,14,398,187,101,79,0,14,81,83,33,33,183,146,0,14,189,103,15,25,60,89,13,22,0,14,101,66,0,14
2024,06037571300,Census Tract 5713,Long Beach,Los Angeles County,California,LongBeach,213,91,0,14,0,14,0,14,0,14,0,14,0,14,0,14,71,67,0,14,0,14,0,14,0,14,71,67,0,14,123,71,12,19,16,23,0,14,18,27,69,59,8,13,19,23,0,14,0,14,0,14,9,15,10,16,0,14
2024,06037571502,Census Tract 5715.02,Long Beach,Los Angeles County,California,LongBeach,833,144,75,68,0,19,0,19,12,18,0,19,63,67,0,19,261,122,114,80,75,73,10,16,15,17,47,48,0,19,410,123,42,35,51,59,62,64,45,37,157,81,53,64,87,62,15,22,11,16,0,19,0,19,61,58,0,19
2024,06037571504,Census Tract 5715.04,Long Beach,Los Angeles County,California,LongBeach,842,142,15,24,0,19,0,19,0,19,15,24,0,19,0,19,282,131,29,32,0,19,12,19,104,107,96,72,41,63,423,143,77,84,81,74,51,65,14,21,163,82,37,58,122,73,25,29,0,19,7,12,0,19,46,36,44,58
2024,06037571505,Census Tract 5715.05,Long Beach,Los Angeles County,California,LongBeach,467,127,10,16,0,14,0,14,10,16,0,14,0,14,0,14,99,71,0,14,11,16,0,14,0,14,75,70,13,19,342,129,74,55,96,120,30,30,6,10,136,73,0,14,16,18,0,14,6,10,0,14,0,14,0,14,10,15
2024,06037571600,Census Tract 5716,Long Beach,Los Angeles County,California,LongBeach,829,122,0,14,0,14,0,14,0,14,0,14,0,14,0,14,140,81,28,25,22,33,22,34,11,18,12,24,45,49,515,111,130,58,30,31,72,71,24,31,201,81,58,51,174,51,17,19,13,10,36,21,53,40,55,36,0,14
2024,06037571701,Census Tract 5717.01,Long Beach,Los Angeles County,California,LongBeach,1096,228,27,28,0,19,0,19,0,19,0,19,27,28,0,19,67,64,0,19,0,19,29,45,11,22,27,35,0,19,779,205,118,90,128,111,113,88,18,32,363,156,39,47,223,109,66,97,22,34,0,19,0,19,115,79,20,32
2024,06037571703,Census Tract 5717.03,Long Beach,Los Angeles County,California,LongBeach,592,167,0,14,0,14,0,14,0,14,0,14,0,14,0,14,55,54,0,14,8,17,0,14,15,23,32,42,0,14,298,130,64,65,48,54,0,14,11,23,168,90,7,11,239,75,26,31,24,39,65,60,80,60,44,35,0,14
2024,06037571704,Census Tract 5717.04,Long Beach,Los Angeles County,California,LongBeach,808,159,7,10,7,10,0,14,0,14,0,14,0,14,0,14,292,155,9,13,32,46,0,14,72,110,179,103,0,14,453,132,104,91,71,59,35,38,24,26,175,98,44,39,56,45,12,18,0,14,0,14,0,14,44,41,0,14
2024,06037571800,Census Tract 5718,Long Beach,Los Angeles County,California,LongBeach,396,155,0,14,0,14,0,14,0,14,0,14,0,14,0,14,50,54,13,21,0,14,30,47,0,14,7,14,0,14,210,127,44,34,11,17,0,14,0,14,155,130,0,14,136,81,0,14,0,14,41,52,0,14,95,62,0,14
2024,06037571900,Census Tract 5719,Long Beach,Los Angeles County,California,LongBeach,1158,283,0,19,0,19,0,19,0,19,0,19,0,19,0,19,426,197,161,115,20,32,0,19,0,19,176,143,69,103,679,295,365,247,0,19,133,119,0,19,181,136,0,19,53,60,33,51,0,19,0,19,0,19,20,33,0,19
2024,06037572001,Census Tract 5720.01,Long Beach,Los Angeles County,California,LongBeach,593,161,30,40,0,19,0,19,0,19,0,19,11,19,19,36,185,101,18,29,0,19,0,19,57,75,90,70,20,32,309,154,81,74,30,35,52,52,30,37,102,112,14,22,69,61,18,34,0,19,0,19,10,17,41,46,0,19
2024,06037572201,Census Tract 5722.01,Long Beach,Los Angeles County,California,LongBeach,680,201,66,84,0,19,0,19,0,19,0,19,66,84,0,19,55,88,0,19,55,88,0,19,0,19,0,19,0,19,249,155,9,14,0,19,40,51,18,28,154,133,28,46,310,120,0,19,0,19,118,91,0,19,192,94,0,19
2024,06037572202,Census Tract 5722.02,Long Beach,Los Angeles County,California,LongBeach,445,166,29,48,0,14,0,14,0,14,0,14,29,48,0,14,271,143,153,124,0,14,0,14,29,43,89,90,0,14,128,94,74,83,0,14,10,17,10,17,27,25,7,11,17,58,6,9,0,14,0,14,0,14,11,56,0,14
2024,06037572301,Census Tract 5723.01,Long Beach,Los Angeles County,California,LongBeach,378,89,5,9,0,14,0,14,0,14,0,14,5,9,0,14,93,51,15,17,13,16,12,16,0,14,38,36,15,22,241,76,57,33,38,30,0,14,30,25,113,62,3,5,39,25,7,10,5,8,10,12,0,14,12,15,5,8
2024,06037572500,Census Tract 5725,Long Beach,Los Angeles County,California,LongBeach,1016,276,0,14,0,14,0,14,0,14,0,14,0,14,0,14,12,21,0,14,0,14,0,14,0,14,12,21,0,14,500,192,27,27,64,59,173,160,32,44,204,110,0,14,504,197,0,14,127,155,118,91,57,50,202,104,0,14
2024,06037572600,Census Tract 5726,Long Beach,Los Angeles County,California,LongBeach,197,104,0,14,0,14,0,14,0,14,0,14,0,14,0,14,0,14,0,14,0,14,0,14,0,14,0,14,0,14,165,101,32,43,37,58,52,61,10,21,34,40,0,14,32,30,21,28,0,14,0,14,0,14,0,14,11,18
2024,06037572700,Census Tract 5727,Long Beach,Los Angeles County,California,LongBeach,460,137,3,24,0,19,0,19,0,19,0,19,0,19,3,24,111,81,5,10,0,19,20,28,11,18,30,35,45,60,249,136,72,69,9,15,47,76,7,13,114,69,0,19,97,81,49,57,0,19,7,16,0,19,41,51,0,19
2024,06037573002,Census Tract 5730.02,Long Beach,Los Angeles County,California,LongBeach,954,118,0,14,0,14,0,14,0,14,0,14,0,14,0,14,213,112,12,21,19,21,86,77,76,80,20,32,0,14,599,125,98,89,71,84,106,76,39,45,261,95,24,37,142,63,23,28,9,14,0,14,0,14,110,58,0,14
2024,06037573003,Census Tract 5730.03,Long Beach,Los Angeles County,California,LongBeach,294,64,0,14,0,14,0,14,0,14,0,14,0,14,0,14,31,29,16,23,10,15,0,14,0,14,0,14,5,9,235,69,58,39,20,28,34,37,20,21,103,47,0,14,28,25,0,14,0,14,0,14,10,14,18,20,0,14
2024,06037573004,Census Tract 5730.04,Long Beach,Los Angeles County,California,LongBeach,1418,220,108,93,20,33,0,19,0,19,0,19,31,36,57,88,267,132,57,49,11,19,56,69,95,96,48,46,0,19,958,256,241,177,90,71,117,106,104,97,395,174,11,21,85,50,22,27,8,13,0,19,0,19,55,44,0,19
2024,06037573101,Census Tract 5731.01,Long Beach,Los Angeles County,California,LongBeach,1026,208,53,62,0,14,0,14,0,14,0,14,53,62,0,14,317,171,20,24,65,75,10,17,9,14,213,156,0,14,523,186,43,36,24,41,137,158,35,37,284,78,0,14,133,93,48,42,0,14,25,42,8,13,52,59,0,14
2024,06037573102,Census Tract 5731.02,Long Beach,Los Angeles County,California,LongBeach,461,88,0,14,0,14,0,14,0,14,0,14,0,14,0,14,88,60,0,14,0,14,25,38,0,14,63,52,0,14,280,115,33,44,33,50,82,49,0,14,132,83,0,14,93,60,24,30,33,45,25,42,0,14,11,19,0,14
2024,06037573201,Census Tract 5732.01,Long Beach,Los Angeles County,California,LongBeach,883,127,73,77,0,14,0,14,0,14,0,14,73,77,0,14,163,77,46,40,10,15,0,14,0,14,107,71,0,14,510,134,78,63,51,45,99,87,103,74,179,112,0,14,137,70,14,24,5,10,18,28,13,20,86,58,1,2
2024,06037573202,Census Tract 5732.02,Long Beach,Los Angeles County,California,LongBeach,1112,235,86,85,43,62,0,19,0,19,0,19,0,19,43,64,155,114,16,19,60,82,38,58,0,19,41,53,0,19,623,212,277,169,54,52,55,55,24,28,213,139,0,19,248,106,89,83,37,40,0,19,9,13,113,74,0,19
2024,06037573300,Census Tract 5733,Long Beach,Los Angeles County,California,LongBeach,745,104,58,48,25,39,0,14,14,21,0,14,19,22,0,14,132,75,29,30,16,18,23,25,0,14,64,59,0,14,502,109,87,68,36,42,21,26,0,14,341,93,17,26,53,35,18,27,20,23,0,14,0,14,15,19,0,14
2024,06037573601,Census Tract 5736.01,Long Beach,Los Angeles County,California,LongBeach,175,78,21,33,0,19,0,19,0,19,0,19,0,19,21,33,25,28,0,19,0,19,9,15,0,19,16,25,0,19,129,64,54,45,0,19,11,18,19,28,37,36,8,13,0,19,0,19,0,19,0,19,0,19,0,19,0,19
2024,06037573700,Census Tract 5737,Long Beach,Los Angeles County,California,LongBeach,212,78,8,13,0,19,0,19,0,19,0,19,0,19,8,13,22,26,0,19,0,19,0,19,0,19,11,18,11,18,175,77,43,33,8,15,28,39,27,31,69,46,0,19,7,11,0,19,0,19,0,19,7,11,0,19,0,19
2024,06037573800,Census Tract 5738,Long Beach,Los Angeles County,California,LongBeach,133,70,11,17,0,14,0,14,0,14,0,14,11,17,0,14,65,53,0,14,0,14,41,37,0,14,24,39,0,14,48,38,16,20,11,16,0,14,0,14,21,26,0,14,9,14,9,14,0,14,0,14,0,14,0,14,0,14
2024,06037573902,Census Tract 5739.02,Long Beach,Los Angeles County,California,LongBeach,79,43,0,14,0,14,0,14,0,14,0,14,0,14,0,14,13,14,0,14,0,14,13,14,0,14,0,14,0,14,50,29,5,8,19,21,6,10,12,10,8,13,0,14,16,25,0,14,0,14,0,14,0,14,16,25,0,14
2024,06037574000,Census Tract 5740,Long Beach,Los Angeles County,California,LongBeach,200,85,0,19,0,19,0,19,0,19,0,19,0,19,0,19,15,21,0,19,3,8,12,19,0,19,0,19,0,19,175,85,40,32,15,24,45,43,19,30,56,56,0,19,10,20,8,11,0,19,0,19,0,19,2,16,0,19
2024,06037574100,Census Tract 5741,Long Beach,Los Angeles County,California,LongBeach,391,137,0,19,0,19,0,19,0,19,0,19,0,19,0,19,114,91,0,19,14,20,45,71,0,19,43,52,12,18,227,109,8,12,79,57,10,17,93,94,11,17,26,29,50,50,0,19,0,19,0,19,6,10,30,47,14,15
2024,06037574201,Census Tract 5742.01,Long Beach,Los Angeles County,California,LongBeach,193,87,3,11,0,14,0,14,0,14,0,14,3,11,0,14,26,24,0,14,0,14,0,14,0,14,26,24,0,14,143,78,17,16,0,14,9,14,30,42,43,47,44,40,21,24,0,14,0,14,0,14,0,14,8,13,13,20
2024,06037574202,Census Tract 5742.02,Long Beach,Los Angeles County,California,LongBeach,354,90,0,14,0,14,0,14,0,14,0,14,0,14,0,14,62,29,13,14,14,13,4,8,26,24,5,7,0,14,230,90,55,30,84,75,7,11,7,11,55,32,22,32,62,37,7,8,0,14,48,34,0,14,7,10,0,14
2024,06037574300,Census Tract 5743,Long Beach,Los Angeles County,California,LongBeach,839,208,57,83,0,19,0,19,0,19,0,19,57,83,0,19,185,162,103,168,0,19,0,19,0,19,82,112,0,19,518,174,121,89,147,99,41,63,44,44,165,108,0,19,79,92,0,19,0,19,0,19,11,20,58,88,10,16
2024,06037574400,Census Tract 5744,Long Beach,Los Angeles County,California,LongBeach,210,86,0,19,0,19,0,19,0,19,0,19,0,19,0,19,28,32,0,19,0,19,0,19,11,18,17,27,0,19,170,82,56,57,0,19,0,19,20,23,64,58,30,28,12,15,0,19,0,19,0,19,0,19,9,14,3,7
2024,06037574500,Census Tract 5745,Long Beach,Los Angeles County,California,LongBeach,282,139,0,19,0,19,0,19,0,19,0,19,0,19,0,19,54,66,17,29,0,19,37,57,0,19,0,19,0,19,175,124,90,106,29,43,37,61,0,19,19,29,0,19,53,50,0,19,0,19,0,19,16,26,12,19,25,38
2024,06037574602,Census Tract 5746.02,Long Beach,Los Angeles County,California,LongBeach,119,45,3,6,0,14,0,14,0,14,0,14,3,6,0,14,13,15,6,11,0,14,0,14,0,14,0,14,7,10,56,36,10,11,0,14,10,13,0,14,36,32,0,14,47,36,0,14,0,14,0,14,0,14,47,36,0,14
2024,06037574800,Census Tract 5748,Long Beach,Los Angeles County,California,LongBeach,674,109,76,54,0,14,0,14,0,14,9,14,52,50,15,18,276,101,67,58,77,67,0,14,44,58,88,81,0,14,299,110,93,56,110,78,31,35,0,14,31,35,34,32,23,18,0,14,0,14,0,14,8,14,15,18,0,14
2024,06037574901,Census Tract 5749.01,Long Beach,Los Angeles County,California,LongBeach,472,179,65,56,0,14,0,14,8,14,0,14,0,14,57,55,101,51,18,21,14,23,37,46,0,14,32,37,0,14,255,169,51,70,124,150,18,19,0,14,62,41,0,14,51,43,0,14,0,14,17,16,8,11,26,38,0,14
2024,06037574902,Census Tract 5749.02,Long Beach,Los Angeles County,California,LongBeach,1511,162,403,130,0,19,0,19,33,54,48,75,228,90,94,73,474,147,74,67,88,58,130,126,23,36,130,81,29,43,554,162,72,56,90,51,85,62,97,69,194,95,16,24,80,66,15,22,34,55,7,13,9,15,15,26,0,19
2024,06037575001,Census Tract 5750.01,Long Beach,Los Angeles County,California,LongBeach,1095,215,132,74,0,14,0,14,15,25,0,14,76,48,41,56,585,169,189,146,75,58,35,39,45,36,241,128,0,14,319,157,23,22,13,16,26,23,12,24,240,149,5,8,59,51,9,15,8,13,7,12,0,14,35,45,0,14
2024,06037575002,Census Tract 5750.02,Long Beach,Los Angeles County,California,LongBeach,1258,226,89,56,0,14,32,37,0,14,0,14,57,41,0,14,354,147,49,48,68,51,15,23,48,61,149,95,25,39,590,182,162,107,82,80,45,34,44,48,241,125,16,27,225,98,47,44,8,12,50,55,7,10,76,54,37,60
2024,06037575101,Census Tract 5751.01,Long Beach,Los Angeles County,California,LongBeach,1183,182,88,72,0,14,0,14,33,49,35,55,20,24,0,14,261,124,36,37,0,14,0,14,51,58,174,110,0,14,759,201,110,56,38,46,31,28,144,101,404,164,32,33,75,41,0,14,0,14,21,28,0,14,54,43,0,14
2024,06037575102,Census Tract 5751.02,Long Beach,Los Angeles County,California,LongBeach,1009,162,88,68,0,14,0,14,0,14,10,15,78,66,0,14,275,117,62,63,34,35,0,14,0,14,179,106,0,14,530,161,60,45,47,65,16,24,91,61,306,126,10,16,116,60,0,14,30,38,0,14,0,14,86,44,0,14
2024,06037575103,Census Tract 5751.03,Long Beach,Los Angeles County,California,LongBeach,1847,267,133,76,0,14,12,20,34,52,26,43,53,50,8,13,551,153,92,73,60,54,126,89,49,49,213,114,11,17,976,303,167,88,29,45,104,67,117,74,559,279,0,14,187,80,31,37,0,14,0,14,0,14,149,78,7,13
2024,06037575201,Census Tract 5752.01,Long Beach,Los Angeles County,California,LongBeach,1087,192,38,37,8,15,0,14,0,14,0,14,30,33,0,14,229,127,17,28,54,49,0,14,0,14,158,110,0,14,595,162,101,82,98,80,26,25,31,34,312,151,27,30,225,87,9,14,0,14,11,20,73,65,123,74,9,16
2024,06037575202,Census Tract 5752.02,Long Beach,Los Angeles County,California,LongBeach,974,128,0,14,0,14,0,14,0,14,0,14,0,14,0,14,79,57,0,14,21,24,23,38,0,14,26,30,9,14,677,138,174,127,24,26,50,37,48,49,356,119,25,28,218,92,22,23,14,21,30,34,0,14,152,82,0,14
2024,06037575300,Census Tract 5753,Long Beach,Los Angeles County,California,LongBeach,1203,204,26,39,0,14,26,39,0,14,0,14,0,14,0,14,317,169,101,75,89,117,0,14,0,14,127,92,0,14,675,187,121,88,82,65,0,14,131,127,341,101,0,14,185,66,7,14,0,14,42,40,0,14,136,66,0,14
2024,06037575401,Census Tract 5754.01,Long Beach,Los Angeles County,California,LongBeach,1116,207,11,17,0,14,0,14,0,14,11,17,0,14,0,14,320,165,16,25,37,35,16,21,22,30,229,154,0,14,678,186,265,161,55,45,110,77,25,29,216,101,7,15,107,66,22,30,0,14,19,30,0,14,66,54,0,14
2024,06037575402,Census Tract 5754.02,Long Beach,Los Angeles County,California,LongBeach,883,130,39,45,0,14,0,14,0,14,0,14,8,13,31,35,261,108,71,73,48,54,0,14,0,14,126,72,16,23,431,119,135,68,23,35,83,60,15,25,163,83,12,22,152,57,0,14,27,39,40,54,0,14,53,31,32,34
2024,06037575801,Census Tract 5758.01,Long Beach,Los Angeles County,California,LongBeach,701,179,0,14,0,14,0,14,0,14,0,14,0,14,0,14,217,76,38,30,7,10,26,44,33,34,106,54,7,11,426,172,64,40,22,24,26,43,19,18,287,160,8,11,58,33,0,14,16,25,0,14,6,10,30,19,6,10
2024,06037575802,Census Tract 5758.02,Long Beach,Los Angeles County,California,LongBeach,1217,183,107,78,0,14,0,14,8,13,56,62,43,49,0,14,287,115,31,40,68,69,22,32,30,47,92,74,44,48,616,168,0,14,170,124,71,58,19,29,342,147,14,21,207,108,48,55,0,14,37,30,17,25,105,86,0,14
2024,06037575803,Census Tract 5758.03,Long Beach,Los Angeles County,California,LongBeach,1129,233,92,64,0,14,0,14,0,14,0,14,92,64,0,14,214,119,15,25,13,20,0,14,0,14,172,115,14,23,300,118,44,46,7,12,19,28,35,46,195,89,0,14,523,227,49,50,39,42,32,37,252,219,143,67,8,14
2024,06037575901,Census Tract 5759.01,Long Beach,Los Angeles County,California,LongBeach,1030,217,98,123,0,14,0,14,0,14,0,14,98,123,0,14,320,98,43,56,37,34,46,49,35,33,119,66,40,42,489,170,19,33,60,47,67,54,42,52,285,160,16,19,123,87,17,24,31,51,0,14,0,14,39,46,36,53
2024,06037575902,Census Tract 5759.02,Long Beach,Los Angeles County,California,LongBeach,2927,340,257,174,17,27,0,19,21,36,73,120,51,51,95,112,1377,333,77,66,99,88,183,154,94,71,713,244,211,163,987,266,108,105,104,97,181,128,120,103,452,168,22,36,306,129,20,32,15,26,26,36,19,31,226,120,0,19
2024,06037576001,Census Tract 5760.01,Long Beach,Los Angeles County,California,LongBeach,2691,429,145,143,0,19,0,19,0,19,13,21,104,139,28,46,1083,328,287,159,105,110,301,228,31,38,359,171,0,19,1332,373,124,83,483,322,217,129,120,118,372,194,16,25,131,134,0,19,0,19,0,19,45,67,86,117,0,19
2024,06037576200,Census Tract 5762,Long Beach,Los Angeles County,California,LongBeach,2793,332,132,113,0,19,16,28,17,40,28,44,71,82,0,19,1072,280,171,101,47,72,241,134,122,125,491,217,0,19,1230,345,242,147,43,49,99,94,173,144,644,257,29,36,359,152,31,40,21,34,34,40,0,19,235,145,38,39
2024,06037576301,Census Tract 5763.01,Long Beach,Los Angeles County,California,LongBeach,1708,193,95,74,0,14,8,13,0,14,0,14,87,72,0,14,510,202,123,78,69,73,51,53,139,149,100,75,28,31,851,164,137,81,53,46,189,135,45,45,376,137,51,63,252,94,27,36,0,14,58,57,34,35,133,73,0,14
2024,06037576302,Census Tract 5763.02,Long Beach,Los Angeles County,California,LongBeach,942,155,59,71,0,14,0,14,0,14,0,14,44,71,15,19,235,82,55,49,0,14,9,14,17,27,154,75,0,14,521,145,170,91,15,25,91,96,8,13,199,99,38,39,127,76,0,14,12,23,36,54,15,20,64,51,0,14
2024,06037576401,Census Tract 5764.01,Long Beach,Los Angeles County,California,LongBeach,1127,162,78,63,0,14,21,35,0,14,9,15,48,52,0,14,217,105,0,14,22,29,10,16,0,14,166,97,19,30,619,168,155,119,105,74,101,76,33,36,220,90,5,12,213,130,93,80,0,14,0,14,9,17,111,106,0,14
2024,06037576402,Census Tract 5764.02,Long Beach,Los Angeles County,California,LongBeach,1131,130,26,31,0,14,0,14,16,25,0,14,10,17,0,14,299,116,0,14,42,46,28,26,8,13,188,105,33,49,680,158,89,67,70,70,96,65,16,19,348,114,61,53,126,73,0,14,0,14,0,14,19,22,96,67,11,17
2024,06037576403,Census Tract 5764.03,Long Beach,Los Angeles County,California,LongBeach,1076,126,50,40,0,14,0,14,8,14,11,17,31,35,0,14,188,80,30,29,0,14,37,41,0,14,115,75,6,11,760,152,179,88,110,70,62,61,110,81,299,113,0,14,78,36,0,14,0,14,0,14,0,14,78,36,0,14
2024,06037576501,Census Tract 5765.01,Long Beach,Los Angeles County,California,LongBeach,1212,140,28,33,0,14,0,14,0,14,20,31,8,13,0,14,547,168,41,49,0,14,50,63,85,72,285,133,86,88,517,128,76,55,101,69,80,58,55,49,205,101,0,14,120,66,0,14,0,14,27,33,0,14,93,53,0,14
2024,06037576502,Census Tract 5765.02,Long Beach,Los Angeles County,California,LongBeach,1851,250,219,148,0,19,36,59,21,35,15,24,147,119,0,19,764,218,132,107,80,63,95,84,142,84,315,164,0,19,798,272,73,79,139,98,207,179,69,52,310,170,0,19,70,51,0,19,0,19,0,19,13,20,57,52,0,19
2024,06037576503,Census Tract 5765.03,Long Beach,Los Angeles County,California,LongBeach,1272,140,172,90,0,14,0,14,0,14,0,14,172,90,0,14,440,145,152,113,70,53,95,67,8,13,115,71,0,14,593,138,66,42,44,33,104,80,40,41,333,130,6,9,67,42,0,14,10,18,0,14,0,14,57,41,0,14
2024,06037576601,Census Tract 5766.01,Long Beach,Los Angeles County,California,LongBeach,1750,261,0,14,0,14,0,14,0,14,0,14,0,14,0,14,374,166,0,14,97,120,34,40,96,88,147,92,0,14,1317,264,271,169,125,115,139,87,52,47,730,263,0,14,59,55,20,32,0,14,19,30,0,14,20,33,0,14
2024,06037576602,Census Tract 5766.02,Long Beach,Los Angeles County,California,LongBeach,2310,392,124,116,0,14,0,14,0,14,27,39,97,111,0,14,587,276,176,161,111,116,74,62,43,53,164,161,19,30,1485,268,286,181,198,157,14,31,229,103,730,244,28,45,114,92,0,14,0,14,0,14,48,78,66,46,0,14
2024,06037576700,Census Tract 5767,Long Beach,Los Angeles County,California,LongBeach,1443,199,37,35,0,14,0,14,0,14,16,24,21,27,0,14,705,185,201,117,68,62,42,41,157,128,222,142,15,25,534,196,158,96,103,80,28,35,47,67,141,102,57,89,167,99,18,28,0,14,0,14,15,25,134,101,0,14
2024,06037576801,Census Tract 5768.01,Long Beach,Los Angeles County,California,LongBeach,1510,254,135,104,0,14,0,14,0,14,32,36,62,88,41,60,436,182,223,136,55,51,0,14,18,30,140,118,0,14,714,227,134,112,66,53,98,97,65,78,223,140,128,73,225,108,7,12,13,21,3,6,11,19,184,109,7,12
2024,06037576802,Census Tract 5768.02,Long Beach,Los Angeles County,California,LongBeach,1434,199,124,81,0,14,8,13,8,13,66,66,42,49,0,14,434,117,127,85,119,64,8,14,39,44,132,94,9,14,770,220,277,163,129,68,47,57,44,53,265,150,8,13,106,58,33,29,15,16,0,14,6,9,52,54,0,14
2024,06037576901,Census Tract 5769.01,Long Beach,Los Angeles County,California,LongBeach,1487,229,23,24,12,17,0,14,0,14,0,14,11,17,0,14,388,148,83,69,7,10,45,47,43,70,210,99,0,14,1003,240,208,91,161,103,201,170,85,71,328,120,20,34,73,52,21,24,16,29,0,14,0,14,36,37,0,14
2024,06037576903,Census Tract 5769.03,Long Beach,Los Angeles County,California,LongBeach,1249,171,44,41,0,14,0,14,10,18,19,31,15,18,0,14,349,145,68,69,29,35,19,27,64,67,169,90,0,14,758,138,165,80,142,61,69,59,77,76,305,108,0,14,98,56,19,24,0,14,12,20,13,21,44,44,10,18
2024,06037576904,Census Tract 5769.04,Long Beach,Los Angeles County,California,LongBeach,941,200,37,37,18,30,0,14,0,14,0,14,19,23,0,14,152,88,20,22,18,20,40,51,0,14,74,65,0,14,645,203,127,76,67,55,16,17,95,50,313,160,27,26,107,79,0,14,0,14,52,71,0,14,55,45,0,14
2024,06037577000,Census Tract 5770,Long Beach,Los Angeles County,California,LongBeach,2687,304,150,121,25,29,0,19,0,19,28,32,77,101,20,32,914,260,197,170,91,94,70,86,51,77,489,211,16,25,1410,300,406,191,223,133,123,91,53,53,565,248,40,65,213,168,26,30,0,19,16,25,17,27,154,161,0,19
2024,06037577100,Census Tract 5771,Long Beach,Los Angeles County,California,LongBeach,2279,278,168,125,0,19,44,71,12,21,0,19,96,100,16,25,966,289,236,162,128,86,132,117,158,178,312,150,0,19,1061,284,357,193,92,75,32,41,182,106,224,141,174,169,84,66,23,41,0,19,15,24,13,23,33,37,0,19
2024,06037577200,Census Tract 5772,Long Beach,Los Angeles County,California,LongBeach,2398,377,48,41,0,19,36,43,12,21,0,19,0,19,0,19,616,209,231,156,116,77,38,47,81,94,150,87,0,19,1483,331,421,177,472,219,28,31,125,121,289,161,148,205,251,134,42,35,15,23,26,31,22,36,101,101,45,68
2024,06037577300,Census Tract 5773,Long Beach,Los Angeles County,California,LongBeach,2772,497,67,66,14,27,0,19,17,29,36,57,0,19,0,19,567,214,159,132,92,104,92,110,65,79,159,111,0,19,2006,498,567,322,341,268,210,164,356,209,532,268,0,19,132,75,38,34,17,26,0,19,23,38,54,51,0,19
2024,06037577400,Census Tract 5774,Long Beach,Los Angeles County,California,LongBeach,901,151,30,47,0,14,0,14,0,14,0,14,30,47,0,14,376,103,74,60,97,54,38,47,73,48,94,57,0,14,397,121,66,53,159,81,51,35,21,22,100,79,0,14,98,62,28,29,38,48,0,14,0,14,32,27,0,14
2024,06037577501,Census Tract 5775.01,Long Beach,Los Angeles County,California,LongBeach,557,133,14,21,0,14,0,14,0,14,14,21,0,14,0,14,133,88,15,23,25,27,0,14,0,14,93,78,0,14,308,124,112,86,63,57,0,14,41,55,76,62,16,25,102,74,19,22,23,27,0,14,0,14,60,70,0,14
2024,06037577504,Census Tract 5775.04,Long Beach,Los Angeles County,California,LongBeach,337,95,0,14,0,14,0,14,0,14,0,14,0,14,0,14,103,64,7,11,6,8,5,8,6,10,79,62,0,14,181,71,56,43,21,20,0,14,17,28,87,56,0,14,53,31,5,9,5,8,0,14,0,14,43,30,0,14
2024,06037577602,Census Tract 5776.02,Long Beach,Los Angeles County,California,LongBeach,497,102,55,35,10,15,0,14,6,10,0,14,39,29,0,14,174,74,19,19,31,46,45,47,0,14,72,56,7,13,224,100,39,55,35,44,53,57,19,20,78,49,0,14,44,33,0,14,0,14,0,14,0,14,44,33,0,14
2024,06037577604,Census Tract 5776.04,Long Beach,Los Angeles County,California,LongBeach,117,50,16,23,0,14,0,14,0,14,0,14,16,23,0,14,18,17,6,9,0,14,7,10,5,10,0,14,0,14,61,43,10,14,15,25,5,8,0,14,11,12,20,30,22,16,0,14,4,8,0,14,4,7,14,15,0,14
2024,06037577605,Census Tract 5776.05,Long Beach,Los Angeles County,California,LongBeach,434,149,0,14,0,14,0,14,0,14,0,14,0,14,0,14,70,51,30,35,0,14,26,31,0,14,14,22,0,14,326,145,80,58,21,34,102,108,32,37,91,88,0,14,38,36,13,20,0,14,0,14,8,14,17,28,0,14
2024,06037577606,Census Tract 5776.06,Long Beach,Los Angeles County,California,LongBeach,1030,276,35,37,0,14,0,14,0,14,0,14,26,30,9,18,263,94,50,55,83,78,8,14,51,69,71,64,0,14,715,285,305,202,56,50,105,120,125,174,117,60,7,15,17,19,3,9,0,14,0,14,0,14,14,16,0,14
2024,06037577700,Census Tract 5777,Long Beach,Los Angeles County,California,LongBeach,493,173,2,4,2,4,0,14,0,14,0,14,0,14,0,14,176,144,38,62,85,113,11,13,0,14,42,44,0,14,260,96,47,62,62,54,59,46,0,14,92,59,0,14,55,39,23,26,15,22,3,7,0,14,14,22,0,14
2024,06037577900,Census Tract 5779,Long Beach,Los Angeles County,California,LongBeach,1395,309,26,43,0,19,0,19,0,19,0,19,26,43,0,19,99,71,0,19,33,36,0,19,9,14,57,66,0,19,867,308,182,153,193,213,67,72,60,55,365,173,0,19,403,190,63,100,0,19,15,24,8,13,317,176,0,19
2024,06037578000,Census Tract 5780,Long Beach,Los Angeles County,California,LongBeach,998,192,114,101,32,46,0,19,8,12,22,37,0,19,52,83,184,93,30,50,0,19,52,56,3,5,61,50,38,53,576,162,162,120,28,36,68,59,61,52,246,117,11,18,124,61,9,16,0,19,21,24,0,19,94,57,0,19
2024,06037578100,Census Tract 5781,Long Beach,Los Angeles County,California,LongBeach,0,14,0,14,0,14,0,14,0,14,0,14,0,14,0,14,0,14,0,14,0,14,0,14,0,14,0,14,0,14,0,14,0,14,0,14,0,14,0,14,0,14,0,14,0,14,0,14,0,14,0,14,0,14,0,14,0,14
2024,06037980006,Census Tract 9800.06,Long Beach,Los Angeles County,California,LongBeach,0,14,0,14,0,14,0,14,0,14,0,14,0,14,0,14,0,14,0,14,0,14,0,14,0,14,0,14,0,14,0,14,0,14,0,14,0,14,0,14,0,14,0,14,0,14,0,14,0,14,0,14,0,14,0,14,0,14
2024,06037980007,Census Tract 9800.07,Long Beach,Los Angeles County,California,LongBeach,0,14,0,14,0,14,0,14,0,14,0,14,0,14,0,14,0,14,0,14,0,14,0,14,0,14,0,14,0,14,0,14,0,14,0,14,0,14,0,14,0,14,0,14,0,14,0,14,0,14,0,14,0,14,0,14,0,14
2024,06037980011,Census Tract 9800.11,Long Beach,Los Angeles County,California,LongBeach,0,14,0,14,0,14,0,14,0,14,0,14,0,14,0,14,0,14,0,14,0,14,0,14,0,14,0,14,0,14,0,14,0,14,0,14,0,14,0,14,0,14,0,14,0,14,0,14,0,14,0,14,0,14,0,14,0,14
2024,06037980018,Census Tract 9800.18,Long Beach,Los Angeles County,California,LongBeach,0,14,0,14,0,14,0,14,0,14,0,14,0,14,0,14,0,14,0,14,0,14,0,14,0,14,0,14,0,14,0,14,0,14,0,14,0,14,0,14,0,14,0,14,0,14,0,14,0,14,0,14,0,14,0,14,0,14
2024,06037980033,Census Tract 9800.33,Long Beach,Los Angeles County,California,LongBeach,0,14,0,14,0,14,0,14,0,14,0,14,0,14,0,14,0,14,0,14,0,14,0,14,0,14,0,14,0,14,0,14,0,14,0,14,0,14,0,14,0,14,0,14,0,14,0,14,0,14,0,14,0,14,0,14,0,14
2024,06037990300,Census Tract 9903,Long Beach,Los Angeles County,California,LongBeach,0,14,0,14,0,14,0,14,0,14,0,14,0,14,0,14,0,14,0,14,0,14,0,14,0,14,0,14,0,14,0,14,0,14,0,14,0,14,0,14,0,14,0,14,0,14,0,14,0,14,0,14,0,14,0,14,0,14
2024,06037101110,Census Tract 1011.10,Los Angeles,Los Angeles County,California,LosAngeles,845,165,69,69,0,14,0,14,0,14,0,14,69,69,0,14,97,59,13,21,13,19,0,14,16,25,55,38,0,14,523,167,77,54,56,63,10,11,33,52,335,136,12,18,156,89,0,14,26,40,0,14,49,45,22,22,59,59
2024,06037101122,Census Tract 1011.22,Los Angeles,Los Angeles County,California,LosAngeles,357,192,38,40,0,14,0,14,38,40,0,14,0,14,0,14,78,121,0,14,0,14,0,14,0,14,78,121,0,14,211,144,0,14,0,14,0,14,0,14,151,103,60,92,30,44,0,14,0,14,0,14,0,14,30,44,0,14
2024,06037101220,Census Tract 1012.20,Los Angeles,Los Angeles County,California,LosAngeles,752,166,27,31,0,14,14,23,0,14,0,14,13,22,0,14,94,64,18,24,0,14,16,24,41,50,0,14,19,29,505,157,144,85,17,29,140,135,39,41,110,64,55,55,126,60,14,16,27,35,10,11,33,31,42,30,0,14
2024,06037101221,Census Tract 1012.21,Los Angeles,Los Angeles County,California,LosAngeles,1058,278,0,14,0,14,0,14,0,14,0,14,0,14,0,14,220,117,22,34,8,14,65,70,11,17,114,86,0,14,509,151,129,91,11,17,75,67,0,14,274,131,20,33,329,240,0,14,0,14,0,14,19,32,310,224,0,14
2024,06037101222,Census Tract 1012.22,Los Angeles,Los Angeles County,California,LosAngeles,857,165,0,14,0,14,0,14,0,14,0,14,0,14,0,14,150,86,99,76,17,29,0,14,0,14,34,39,0,14,426,100,37,37,57,49,51,55,10,20,271,102,0,14,281,142,23,37,0,14,42,40,0,14,216,136,0,14
2024,06037101300,Census Tract 1013,Los Angeles,Los Angeles County,California,LosAngeles,357,112,0,14,0,14,0,14,0,14,0,14,0,14,0,14,47,46,11,18,11,16,0,14,0,14,25,40,0,14,206,92,0,14,74,45,27,38,41,52,55,57,9,14,104,76,8,13,8,14,0,14,18,22,41,43,29,45
2024,06037101400,Census Tract 1014,Los Angeles,Los Angeles County,California,LosAngeles,344,137,31,49,0,14,0,14,0,14,0,14,31,49,0,14,13,21,0,14,0,14,0,14,0,14,13,21,0,14,208,125,0,14,10,16,6,11,0,14,179,122,13,22,92,71,0,14,0,14,13,20,0,14,79,69,0,14
2024,06037102103,Census Tract 1021.03,Los Angeles,Los Angeles County,California,LosAngeles,395,123,0,14,0,14,0,14,0,14,0,14,0,14,0,14,125,59,36,44,0,14,44,67,0,14,45,34,0,14,237,111,5,8,45,41,0,14,30,30,157,100,0,14,33,28,8,13,0,14,0,14,0,14,25,24,0,14
2024,06037102104,Census Tract 1021.04,Los Angeles,Los Angeles County,California,LosAngeles,392,137,0,14,0,14,0,14,0,14,0,14,0,14,0,14,0,14,0,14,0,14,0,14,0,14,0,14,0,14,321,106,97,68,37,45,18,28,15,23,107,68,47,67,71,70,0,14,0,14,0,14,0,14,60,68,11,19
2024,06037102105,Census Tract 1021.05,Los Angeles,Los Angeles County,California,LosAngeles,200,55,0,14,0,14,0,14,0,14,0,14,0,14,0,14,85,35,15,17,17,21,18,19,0,14,35,32,0,14,92,44,21,25,0,14,15,23,0,14,49,33,7,11,23,26,0,14,0,14,0,14,0,14,18,24,5,8
2024,06037102107,Census Tract 1021.07,Los Angeles,Los Angeles County,California,LosAngeles,252,98,0,14,0,14,0,14,0,14,0,14,0,14,0,14,0,14,0,14,0,14,0,14,0,14,0,14,0,14,176,77,42,41,0,14,12,18,69,60,53,44,0,14,76,65,32,49,0,14,0,14,11,18,9,14,24,34
2024,06037103101,Census Tract 1031.01,Los Angeles,Los Angeles County,California,LosAngeles,133,87,0,14,0,14,0,14,0,14,0,14,0,14,0,14,56,72,13,19,0,14,0,14,0,14,0,14,43,70,57,48,0,14,0,14,0,14,3,6,38,44,16,18,20,32,0,14,0,14,0,14,0,14,20,32,0,14
2024,06037103102,Census Tract 1031.02,Los Angeles,Los Angeles County,California,LosAngeles,538,189,12,18,0,14,0,14,0,14,0,14,12,18,0,14,53,79,0,14,0,14,0,14,0,14,53,79,0,14,230,129,0,14,49,60,0,14,0,14,181,101,0,14,243,134,0,14,0,14,28,42,121,106,62,58,32,46
2024,06037103201,Census Tract 1032.01,Los Angeles,Los Angeles County,California,LosAngeles,1075,233,12,21,0,14,0,14,0,14,0,14,12,21,0,14,140,98,36,59,0,14,13,21,91,73,0,14,0,14,706,168,183,144,163,78,0,14,0,14,335,156,25,39,217,186,39,51,0,14,0,14,6,11,172,179,0,14
2024,06037103202,Census Tract 1032.02,Los Angeles,Los Angeles County,California,LosAngeles,58,43,0,14,0,14,0,14,0,14,0,14,0,14,0,14,48,41,21,31,0,14,27,28,0,14,0,14,0,14,10,15,0,14,10,15,0,14,0,14,0,14,0,14,0,14,0,14,0,14,0,14,0,14,0,14,0,14
2024,06037103300,Census Tract 1033,Los Angeles,Los Angeles County,California,LosAngeles,226,115,0,14,0,14,0,14,0,14,0,14,0,14,0,14,0,14,0,14,0,14,0,14,0,14,0,14,0,14,154,106,0,14,0,14,41,43,0,14,113,96,0,14,72,67,11,17,0,14,0,14,0,14,18,21,43,61
2024,06037103401,Census Tract 1034.01,Los Angeles,Los Angeles County,California,LosAngeles,271,84,3,8,0,14,0,14,0,14,3,8,0,14,0,14,45,39,0,14,0,14,4,6,18,32,23,27,0,14,194,84,8,12,43,55,35,32,17,24,91,50,0,14,29,27,8,12,0,14,0,14,0,14,21,24,0,14
2024,06037103402,Census Tract 1034.02,Los Angeles,Los Angeles County,California,LosAngeles,469,142,0,14,0,14,0,14,0,14,0,14,0,14,0,14,70,49,19,25,20,33,16,19,0,14,15,26,0,14,211,104,48,45,78,66,0,14,11,17,74,64,0,14,188,79,21,24,0,14,84,76,0,14,83,63,0,14
2024,06037104103,Census Tract 1041.03,Los Angeles,Los Angeles County,California,LosAngeles,156,70,16,27,0,14,0,14,0,14,0,14,16,27,0,14,41,36,8,11,0,14,0,14,0,14,33,35,0,14,91,59,0,14,16,21,0,14,0,14,69,54,6,10,8,11,0,14,0,14,0,14,0,14,0,14,8,11
2024,06037104105,Census Tract 1041.05,Los Angeles,Los Angeles County,California,LosAngeles,850,191,9,16,0,19,0,19,0,19,0,19,9,16,0,19,116,100,0,19,0,19,0,19,13,20,103,99,0,19,541,139,45,38,61,57,39,37,24,37,300,132,72,53,184,114,10,15,0,19,20,34,0,19,154,112,0,19
2024,06037104108,Census Tract 1041.08,Los Angeles,Los Angeles County,California,LosAngeles,841,140,0,14,0,14,0,14,0,14,0,14,0,14,0,14,84,81,31,49,0,14,0,14,0,14,44,57,9,14,517,115,70,70,69,74,10,16,36,52,302,101,30,36,240,99,62,61,0,14,61,58,24,28,93,68,0,14
2024,06037104124,Census Tract 1041.24,Los Angeles,Los Angeles County,California,LosAngeles,238,92,57,61,0,14,0,14,0,14,0,14,57,61,0,14,45,45,0,14,0,14,45,45,0,14,0,14,0,14,26,40,0,14,25,36,0,14,0,14,1,15,0,14,110,67,0,14,0,14,0,14,19,35,76,76,15,23
2024,06037104201,Census Tract 1042.01,Los Angeles,Los Angeles County,California,LosAngeles,247,76,14,18,0,14,0,14,14,18,0,14,0,14,0,14,45,45,0,14,0,14,20,32,20,27,5,14,0,14,180,80,17,25,0,14,0,14,19,30,131,77,13,21,8,17,7,12,0,14,0,14,0,14,1,10,0,14
2024,06037104203,Census Tract 1042.03,Los Angeles,Los Angeles County,California,LosAngeles,487,124,39,42,20,31,0,14,19,31,0,14,0,14,0,14,95,80,0,14,7,17,0,14,0,14,88,80,0,14,316,111,53,64,22,33,49,55,44,45,148,79,0,14,37,31,8,13,0,14,0,14,0,14,23,30,6,11
2024,06037104204,Census Tract 1042.04,Los Angeles,Los Angeles County,California,LosAngeles,222,85,21,19,0,14,6,10,0,14,0,14,15,17,0,14,75,79,44,72,0,14,0,14,0,14,31,36,0,14,95,49,41,30,15,23,12,17,0,14,27,26,0,14,31,31,14,22,12,21,0,14,0,14,5,7,0,14
2024,06037104310,Census Tract 1043.10,Los Angeles,Los Angeles County,California,LosAngeles,209,80,12,18,0,14,12,18,0,14,0,14,0,14,0,14,26,25,0,14,0,14,15,22,0,14,6,9,5,8,141,70,30,32,8,11,17,21,32,28,54,58,0,14,30,30,0,14,0,14,17,27,0,14,13,16,0,14
2024,06037104321,Census Tract 1043.21,Los Angeles,Los Angeles County,California,LosAngeles,386,243,0,14,0,14,0,14,0,14,0,14,0,14,0,14,75,70,11,18,0,14,32,53,0,14,32,41,0,14,108,64,49,47,14,21,0,14,0,14,45,44,0,14,203,254,0,14,18,20,0,14,14,16,171,256,0,14
2024,06037104322,Census Tract 1043.22,Los Angeles,Los Angeles County,California,LosAngeles,100,49,18,25,0,14,0,14,0,14,0,14,18,25,0,14,4,7,4,7,0,14,0,14,0,14,0,14,0,14,78,50,0,14,0,14,18,24,26,29,34,36,0,14,0,14,0,14,0,14,0,14,0,14,0,14,0,14
2024,06037104401,Census Tract 1044.01,Los Angeles,Los Angeles County,California,LosAngeles,303,76,17,23,0,14,0,14,0,14,17,23,0,14,0,14,54,39,30,34,0,14,0,14,0,14,24,23,0,14,188,65,16,19,40,37,17,17,20,29,95,57,0,14,44,41,8,11,0,14,0,14,0,14,36,40,0,14
2024,06037104403,Census Tract 1044.03,Los Angeles,Los Angeles County,California,LosAngeles,208,68,0,14,0,14,0,14,0,14,0,14,0,14,0,14,66,49,0,14,24,29,0,14,9,13,33,36,0,14,125,65,22,26,16,24,12,19,0,14,75,50,0,14,17,17,0,14,0,14,0,14,7,11,10,13,0,14
2024,06037104404,Census Tract 1044.04,Los Angeles,Los Angeles County,California,LosAngeles,417,90,39,31,0,14,0,14,0,14,0,14,21,23,18,19,41,37,26,30,0,14,0,14,0,14,15,24,0,14,213,80,61,62,27,28,17,26,0,14,108,58,0,14,124,67,7,10,15,23,0,14,22,30,54,69,26,18
2024,06037104500,Census Tract 1045,Los Angeles,Los Angeles County,California,LosAngeles,187,81,0,14,0,14,0,14,0,14,0,14,0,14,0,14,136,73,0,14,0,14,0,14,20,33,116,71,0,14,37,34,0,14,8,12,0,14,0,14,21,24,8,13,14,16,0,14,0,14,0,14,0,14,8,12,6,9
2024,06037104610,Census Tract 1046.10,Los Angeles,Los Angeles County,California,LosAngeles,321,91,18,26,0,14,0,14,0,14,0,14,18,26,0,14,84,49,26,30,9,13,17,26,5,8,27,26,0,14,154,66,16,19,30,23,7,11,15,24,86,51,0,14,65,64,0,14,0,14,0,14,0,14,65,64,0,14
2024,06037104620,Census Tract 1046.20,Los Angeles,Los Angeles County,California,LosAngeles,219,84,0,14,0,14,0,14,0,14,0,14,0,14,0,14,46,56,34,54,0,14,12,21,0,14,0,14,0,14,138,68,19,26,3,7,0,14,22,23,94,65,0,14,35,37,0,14,0,14,0,14,0,14,35,37,0,14
2024,06037104701,Census Tract 1047.01,Los Angeles,Los Angeles County,California,LosAngeles,810,125,17,29,0,14,0,14,17,29,0,14,0,14,0,14,81,111,48,74,0,14,0,14,0,14,33,45,0,14,483,110,62,45,34,37,114,77,69,59,204,86,0,14,229,101,45,51,0,14,59,58,16,19,103,73,6,9
2024,06037104703,Census Tract 1047.03,Los Angeles,Los Angeles County,California,LosAngeles,378,76,60,52,22,24,0,14,0,14,0,14,38,46,0,14,146,74,2,6,22,36,37,38,24,39,38,32,23,28,125,50,79,43,0,14,11,19,0,14,30,27,5,10,47,48,14,15,0,14,0,14,0,14,33,39,0,14
2024,06037104704,Census Tract 1047.04,Los Angeles,Los Angeles County,California,LosAngeles,414,118,43,49,0,14,18,27,0,14,25,40,0,14,0,14,126,76,54,55,25,37,0,14,0,14,47,57,0,14,195,104,30,46,34,50,0,14,48,49,83,65,0,14,50,34,0,14,8,13,0,14,12,17,20,23,10,17
2024,06037104821,Census Tract 1048.21,Los Angeles,Los Angeles County,California,LosAngeles,412,74,17,18,9,13,0,14,0,14,8,12,0,14,0,14,49,37,0,14,23,24,0,14,0,14,26,26,0,14,255,66,18,19,49,33,22,27,60,39,98,47,8,11,91,61,41,46,5,7,16,26,0,14,29,28,0,14
2024,06037104822,Census Tract 1048.22,Los Angeles,Los Angeles County,California,LosAngeles,443,98,17,24,0,14,0,14,0,14,0,14,17,24,0,14,53,38,6,9,15,24,0,14,0,14,32,28,0,14,252,87,28,23,16,22,27,28,30,31,147,70,4,6,121,43,21,27,5,8,31,32,22,26,42,23,0,14
2024,06037104823,Census Tract 1048.23,Los Angeles,Los Angeles County,California,LosAngeles,164,51,15,23,15,23,0,14,0,14,0,14,0,14,0,14,9,16,0,14,0,14,0,14,0,14,9,16,0,14,118,54,13,14,0,14,0,14,25,26,74,53,6,11,22,32,0,14,0,14,0,14,0,14,22,32,0,14
2024,06037104824,Census Tract 1048.24,Los Angeles,Los Angeles County,California,LosAngeles,127,54,0,14,0,14,0,14,0,14,0,14,0,14,0,14,41,37,19,27,0,14,0,14,0,14,22,30,0,14,75,48,4,7,0,14,0,14,0,14,67,48,4,7,11,18,11,18,0,14,0,14,0,14,0,14,0,14
2024,06037106010,Census Tract 1060.10,Los Angeles,Los Angeles County,California,LosAngeles,246,77,4,7,0,14,0,14,4,7,0,14,0,14,0,14,29,35,0,14,0,14,0,14,0,14,29,35,0,14,172,70,39,41,16,15,20,28,0,14,97,54,0,14,41,42,0,14,0,14,0,14,0,14,0,14,41,42
2024,06037106020,Census Tract 1060.20,Los Angeles,Los Angeles County,California,LosAngeles,334,139,20,33,0,19,0,19,0,19,0,19,20,33,0,19,24,20,0,19,14,20,0,19,0,19,10,15,0,19,199,106,0,19,8,13,0,19,0,19,171,97,20,23,91,102,57,84,0,19,0,19,0,19,0,19,34,51
2024,06037106111,Census Tract 1061.11,Los Angeles,Los Angeles County,California,LosAngeles,100,73,0,14,0,14,0,14,0,14,0,14,0,14,0,14,16,23,0,14,16,23,0,14,0,14,0,14,0,14,44,63,0,14,0,14,44,63,0,14,0,14,0,14,40,41,25,38,0,14,0,14,0,14,0,14,15,15
2024,06037106112,Census Tract 1061.12,Los Angeles,Los Angeles County,California,LosAngeles,235,108,0,19,0,19,0,19,0,19,0,19,0,19,0,19,58,54,12,20,0,19,0,19,41,61,5,9,0,19,177,100,38,42,49,49,0,19,0,19,78,71,12,21,0,19,0,19,0,19,0,19,0,19,0,19,0,19
2024,06037106113,Census Tract 1061.13,Los Angeles,Los Angeles County,California,LosAngeles,91,63,25,36,0,14,0,14,0,14,0,14,25,36,0,14,7,11,7,11,0,14,0,14,0,14,0,14,0,14,45,51,23,37,0,14,0,14,0,14,22,37,0,14,14,15,0,14,0,14,0,14,0,14,14,15,0,14
2024,06037106114,Census Tract 1061.14,Los Angeles,Los Angeles County,California,LosAngeles,823,163,29,34,0,19,0,19,0,19,0,19,29,34,0,19,182,103,0,19,49,65,0,19,19,31,114,75,0,19,588,148,104,75,24,33,119,79,28,43,313,118,0,19,24,23,0,19,0,19,0,19,0,19,4,7,20,21
2024,06037106403,Census Tract 1064.03,Los Angeles,Los Angeles County,California,LosAngeles,177,68,8,11,0,14,8,11,0,14,0,14,0,14,0,14,36,41,0,14,0,14,0,14,0,14,36,41,0,14,106,67,0,14,0,14,7,11,0,14,56,42,43,53,27,30,7,10,0,14,0,14,0,14,5,8,15,27
2024,06037106405,Census Tract 1064.05,Los Angeles,Los Angeles County,California,LosAngeles,414,168,0,14,0,14,0,14,0,14,0,14,0,14,0,14,70,81,0,14,46,73,0,14,0,14,24,36,0,14,326,145,43,53,0,14,133,87,11,16,82,81,57,82,18,28,18,28,0,14,0,14,0,14,0,14,0,14
2024,06037106406,Census Tract 1064.06,Los Angeles,Los Angeles County,California,LosAngeles,367,121,0,19,0,19,0,19,0,19,0,19,0,19,0,19,67,69,14,22,0,19,39,64,0,19,0,19,14,22,255,115,41,61,16,24,19,33,0,19,140,91,39,59,45,64,0,19,0,19,0,19,0,19,45,64,0,19
2024,06037106407,Census Tract 1064.07,Los Angeles,Los Angeles County,California,LosAngeles,671,90,8,13,0,14,0,14,0,14,0,14,8,13,0,14,65,41,0,14,0,14,0,14,0,14,65,41,0,14,336,88,0,14,49,50,18,21,39,35,199,95,31,39,262,68,40,27,35,41,46,36,35,41,106,43,0,14
2024,06037106408,Census Tract 1064.08,Los Angeles,Los Angeles County,California,LosAngeles,849,114,58,40,6,9,0,14,12,17,0,14,40,35,0,14,191,96,67,73,8,12,28,36,29,34,59,45,0,14,541,103,15,14,13,14,58,31,43,39,356,85,56,39,59,40,0,14,0,14,33,32,15,20,11,12,0,14
2024,06037106510,Census Tract 1065.10,Los Angeles,Los Angeles County,California,LosAngeles,292,119,0,19,0,19,0,19,0,19,0,19,0,19,0,19,60,63,0,19,0,19,38,55,0,19,22,29,0,19,214,102,21,24,49,43,16,25,10,15,118,91,0,19,18,21,7,11,0,19,11,17,0,19,0,19,0,19
2024,06037106520,Census Tract 1065.20,Los Angeles,Los Angeles County,California,LosAngeles,477,174,11,18,0,19,0,19,0,19,0,19,11,18,0,19,0,19,0,19,0,19,0,19,0,19,0,19,0,19,366,139,26,43,33,52,32,48,101,82,174,95,0,19,100,98,0,19,55,85,0,19,0,19,20,32,25,34
2024,06037106603,Census Tract 1066.03,Los Angeles,Los Angeles County,California,LosAngeles,111,66,0,14,0,14,0,14,0,14,0,14,0,14,0,14,23,22,0,14,0,14,0,14,0,14,23,22,0,14,69,59,37,45,0,14,0,14,0,14,32,36,0,14,19,22,0,14,5,7,0,14,0,14,0,14,14,21
2024,06037106604,Census Tract 1066.04,Los Angeles,Los Angeles County,California,LosAngeles,835,137,0,14,0,14,0,14,0,14,0,14,0,14,0,14,96,77,51,64,0,14,0,14,13,22,32,44,0,14,613,126,127,115,17,27,88,88,49,50,283,127,49,69,126,91,20,31,9,13,15,28,0,14,82,86,0,14
2024,06037106641,Census Tract 1066.41,Los Angeles,Los Angeles County,California,LosAngeles,98,63,0,14,0,14,0,14,0,14,0,14,0,14,0,14,20,20,0,14,0,14,0,14,0,14,11,16,9,13,67,56,0,14,33,44,0,14,0,14,34,30,0,14,11,13,0,14,0,14,3,6,0,14,7,10,1,6
2024,06037106642,Census Tract 1066.42,Los Angeles,Los Angeles County,California,LosAngeles,133,91,0,14,0,14,0,14,0,14,0,14,0,14,0,14,36,55,0,14,0,14,0,14,0,14,36,55,0,14,97,72,0,14,0,14,0,14,63,47,0,14,34,42,0,14,0,14,0,14,0,14,0,14,0,14,0,14
2024,06037106643,Census Tract 1066.43,Los Angeles,Los Angeles County,California,LosAngeles,43,37,13,23,0,14,0,14,0,14,0,14,0,14,13,23,0,14,0,14,0,14,0,14,0,14,0,14,0,14,24,30,0,14,0,14,12,24,0,14,12,20,0,14,6,10,0,14,0,14,0,14,6,10,0,14,0,14
2024,06037106645,Census Tract 1066.45,Los Angeles,Los Angeles County,California,LosAngeles,169,153,0,14,0,14,0,14,0,14,0,14,0,14,0,14,12,20,0,14,0,14,0,14,0,14,12,20,0,14,144,152,0,14,0,14,29,39,0,14,115,145,0,14,13,22,0,14,0,14,0,14,0,14,13,22,0,14
2024,06037106646,Census Tract 1066.46,Los Angeles,Los Angeles County,California,LosAngeles,160,84,0,14,0,14,0,14,0,14,0,14,0,14,0,14,0,14,0,14,0,14,0,14,0,14,0,14,0,14,115,75,34,54,0,14,7,11,0,14,74,51,0,14,45,37,0,14,0,14,0,14,0,14,45,37,0,14
2024,06037106648,Census Tract 1066.48,Los Angeles,Los Angeles County,California,LosAngeles,641,140,0,14,0,14,0,14,0,14,0,14,0,14,0,14,127,75,11,22,6,12,0,14,0,14,110,69,0,14,424,144,55,54,60,80,69,55,11,17,210,97,19,27,90,91,4,7,0,14,0,14,29,45,57,78,0,14
2024,06037106649,Census Tract 1066.49,Los Angeles,Los Angeles County,California,LosAngeles,103,56,0,14,0,14,0,14,0,14,0,14,0,14,0,14,13,20,0,14,0,14,0,14,0,14,13,20,0,14,90,54,0,14,5,9,0,14,0,14,80,53,5,8,0,14,0,14,0,14,0,14,0,14,0,14,0,14
2024,06037107010,Census Tract 1070.10,Los Angeles,Los Angeles County,California,LosAngeles,239,78,0,14,0,14,0,14,0,14,0,14,0,14,0,14,49,44,0,14,0,14,0,14,15,22,34,40,0,14,168,72,54,57,25,23,25,38,0,14,59,45,5,8,22,23,0,14,9,13,0,14,0,14,13,20,0,14
2024,06037107020,Census Tract 1070.20,Los Angeles,Los Angeles County,California,LosAngeles,420,168,0,14,0,14,0,14,0,14,0,14,0,14,0,14,42,32,0,14,0,14,0,14,10,17,25,25,7,12,342,169,39,37,43,46,28,34,20,23,165,155,47,66,36,46,0,14,0,14,0,14,0,14,6,10,30,46
2024,06037108101,Census Tract 1081.01,Los Angeles,Los Angeles County,California,LosAngeles,59,37,0,14,0,14,0,14,0,14,0,14,0,14,0,14,7,11,0,14,7,11,0,14,0,14,0,14,0,14,48,34,7,11,8,12,0,14,0,14,24,34,9,13,4,7,0,14,4,7,0,14,0,14,0,14,0,14
2024,06037108102,Census Tract 1081.02,Los Angeles,Los Angeles County,California,LosAngeles,137,66,26,37,0,14,0,14,0,14,0,14,26,37,0,14,30,29,18,21,0,14,0,14,0,14,12,20,0,14,70,47,0,14,6,10,11,18,0,14,53,48,0,14,11,17,0,14,0,14,0,14,0,14,0,14,11,17
2024,06037108103,Census Tract 1081.03,Los Angeles,Los Angeles County,California,LosAngeles,155,87,27,37,0,14,0,14,0,14,0,14,27,37,0,14,21,26,0,14,0,14,0,14,0,14,14,24,7,12,95,75,21,29,0,14,0,14,39,53,35,48,0,14,12,21,0,14,0,14,12,21,0,14,0,14,0,14
2024,06037108104,Census Tract 1081.04,Los Angeles,Los Angeles County,California,LosAngeles,49,32,0,14,0,14,0,14,0,14,0,14,0,14,0,14,0,14,0,14,0,14,0,14,0,14,0,14,0,14,39,31,0,14,12,13,0,14,0,14,27,30,0,14,10,14,0,14,0,14,0,14,0,14,0,14,10,14
2024,06037108202,Census Tract 1082.02,Los Angeles,Los Angeles County,California,LosAngeles,1152,363,70,75,0,21,0,21,0,21,0,21,70,75,0,21,194,159,0,21,91,119,10,16,18,31,75,101,0,21,664,331,44,50,24,39,85,98,136,166,352,274,23,26,224,101,11,20,0,21,20,29,48,47,145,90,0,21
2024,06037108203,Census Tract 1082.03,Los Angeles,Los Angeles County,California,LosAngeles,277,105,0,14,0,14,0,14,0,14,0,14,0,14,0,14,27,29,12,18,0,14,0,14,0,14,15,22,0,14,191,89,33,42,31,37,0,14,37,32,90,65,0,14,59,38,33,34,0,14,0,14,13,21,13,19,0,14
2024,06037108204,Census Tract 1082.04,Los Angeles,Los Angeles County,California,LosAngeles,56,39,0,14,0,14,0,14,0,14,0,14,0,14,0,14,11,19,0,14,0,14,0,14,0,14,0,14,11,19,31,25,7,12,0,14,0,14,0,14,16,18,8,13,14,16,0,14,0,14,0,14,0,14,14,16,0,14
2024,06037109100,Census Tract 1091,Los Angeles,Los Angeles County,California,LosAngeles,302,118,0,14,0,14,0,14,0,14,0,14,0,14,0,14,32,36,0,14,0,14,0,14,0,14,11,17,21,32,126,66,5,9,39,42,21,27,16,20,45,33,0,14,144,96,0,14,8,11,0,14,16,25,113,93,7,12
2024,06037109200,Census Tract 1092,Los Angeles,Los Angeles County,California,LosAngeles,149,72,0,14,0,14,0,14,0,14,0,14,0,14,0,14,3,5,3,5,0,14,0,14,0,14,0,14,0,14,109,64,34,28,32,38,36,50,0,14,7,12,0,14,37,41,0,14,0,14,0,14,0,14,23,35,14,22
2024,06037109300,Census Tract 1093,Los Angeles,Los Angeles County,California,LosAngeles,123,53,0,14,0,14,0,14,0,14,0,14,0,14,0,14,17,17,0,14,0,14,0,14,0,14,14,17,3,5,76,42,13,18,0,14,7,11,12,20,44,30,0,14,30,22,0,14,0,14,0,14,5,8,14,14,11,15
2024,06037109400,Census Tract 1094,Los Angeles,Los Angeles County,California,LosAngeles,311,176,10,17,0,14,0,14,0,14,0,14,10,17,0,14,90,100,0,14,31,38,0,14,0,14,59,94,0,14,202,144,0,14,0,14,0,14,0,14,177,140,25,39,9,13,9,13,0,14,0,14,0,14,0,14,0,14
2024,06037109500,Census Tract 1095,Los Angeles,Los Angeles County,California,LosAngeles,227,99,0,14,0,14,0,14,0,14,0,14,0,14,0,14,19,29,0,14,0,14,0,14,0,14,19,29,0,14,192,90,21,34,57,54,0,14,25,26,89,63,0,14,16,20,16,20,0,14,0,14,0,14,0,14,0,14
2024,06037109601,Census Tract 1096.01,Los Angeles,Los Angeles County,California,LosAngeles,238,121,0,19,0,19,0,19,0,19,0,19,0,19,0,19,130,99,16,30,0,19,9,16,9,17,96,94,0,19,69,64,0,19,0,19,24,36,0,19,45,52,0,19,39,58,0,19,0,19,0,19,0,19,39,58,0,19
2024,06037109603,Census Tract 1096.03,Los Angeles,Los Angeles County,California,LosAngeles,623,98,22,35,22,35,0,14,0,14,0,14,0,14,0,14,163,61,40,36,0,14,10,16,0,14,113,53,0,14,296,97,18,24,69,60,54,53,31,47,124,63,0,14,142,81,12,19,0,14,21,25,8,12,101,72,0,14
2024,06037109604,Census Tract 1096.04,Los Angeles,Los Angeles County,California,LosAngeles,221,66,0,14,0,14,0,14,0,14,0,14,0,14,0,14,79,45,8,13,0,14,12,17,0,14,59,38,0,14,105,50,31,25,13,12,8,9,30,34,17,17,6,9,37,34,0,14,0,14,0,14,12,20,20,23,5,8
2024,06037109700,Census Tract 1097,Los Angeles,Los Angeles County,California,LosAngeles,333,138,7,11,0,14,0,14,7,11,0,14,0,14,0,14,43,37,0,14,0,14,10,16,0,14,33,33,0,14,273,130,90,102,22,35,11,18,10,16,140,69,0,14,10,17,0,14,0,14,0,14,0,14,10,17,0,14
2024,06037109800,Census Tract 1098,Los Angeles,Los Angeles County,California,LosAngeles,358,120,0,14,0,14,0,14,0,14,0,14,0,14,0,14,56,52,19,30,0,14,0,14,0,14,37,44,0,14,191,84,67,44,0,14,25,26,0,14,99,70,0,14,111,63,11,17,1,10,23,29,14,23,62,52,0,14
2024,06037111100,Census Tract 1111,Los Angeles,Los Angeles County,California,LosAngeles,327,108,0,14,0,14,0,14,0,14,0,14,0,14,0,14,35,37,0,14,0,14,0,14,16,24,19,29,0,14,202,91,56,39,14,17,71,73,0,14,51,41,10,14,90,60,5,9,0,14,0,14,0,14,68,58,17,20
2024,06037111201,Census Tract 1112.01,Los Angeles,Los Angeles County,California,LosAngeles,101,45,0,14,0,14,0,14,0,14,0,14,0,14,0,14,0,14,0,14,0,14,0,14,0,14,0,14,0,14,85,46,8,12,58,39,0,14,0,14,19,22,0,14,16,18,0,14,0,14,0,14,0,14,10,16,6,9
2024,06037111202,Census Tract 1112.02,Los Angeles,Los Angeles County,California,LosAngeles,768,267,0,19,0,19,0,19,0,19,0,19,0,19,0,19,90,65,0,19,21,25,0,19,0,19,69,59,0,19,611,260,19,27,234,249,65,67,42,37,192,73,59,57,67,43,16,25,0,19,9,14,0,19,42,34,0,19
2024,06037111204,Census Tract 1112.04,Los Angeles,Los Angeles County,California,LosAngeles,317,176,9,14,0,19,0,19,0,19,0,19,0,19,9,14,33,52,0,19,0,19,33,52,0,19,0,19,0,19,226,161,0,19,10,15,20,32,57,71,7,12,132,143,49,49,0,19,0,19,0,19,12,18,37,45,0,19
2024,06037111205,Census Tract 1112.05,Los Angeles,Los Angeles County,California,LosAngeles,572,292,48,59,0,14,0,14,0,14,0,14,48,59,0,14,219,263,0,14,27,41,166,250,7,12,19,34,0,14,237,95,35,33,30,37,9,14,6,11,157,99,0,14,68,59,0,14,0,14,0,14,0,14,68,59,0,14
2024,06037111206,Census Tract 1112.06,Los Angeles,Los Angeles County,California,LosAngeles,111,65,0,14,0,14,0,14,0,14,0,14,0,14,0,14,31,49,0,14,0,14,0,14,0,14,31,49,0,14,31,27,9,13,0,14,6,9,0,14,16,22,0,14,49,38,0,14,0,14,16,23,0,14,33,31,0,14
2024,06037111302,Census Tract 1113.02,Los Angeles,Los Angeles County,California,LosAngeles,852,241,140,107,0,14,0,14,0,14,0,14,127,103,13,22,173,97,41,54,17,19,43,51,44,54,28,32,0,14,485,231,53,39,22,25,116,75,20,29,274,210,0,14,54,46,0,14,0,14,0,14,0,14,54,46,0,14
2024,06037111303,Census Tract 1113.03,Los Angeles,Los Angeles County,California,LosAngeles,472,126,0,14,0,14,0,14,0,14,0,14,0,14,0,14,106,66,24,34,0,14,0,14,0,14,82,61,0,14,314,92,44,46,23,30,31,30,27,44,189,87,0,14,52,53,0,14,9,16,29,44,0,14,14,22,0,14
2024,06037111304,Census Tract 1113.04,Los Angeles,Los Angeles County,California,LosAngeles,1230,196,33,39,0,14,0,14,0,14,0,14,33,39,0,14,376,128,59,62,49,58,0,14,5,12,226,119,37,58,596,142,60,69,30,32,57,51,24,28,397,145,28,34,225,169,55,72,0,14,10,16,8,24,152,155,0,14
2024,06037111401,Census Tract 1114.01,Los Angeles,Los Angeles County,California,LosAngeles,305,78,0,14,0,14,0,14,0,14,0,14,0,14,0,14,73,61,33,39,0,14,0,14,0,14,40,40,0,14,171,72,48,32,5,8,46,61,21,20,51,47,0,14,61,41,0,14,0,14,0,14,22,31,39,36,0,14
2024,06037111402,Census Tract 1114.02,Los Angeles,Los Angeles County,California,LosAngeles,1613,339,60,85,0,19,0,19,0,19,0,19,0,19,60,85,151,96,33,55,12,22,8,15,34,54,64,53,0,19,854,316,66,56,117,102,198,171,37,40,436,272,0,19,548,215,35,33,0,19,125,144,26,45,362,175,0,19
2024,06037113101,Census Tract 1131.01,Los Angeles,Los Angeles County,California,LosAngeles,81,63,0,14,0,14,0,14,0,14,0,14,0,14,0,14,9,15,0,14,0,14,0,14,0,14,0,14,9,15,13,20,0,14,13,20,0,14,0,14,0,14,0,14,59,58,0,14,0,14,0,14,0,14,35,51,24,26
2024,06037113102,Census Tract 1131.02,Los Angeles,Los Angeles County,California,LosAngeles,29,31,0,14,0,14,0,14,0,14,0,14,0,14,0,14,0,14,0,14,0,14,0,14,0,14,0,14,0,14,13,21,0,14,0,14,0,14,0,14,13,21,0,14,16,24,0,14,0,14,0,14,0,14,16,24,0,14
2024,06037113211,Census Tract 1132.11,Los Angeles,Los Angeles County,California,LosAngeles,402,186,0,14,0,14,0,14,0,14,0,14,0,14,0,14,113,129,42,54,0,14,0,14,0,14,71,80,0,14,260,157,0,14,124,142,0,14,3,10,96,95,37,43,29,27,9,14,0,14,0,14,0,14,14,20,6,10
2024,06037113212,Census Tract 1132.12,Los Angeles,Los Angeles County,California,LosAngeles,306,89,26,37,0,14,0,14,0,14,0,14,26,37,0,14,43,40,0,14,19,28,0,14,0,14,24,31,0,14,207,95,0,14,18,23,16,19,5,8,168,91,0,14,30,29,0,14,0,14,0,14,0,14,30,29,0,14
2024,06037113213,Census Tract 1132.13,Los Angeles,Los Angeles County,California,LosAngeles,692,149,0,19,0,19,0,19,0,19,0,19,0,19,0,19,166,102,88,87,27,43,28,36,0,19,23,20,0,19,413,127,66,71,16,27,47,39,74,72,202,91,8,11,113,74,0,19,0,19,6,9,32,38,75,58,0,19
2024,06037113231,Census Tract 1132.31,Los Angeles,Los Angeles County,California,LosAngeles,155,59,0,14,0,14,0,14,0,14,0,14,0,14,0,14,0,14,0,14,0,14,0,14,0,14,0,14,0,14,145,57,8,12,0,14,0,14,6,9,131,54,0,14,10,11,0,14,0,14,0,14,0,14,0,14,10,11
2024,06037113232,Census Tract 1132.32,Los Angeles,Los Angeles County,California,LosAngeles,224,122,48,70,0,19,48,70,0,19,0,19,0,19,0,19,14,23,0,19,0,19,0,19,0,19,0,19,14,23,140,109,27,32,0,19,0,19,23,34,90,92,0,19,22,30,0,19,0,19,0,19,0,19,22,30,0,19
2024,06037113234,Census Tract 1132.34,Los Angeles,Los Angeles County,California,LosAngeles,880,225,0,19,0,19,0,19,0,19,0,19,0,19,0,19,319,183,151,148,8,12,0,19,0,19,140,98,20,31,385,161,64,64,55,44,36,41,43,69,136,82,51,55,176,82,17,27,0,19,42,49,27,27,90,67,0,19
2024,06037113235,Census Tract 1132.35,Los Angeles,Los Angeles County,California,LosAngeles,176,68,19,20,0,14,19,20,0,14,0,14,0,14,0,14,77,57,0,14,0,14,19,28,0,14,58,50,0,14,60,47,14,17,0,14,0,14,0,14,46,45,0,14,20,18,8,13,0,14,0,14,0,14,12,13,0,14
2024,06037113237,Census Tract 1132.37,Los Angeles,Los Angeles County,California,LosAngeles,407,128,25,39,0,14,0,14,0,14,0,14,25,39,0,14,97,75,36,46,10,16,0,14,0,14,13,16,38,59,235,115,55,59,0,14,52,48,41,48,50,45,37,61,50,41,0,14,0,14,28,27,0,14,22,24,0,14
2024,06037113238,Census Tract 1132.38,Los Angeles,Los Angeles County,California,LosAngeles,1094,195,11,17,0,14,0,14,0,14,0,14,11,17,0,14,274,115,34,31,0,14,0,14,21,33,202,110,17,26,763,221,155,83,99,82,45,41,68,59,342,192,54,60,46,42,0,14,8,14,25,34,0,14,13,20,0,14
2024,06037113239,Census Tract 1132.39,Los Angeles,Los Angeles County,California,LosAngeles,739,80,36,45,4,7,0,14,0,14,0,14,32,43,0,14,139,93,65,83,23,38,0,14,38,44,13,21,0,14,466,131,65,71,109,103,27,30,77,44,188,102,0,14,98,60,6,10,20,32,0,14,0,14,72,55,0,14
2024,06037113301,Census Tract 1133.01,Los Angeles,Los Angeles County,California,LosAngeles,947,140,110,74,0,14,6,8,0,14,6,17,98,70,0,14,262,110,45,72,56,39,13,20,26,39,122,81,0,14,305,111,66,76,49,40,16,25,36,48,138,84,0,14,270,106,11,19,25,28,13,20,47,55,164,92,10,16
2024,06037113303,Census Tract 1133.03,Los Angeles,Los Angeles County,California,LosAngeles,317,117,35,51,0,14,0,14,0,14,0,14,35,51,0,14,67,57,0,14,11,19,10,17,0,14,46,51,0,14,161,89,0,14,30,43,48,45,0,14,32,32,51,57,54,52,22,33,22,36,0,14,0,14,10,17,0,14
2024,06037113322,Census Tract 1133.22,Los Angeles,Los Angeles County,California,LosAngeles,361,219,0,14,0,14,0,14,0,14,0,14,0,14,0,14,0,14,0,14,0,14,0,14,0,14,0,14,0,14,352,219,18,19,93,122,33,50,0,14,198,168,10,15,9,13,0,14,0,14,0,14,0,14,9,13,0,14
2024,06037113323,Census Tract 1133.23,Los Angeles,Los Angeles County,California,LosAngeles,882,134,37,40,0,14,0,14,4,8,0,14,33,40,0,14,64,68,10,15,0,14,0,14,42,63,12,19,0,14,526,142,180,80,18,27,16,19,72,75,215,121,25,39,255,124,75,62,38,59,12,19,0,14,130,88,0,14
2024,06037113324,Census Tract 1133.24,Los Angeles,Los Angeles County,California,LosAngeles,930,372,18,20,0,14,0,14,5,8,0,14,13,19,0,14,253,120,6,10,97,104,0,14,41,52,109,65,0,14,613,360,72,44,89,79,262,347,65,67,117,70,8,16,46,39,6,11,4,7,4,7,0,14,32,36,0,14
2024,06037113423,Census Tract 1134.23,Los Angeles,Los Angeles County,California,LosAngeles,257,80,0,14,0,14,0,14,0,14,0,14,0,14,0,14,6,9,0,14,0,14,0,14,0,14,6,9,0,14,232,83,7,10,45,40,4,13,10,15,144,70,22,36,19,21,7,9,0,14,0,14,12,19,0,14,0,14
2024,06037113424,Census Tract 1134.24,Los Angeles,Los Angeles County,California,LosAngeles,434,133,54,70,0,14,0,14,0,14,0,14,54,70,0,14,93,61,0,14,11,18,10,18,26,30,46,49,0,14,186,88,14,18,23,39,15,19,31,38,103,75,0,14,101,70,0,14,0,14,3,7,0,14,98,70,0,14
2024,06037113425,Census Tract 1134.25,Los Angeles,Los Angeles County,California,LosAngeles,1310,157,59,50,0,14,0,14,0,14,0,14,59,50,0,14,380,147,18,26,0,14,0,14,48,52,314,136,0,14,796,179,153,83,83,50,130,83,47,58,383,164,0,14,75,62,0,14,8,12,50,63,0,14,17,22,0,14
2024,06037113426,Census Tract 1134.26,Los Angeles,Los Angeles County,California,LosAngeles,381,109,17,19,0,14,0,14,0,14,12,17,5,8,0,14,60,50,0,14,0,14,0,14,13,15,47,48,0,14,230,119,21,20,71,55,7,10,7,11,124,102,0,14,74,40,15,13,0,14,15,24,19,27,25,20,0,14
2024,06037113427,Census Tract 1134.27,Los Angeles,Los Angeles County,California,LosAngeles,676,135,30,45,0,14,0,14,0,14,0,14,0,14,30,45,243,98,13,22,0,14,0,14,36,44,194,94,0,14,403,119,22,25,75,78,72,56,70,68,164,101,0,14,0,14,0,14,0,14,0,14,0,14,0,14,0,14
2024,06037113428,Census Tract 1134.28,Los Angeles,Los Angeles County,California,LosAngeles,178,114,9,18,0,14,0,14,0,14,0,14,9,18,0,14,0,14,0,14,0,14,0,14,0,14,0,14,0,14,158,108,4,14,0,14,29,29,35,54,90,89,0,14,11,20,0,14,0,14,0,14,0,14,0,14,11,20
2024,06037115101,Census Tract 1151.01,Los Angeles,Los Angeles County,California,LosAngeles,254,119,0,19,0,19,0,19,0,19,0,19,0,19,0,19,33,38,24,35,0,19,0,19,0,19,9,14,0,19,154,114,0,19,19,28,6,11,31,45,13,20,85,98,67,47,0,19,0,19,22,38,0,19,45,55,0,19
2024,06037115103,Census Tract 1151.03,Los Angeles,Los Angeles County,California,LosAngeles,47,37,0,14,0,14,0,14,0,14,0,14,0,14,0,14,0,14,0,14,0,14,0,14,0,14,0,14,0,14,30,26,0,14,5,7,0,14,0,14,21,23,4,7,17,27,0,14,0,14,0,14,0,14,17,27,0,14
2024,06037115104,Census Tract 1151.04,Los Angeles,Los Angeles County,California,LosAngeles,1415,223,388,198,42,59,0,14,29,45,7,14,310,177,0,14,477,181,126,121,19,29,0,14,63,79,269,119,0,14,447,108,93,64,18,29,95,99,15,23,209,103,17,21,103,58,0,14,21,28,11,16,8,12,54,45,9,14
2024,06037115202,Census Tract 1152.02,Los Angeles,Los Angeles County,California,LosAngeles,1453,275,99,76,23,37,0,19,0,19,0,19,76,66,0,19,452,275,142,87,23,30,28,30,7,12,252,259,0,19,745,204,22,27,75,57,65,59,127,96,427,190,29,34,157,121,4,7,0,19,0,19,0,19,153,120,0,19
2024,06037115203,Census Tract 1152.03,Los Angeles,Los Angeles County,California,LosAngeles,752,139,101,82,0,14,0,14,0,14,0,14,101,82,0,14,224,90,0,14,9,14,10,15,47,73,158,81,0,14,340,142,139,107,0,14,82,74,12,19,107,74,0,14,87,59,0,14,10,15,14,22,13,20,32,50,18,28
2024,06037115204,Census Tract 1152.04,Los Angeles,Los Angeles County,California,LosAngeles,1137,326,77,86,0,14,0,14,0,14,36,58,41,67,0,14,328,295,233,268,15,25,0,14,10,16,70,71,0,14,650,209,110,96,54,50,64,61,67,48,333,190,22,24,82,81,0,14,0,14,26,29,11,18,45,72,0,14
2024,06037115301,Census Tract 1153.01,Los Angeles,Los Angeles County,California,LosAngeles,754,192,65,60,0,14,0,14,0,14,16,23,43,48,6,11,179,98,35,34,43,47,13,21,17,24,71,80,0,14,421,173,31,30,110,132,37,50,24,37,216,119,3,8,89,55,31,46,11,16,13,17,0,14,34,28,0,14
2024,06037115302,Census Tract 1153.02,Los Angeles,Los Angeles County,California,LosAngeles,674,122,25,25,0,14,0,14,10,18,0,14,15,18,0,14,135,61,11,12,0,14,18,18,6,11,100,54,0,14,428,121,47,38,16,19,63,42,30,35,264,126,8,12,86,47,7,13,11,16,0,14,18,30,50,39,0,14
2024,06037115401,Census Tract 1154.01,Los Angeles,Los Angeles County,California,LosAngeles,1343,207,56,52,13,21,0,19,0,19,0,19,43,46,0,19,263,126,42,54,4,10,0,19,86,72,131,102,0,19,740,203,98,89,57,55,38,41,58,42,489,193,0,19,284,162,0,19,0,19,8,13,0,19,276,161,0,19
2024,06037115403,Census Tract 1154.03,Los Angeles,Los Angeles County,California,LosAngeles,845,147,3,8,0,14,0,14,0,14,0,14,3,8,0,14,233,106,103,86,14,22,0,14,4,8,93,81,19,30,538,156,58,54,11,20,173,100,55,57,238,151,3,9,71,49,3,6,0,14,0,14,0,14,68,48,0,14
2024,06037115404,Census Tract 1154.04,Los Angeles,Los Angeles County,California,LosAngeles,524,126,38,32,0,14,0,14,0,14,28,30,10,14,0,14,138,81,20,27,0,14,15,24,32,46,71,79,0,14,316,92,31,27,9,13,13,15,37,26,205,93,21,36,32,28,7,11,0,14,0,14,12,21,13,21,0,14
2024,06037117101,Census Tract 1171.01,Los Angeles,Los Angeles County,California,LosAngeles,508,142,24,40,0,19,0,19,0,19,24,40,0,19,0,19,30,36,20,30,0,19,0,19,10,18,0,19,0,19,372,132,42,67,0,19,28,43,42,61,236,113,24,28,82,57,2,12,0,19,0,19,0,19,67,50,13,23
2024,06037117102,Census Tract 1171.02,Los Angeles,Los Angeles County,California,LosAngeles,187,70,0,14,0,14,0,14,0,14,0,14,0,14,0,14,26,29,0,14,6,9,0,14,0,14,16,24,4,9,155,68,0,14,70,55,0,14,0,14,85,51,0,14,6,9,0,14,0,14,0,14,0,14,6,9,0,14
2024,06037117201,Census Tract 1172.01,Los Angeles,Los Angeles County,California,LosAngeles,898,138,0,14,0,14,0,14,0,14,0,14,0,14,0,14,169,80,38,34,65,49,17,27,25,40,24,32,0,14,575,140,106,74,34,35,52,68,8,18,366,130,9,16,154,73,80,60,0,14,0,14,0,14,74,59,0,14
2024,06037117202,Census Tract 1172.02,Los Angeles,Los Angeles County,California,LosAngeles,346,118,0,14,0,14,0,14,0,14,0,14,0,14,0,14,16,19,5,8,0,14,0,14,0,14,11,17,0,14,185,69,15,16,13,20,0,14,50,51,95,69,12,18,145,101,6,9,7,11,18,21,0,14,86,92,28,36
2024,06037117301,Census Tract 1173.01,Los Angeles,Los Angeles County,California,LosAngeles,308,93,0,14,0,14,0,14,0,14,0,14,0,14,0,14,27,27,0,14,0,14,11,17,0,14,16,20,0,14,281,95,30,28,6,13,75,62,108,70,62,49,0,14,0,14,0,14,0,14,0,14,0,14,0,14,0,14
2024,06037117302,Census Tract 1173.02,Los Angeles,Los Angeles County,California,LosAngeles,433,113,0,14,0,14,0,14,0,14,0,14,0,14,0,14,111,62,10,16,0,14,0,14,21,28,80,53,0,14,165,69,12,18,12,18,21,28,38,37,73,45,9,15,157,119,63,78,11,17,0,14,16,25,67,63,0,14
2024,06037117303,Census Tract 1173.03,Los Angeles,Los Angeles County,California,LosAngeles,156,96,31,45,0,14,0,14,0,14,0,14,31,45,0,14,23,29,0,14,9,17,0,14,0,14,14,22,0,14,62,59,15,21,0,14,0,14,0,14,43,53,4,9,40,46,0,14,0,14,0,14,0,14,40,46,0,14
2024,06037117404,Census Tract 1174.04,Los Angeles,Los Angeles County,California,LosAngeles,334,133,0,14,0,14,0,14,0,14,0,14,0,14,0,14,97,75,7,12,0,14,0,14,0,14,90,74,0,14,212,127,42,29,18,21,26,25,0,14,106,110,20,22,25,28,0,14,0,14,0,14,0,14,25,28,0,14
2024,06037117405,Census Tract 1174.05,Los Angeles,Los Angeles County,California,LosAngeles,792,112,55,39,5,7,0,14,0,14,6,9,44,36,0,14,203,76,47,38,0,14,0,14,24,33,119,68,13,18,498,110,78,48,74,79,45,38,49,35,244,62,8,14,36,29,0,14,0,14,0,14,10,16,26,24,0,14
2024,06037117407,Census Tract 1174.07,Los Angeles,Los Angeles County,California,LosAngeles,1005,97,41,43,0,14,4,7,0,14,26,39,11,18,0,14,308,87,37,37,77,55,11,16,7,11,176,63,0,14,557,136,21,24,130,85,6,9,52,43,334,122,14,22,99,61,7,13,0,14,27,34,44,46,21,23,0,14
2024,06037117408,Census Tract 1174.08,Los Angeles,Los Angeles County,California,LosAngeles,568,69,0,14,0,14,0,14,0,14,0,14,0,14,0,14,156,52,25,28,10,16,26,25,0,14,95,41,0,14,383,73,46,32,27,26,15,15,12,18,254,66,29,26,29,19,0,14,6,9,0,14,0,14,23,17,0,14
2024,06037117510,Census Tract 1175.10,Los Angeles,Los Angeles County,California,LosAngeles,992,153,85,55,0,14,20,32,0,14,0,14,65,60,0,14,144,75,13,20,27,35,0,14,0,14,104,63,0,14,689,165,88,63,59,62,14,18,48,70,480,182,0,14,74,49,16,26,0,14,12,19,11,16,35,34,0,14
2024,06037117520,Census Tract 1175.20,Los Angeles,Los Angeles County,California,LosAngeles,917,136,0,14,0,14,0,14,0,14,0,14,0,14,0,14,285,119,64,62,47,51,11,18,0,14,163,94,0,14,540,129,39,35,44,29,61,68,67,64,310,112,19,29,92,74,0,14,0,14,30,45,0,14,62,65,0,14
2024,06037117530,Census Tract 1175.30,Los Angeles,Los Angeles County,California,LosAngeles,1479,163,27,30,0,19,27,30,0,19,0,19,0,19,0,19,204,95,0,19,67,56,36,41,0,19,101,78,0,19,977,183,182,106,107,65,54,55,29,32,537,153,68,56,271,92,46,53,0,19,0,19,46,44,108,65,71,59
2024,06037119001,Census Tract 1190.01,Los Angeles,Los Angeles County,California,LosAngeles,148,60,0,14,0,14,0,14,0,14,0,14,0,14,0,14,9,18,9,18,0,14,0,14,0,14,0,14,0,14,133,57,31,32,32,35,18,18,5,11,26,25,21,22,6,9,0,14,0,14,0,14,0,14,0,14,6,9
2024,06037119003,Census Tract 1190.03,Los Angeles,Los Angeles County,California,LosAngeles,196,65,0,14,0,14,0,14,0,14,0,14,0,14,0,14,41,40,7,15,0,14,0,14,3,12,31,34,0,14,122,63,4,11,0,14,21,27,19,31,61,44,17,27,33,31,0,14,0,14,0,14,0,14,33,31,0,14
2024,06037119004,Census Tract 1190.04,Los Angeles,Los Angeles County,California,LosAngeles,129,73,0,14,0,14,0,14,0,14,0,14,0,14,0,14,39,37,0,14,0,14,0,14,0,14,39,37,0,14,13,18,0,14,11,18,0,14,0,14,2,6,0,14,77,60,0,14,0,14,0,14,0,14,58,56,19,18
2024,06037119201,Census Tract 1192.01,Los Angeles,Los Angeles County,California,LosAngeles,124,52,7,10,0,14,0,14,0,14,0,14,0,14,7,10,27,25,21,24,0,14,0,14,0,14,6,10,0,14,84,46,22,11,0,14,0,14,0,14,44,35,18,25,6,10,0,14,0,14,0,14,0,14,0,14,6,10
2024,06037119202,Census Tract 1192.02,Los Angeles,Los Angeles County,California,LosAngeles,402,100,16,26,16,26,0,14,0,14,0,14,0,14,0,14,149,89,0,14,13,27,7,13,75,84,54,46,0,14,188,74,65,57,20,31,45,35,18,26,40,44,0,14,49,53,12,19,0,14,0,14,30,47,0,14,7,13
2024,06037119310,Census Tract 1193.10,Los Angeles,Los Angeles County,California,LosAngeles,576,124,42,34,0,14,0,14,0,14,8,13,34,33,0,14,155,115,48,73,0,14,0,14,29,46,78,84,0,14,184,85,23,27,46,47,0,14,24,37,62,49,29,45,195,91,8,12,11,18,0,14,0,14,176,93,0,14
2024,06037119320,Census Tract 1193.20,Los Angeles,Los Angeles County,California,LosAngeles,869,186,85,75,0,14,41,44,0,14,0,14,44,52,0,14,225,100,57,75,0,14,0,14,33,38,135,99,0,14,537,202,171,160,28,36,86,63,43,41,201,98,8,14,22,24,0,14,10,15,12,19,0,14,0,14,0,14
2024,06037119340,Census Tract 1193.40,Los Angeles,Los Angeles County,California,LosAngeles,999,94,47,33,0,14,0,14,11,16,0,14,36,32,0,14,248,85,22,25,26,22,8,15,21,26,171,74,0,14,642,120,79,49,93,64,52,37,23,26,376,104,19,29,62,32,18,19,0,14,0,14,0,14,44,31,0,14
2024,06037119341,Census Tract 1193.41,Los Angeles,Los Angeles County,California,LosAngeles,453,88,0,14,0,14,0,14,0,14,0,14,0,14,0,14,68,42,0,14,0,14,0,14,0,14,68,42,0,14,225,75,27,25,19,17,18,20,12,15,149,65,0,14,160,53,26,23,38,36,27,25,29,33,40,39,0,14
2024,06037119342,Census Tract 1193.42,Los Angeles,Los Angeles County,California,LosAngeles,474,72,65,46,0,14,16,23,25,22,0,14,24,33,0,14,43,30,3,5,0,14,0,14,0,14,40,29,0,14,293,94,72,47,46,40,9,13,15,17,151,90,0,14,73,55,0,14,11,17,10,18,10,16,42,47,0,14
2024,06037119400,Census Tract 1194,Los Angeles,Los Angeles County,California,LosAngeles,220,113,28,44,0,14,0,14,0,14,0,14,28,44,0,14,76,71,60,67,16,25,0,14,0,14,0,14,0,14,116,92,0,14,16,27,18,30,0,14,82,77,0,14,0,14,0,14,0,14,0,14,0,14,0,14,0,14
2024,06037119700,Census Tract 1197,Los Angeles,Los Angeles County,California,LosAngeles,285,102,0,14,0,14,0,14,0,14,0,14,0,14,0,14,99,64,12,15,0,14,30,38,17,27,40,65,0,14,118,76,14,23,0,14,16,23,22,36,41,52,25,28,68,77,0,14,0,14,48,71,0,14,20,32,0,14
2024,06037119801,Census Tract 1198.01,Los Angeles,Los Angeles County,California,LosAngeles,106,49,0,14,0,14,0,14,0,14,0,14,0,14,0,14,17,17,0,14,0,14,0,14,0,14,17,17,0,14,83,47,17,26,0,14,9,17,0,14,57,43,0,14,6,10,0,14,0,14,0,14,0,14,0,14,6,10
2024,06037119802,Census Tract 1198.02,Los Angeles,Los Angeles County,California,LosAngeles,218,72,0,14,0,14,0,14,0,14,0,14,0,14,0,14,20,20,0,14,0,14,0,14,0,14,20,20,0,14,165,70,37,34,6,10,27,27,13,21,49,38,33,38,33,32,0,14,14,22,0,14,0,14,19,24,0,14
2024,06037119900,Census Tract 1199,Los Angeles,Los Angeles County,California,LosAngeles,304,164,0,14,0,14,0,14,0,14,0,14,0,14,0,14,16,19,11,18,5,7,0,14,0,14,0,14,0,14,232,141,9,15,23,37,4,7,4,10,192,137,0,14,56,66,32,50,0,14,24,45,0,14,0,14,0,14
2024,06037120010,Census Tract 1200.10,Los Angeles,Los Angeles County,California,LosAngeles,381,115,12,22,0,14,0,14,0,14,0,14,12,22,0,14,65,45,26,25,0,14,10,18,0,14,7,10,22,32,286,108,78,103,30,29,14,20,27,32,134,60,3,6,18,19,0,14,0,14,0,14,0,14,18,19,0,14
2024,06037120020,Census Tract 1200.20,Los Angeles,Los Angeles County,California,LosAngeles,994,216,8,13,8,13,0,14,0,14,0,14,0,14,0,14,232,98,23,25,51,44,15,26,8,13,135,83,0,14,563,153,94,54,26,30,63,53,31,36,334,143,15,27,191,178,20,34,5,11,9,15,0,14,157,174,0,14
2024,06037120030,Census Tract 1200.30,Los Angeles,Los Angeles County,California,LosAngeles,637,78,9,13,0,14,0,14,9,13,0,14,0,14,0,14,80,43,0,14,10,16,5,8,4,6,61,40,0,14,457,96,108,51,27,25,83,52,43,40,196,72,0,14,91,47,30,34,0,14,5,8,11,11,41,30,4,7
2024,06037120103,Census Tract 1201.03,Los Angeles,Los Angeles County,California,LosAngeles,769,77,25,28,0,14,0,14,0,14,0,14,25,28,0,14,189,70,9,13,10,14,16,24,0,14,154,74,0,14,518,101,40,29,49,45,13,20,60,47,339,96,17,21,37,33,0,14,18,20,0,14,0,14,19,23,0,14
2024,06037120104,Census Tract 1201.04,Los Angeles,Los Angeles County,California,LosAngeles,757,93,87,55,0,14,0,14,0,14,0,14,57,45,30,33,181,65,14,23,44,38,0,14,3,5,120,60,0,14,384,109,80,49,29,23,64,45,28,29,179,89,4,7,105,38,26,26,0,14,10,15,7,11,50,28,12,16
2024,06037120105,Census Tract 1201.05,Los Angeles,Los Angeles County,California,LosAngeles,611,99,28,23,0,14,0,14,7,11,0,14,21,21,0,14,65,44,0,14,0,14,12,14,11,18,42,39,0,14,370,89,101,87,0,14,0,14,35,40,202,73,32,29,148,66,32,50,8,11,12,13,24,20,39,30,33,33
2024,06037120106,Census Tract 1201.06,Los Angeles,Los Angeles County,California,LosAngeles,1085,120,30,37,0,14,0,14,21,34,0,14,9,15,0,14,171,80,37,33,0,14,6,9,6,11,122,76,0,14,696,129,60,49,19,29,57,41,51,34,509,141,0,14,188,105,0,14,0,14,0,14,0,14,188,105,0,14
2024,06037120107,Census Tract 1201.07,Los Angeles,Los Angeles County,California,LosAngeles,1010,129,16,19,0,14,0,14,7,10,9,16,0,14,0,14,298,136,0,14,56,50,0,14,100,115,142,83,0,14,569,115,33,30,30,33,58,48,0,14,408,94,40,46,127,50,0,14,15,26,11,18,28,34,65,42,8,14
2024,06037120108,Census Tract 1201.08,Los Angeles,Los Angeles County,California,LosAngeles,859,174,47,54,17,25,0,14,0,14,0,14,30,46,0,14,83,67,26,41,0,14,11,17,23,35,23,37,0,14,619,165,106,67,94,75,0,14,29,35,368,174,22,25,110,60,9,16,11,18,0,14,0,14,90,61,0,14
2024,06037120300,Census Tract 1203,Los Angeles,Los Angeles County,California,LosAngeles,577,184,18,29,0,19,0,19,0,19,0,19,18,29,0,19,115,80,0,19,0,19,23,28,38,60,54,49,0,19,426,179,87,53,34,39,4,8,29,29,265,165,7,13,18,21,0,19,6,10,0,19,0,19,12,19,0,19
2024,06037120400,Census Tract 1204,Los Angeles,Los Angeles County,California,LosAngeles,1640,239,108,115,0,19,0,19,0,19,0,19,108,115,0,19,417,171,36,60,17,28,78,104,16,26,254,139,16,24,741,187,77,85,194,139,6,10,14,25,450,158,0,19,374,216,0,19,35,58,69,86,49,61,221,166,0,19
2024,06037121010,Census Tract 1210.10,Los Angeles,Los Angeles County,California,LosAngeles,380,152,0,14,0,14,0,14,0,14,0,14,0,14,0,14,10,17,0,14,10,17,0,14,0,14,0,14,0,14,327,149,19,29,12,19,18,30,49,75,229,121,0,14,43,40,0,14,9,14,0,14,22,32,12,19,0,14
2024,06037121020,Census Tract 1210.20,Los Angeles,Los Angeles County,California,LosAngeles,518,118,23,26,0,14,0,14,0,14,0,14,18,24,5,8,156,76,0,14,0,14,0,14,0,14,156,76,0,14,258,98,17,27,0,14,47,53,0,14,194,84,0,14,81,56,33,38,0,14,0,14,0,14,48,41,0,14
2024,06037121101,Census Tract 1211.01,Los Angeles,Los Angeles County,California,LosAngeles,587,97,17,20,4,7,0,14,0,14,0,14,13,19,0,14,104,49,38,36,15,23,0,14,0,14,39,31,12,12,360,109,89,51,36,34,24,29,35,36,145,73,31,41,106,46,19,26,0,14,16,26,0,14,48,34,23,26
2024,06037121102,Census Tract 1211.02,Los Angeles,Los Angeles County,California,LosAngeles,273,85,5,7,0,14,0,14,0,14,0,14,5,7,0,14,79,59,0,14,5,8,0,14,0,14,49,51,25,28,143,55,12,13,0,14,42,40,10,16,67,40,12,14,46,36,6,10,0,14,0,14,0,14,34,35,6,10
2024,06037121210,Census Tract 1212.10,Los Angeles,Los Angeles County,California,LosAngeles,332,82,0,14,0,14,0,14,0,14,0,14,0,14,0,14,35,30,14,20,0,14,0,14,0,14,21,22,0,14,203,79,16,25,12,19,12,12,54,55,109,62,0,14,94,47,0,14,27,42,0,14,0,14,49,35,18,25
2024,06037121221,Census Tract 1212.21,Los Angeles,Los Angeles County,California,LosAngeles,136,50,0,14,0,14,0,14,0,14,0,14,0,14,0,14,16,14,0,14,10,10,0,14,0,14,6,9,0,14,96,47,50,31,5,8,20,29,0,14,21,32,0,14,24,27,0,14,0,14,0,14,0,14,19,26,5,8
2024,06037121222,Census Tract 1212.22,Los Angeles,Los Angeles County,California,LosAngeles,809,115,0,19,0,19,0,19,0,19,0,19,0,19,0,19,86,63,36,37,11,17,0,19,10,16,29,46,0,19,593,129,80,64,37,47,68,64,87,84,299,119,22,37,130,76,47,42,36,49,10,15,11,16,26,31,0,19
2024,06037121600,Census Tract 1216,Los Angeles,Los Angeles County,California,LosAngeles,137,64,8,11,0,14,0,14,0,14,0,14,8,11,0,14,17,16,5,10,0,14,0,14,0,14,6,11,6,9,80,45,7,10,14,15,9,17,0,14,50,39,0,14,32,35,0,14,0,14,0,14,0,14,26,34,6,11
2024,06037121801,Census Tract 1218.01,Los Angeles,Los Angeles County,California,LosAngeles,909,130,66,66,0,14,0,14,0,14,37,57,29,35,0,14,171,96,0,14,89,73,0,14,10,17,72,64,0,14,617,159,75,67,0,14,61,59,81,63,374,147,26,29,55,39,0,14,18,20,0,14,0,14,37,35,0,14
2024,06037121802,Census Tract 1218.02,Los Angeles,Los Angeles County,California,LosAngeles,244,79,0,14,0,14,0,14,0,14,0,14,0,14,0,14,49,36,0,14,0,14,13,14,9,13,18,26,9,15,176,76,5,8,11,17,20,22,34,54,86,45,20,17,19,21,0,14,0,14,5,11,0,14,0,14,14,19
2024,06037121900,Census Tract 1219,Los Angeles,Los Angeles County,California,LosAngeles,533,213,0,14,0,14,0,14,0,14,0,14,0,14,0,14,116,72,66,63,0,14,0,14,0,14,50,57,0,14,408,218,38,43,53,59,24,41,69,77,184,199,40,44,9,15,0,14,0,14,0,14,0,14,9,15,0,14
2024,06037122000,Census Tract 1220,Los Angeles,Los Angeles County,California,LosAngeles,499,131,0,19,0,19,0,19,0,19,0,19,0,19,0,19,178,96,43,54,42,38,58,60,0,19,35,44,0,19,284,133,81,93,0,19,8,13,42,62,145,93,8,13,37,38,0,19,0,19,0,19,0,19,37,38,0,19
2024,06037122120,Census Tract 1221.20,Los Angeles,Los Angeles County,California,LosAngeles,598,161,0,14,0,14,0,14,0,14,0,14,0,14,0,14,101,64,19,27,38,43,19,32,0,14,0,14,25,37,374,162,82,63,0,14,21,26,0,14,239,144,32,38,123,82,9,14,34,49,11,19,0,14,57,83,12,20
2024,06037122121,Census Tract 1221.21,Los Angeles,Los Angeles County,California,LosAngeles,481,109,0,14,0,14,0,14,0,14,0,14,0,14,0,14,92,57,13,23,26,35,9,14,7,12,20,28,17,24,361,109,49,35,40,38,20,22,53,48,179,101,20,23,28,28,0,14,0,14,0,14,23,27,5,9,0,14
2024,06037122122,Census Tract 1221.22,Los Angeles,Los Angeles County,California,LosAngeles,652,89,17,20,0,14,9,14,0,14,0,14,8,16,0,14,61,36,20,22,7,10,0,14,8,12,26,27,0,14,426,91,79,36,11,14,63,39,71,58,195,72,7,11,148,51,21,27,0,14,26,27,0,14,101,43,0,14
2024,06037122200,Census Tract 1222,Los Angeles,Los Angeles County,California,LosAngeles,411,91,26,31,19,30,7,10,0,14,0,14,0,14,0,14,134,56,18,19,0,14,0,14,19,28,75,46,22,29,228,80,28,30,17,25,0,14,6,10,177,81,0,14,23,25,0,14,0,14,0,14,6,11,17,22,0,14
2024,06037122410,Census Tract 1224.10,Los Angeles,Los Angeles County,California,LosAngeles,1064,94,21,25,0,14,0,14,0,14,7,12,14,22,0,14,328,115,93,90,55,60,31,33,27,34,122,64,0,14,649,126,175,106,109,79,38,38,50,45,242,107,35,35,66,45,8,14,6,11,26,26,20,32,6,11,0,14
2024,06037122420,Census Tract 1224.20,Los Angeles,Los Angeles County,California,LosAngeles,851,150,44,50,5,11,0,14,0,14,0,14,39,50,0,14,208,97,9,18,24,29,27,42,0,14,148,81,0,14,506,134,58,48,61,58,49,55,51,59,287,129,0,14,93,73,10,16,7,12,0,14,0,14,76,70,0,14
2024,06037123010,Census Tract 1230.10,Los Angeles,Los Angeles County,California,LosAngeles,714,108,22,35,0,14,0,14,0,14,0,14,22,35,0,14,139,80,0,14,0,14,0,14,13,22,126,77,0,14,524,109,129,85,9,13,32,39,56,41,298,97,0,14,29,31,14,23,0,14,0,14,0,14,15,21,0,14
2024,06037123020,Census Tract 1230.20,Los Angeles,Los Angeles County,California,LosAngeles,312,96,0,14,0,14,0,14,0,14,0,14,0,14,0,14,12,19,0,14,12,19,0,14,0,14,0,14,0,14,271,88,24,24,59,68,15,16,16,17,146,55,11,12,29,27,0,14,16,20,0,14,0,14,13,20,0,14
2024,06037123103,Census Tract 1231.03,Los Angeles,Los Angeles County,California,LosAngeles,968,197,47,40,0,14,0,14,0,14,10,16,37,37,0,14,237,101,43,42,57,52,0,14,7,12,130,90,0,14,607,224,128,113,107,109,53,67,32,38,261,127,26,32,77,66,0,14,0,14,0,14,0,14,77,66,0,14
2024,06037123104,Census Tract 1231.04,Los Angeles,Los Angeles County,California,LosAngeles,1059,156,58,61,0,14,0,14,0,14,0,14,58,61,0,14,278,135,150,108,10,16,0,14,0,14,118,102,0,14,668,160,119,89,84,72,44,41,69,64,352,155,0,14,55,33,11,17,0,14,0,14,9,16,35,26,0,14
2024,06037123203,Census Tract 1232.03,Los Angeles,Los Angeles County,California,LosAngeles,915,95,122,71,0,14,0,14,24,28,59,84,39,42,0,14,243,90,49,56,16,25,14,23,12,18,148,86,4,13,377,131,56,75,32,54,35,39,10,16,187,113,57,59,173,95,13,20,26,40,43,61,0,14,91,63,0,14
2024,06037123204,Census Tract 1232.04,Los Angeles,Los Angeles County,California,LosAngeles,892,136,36,31,0,14,0,14,0,14,0,14,36,31,0,14,219,122,21,32,27,41,65,101,54,62,52,37,0,14,478,120,32,36,91,75,69,56,65,56,221,72,0,14,159,64,30,29,0,14,22,34,8,14,99,47,0,14
2024,06037123205,Census Tract 1232.05,Los Angeles,Los Angeles County,California,LosAngeles,592,93,0,14,0,14,0,14,0,14,0,14,0,14,0,14,143,66,21,25,56,54,0,14,0,14,66,35,0,14,371,79,58,43,19,21,25,26,39,41,224,75,6,9,78,33,12,17,5,7,0,14,0,14,61,32,0,14
2024,06037123206,Census Tract 1232.06,Los Angeles,Los Angeles County,California,LosAngeles,594,82,0,14,0,14,0,14,0,14,0,14,0,14,0,14,135,65,22,23,15,25,11,18,13,20,68,46,6,9,333,72,71,38,69,39,12,14,9,13,141,53,31,27,126,45,45,35,9,15,15,23,19,21,38,29,0,14
2024,06037123301,Census Tract 1233.01,Los Angeles,Los Angeles County,California,LosAngeles,973,146,156,95,0,14,0,14,0,14,0,14,156,95,0,14,262,110,21,31,19,22,44,53,86,76,81,62,11,17,496,141,20,33,111,82,68,61,31,50,250,112,16,20,59,35,18,21,0,14,0,14,11,16,30,27,0,14
2024,06037123303,Census Tract 1233.03,Los Angeles,Los Angeles County,California,LosAngeles,544,80,0,14,0,14,0,14,0,14,0,14,0,14,0,14,123,52,12,14,27,23,12,18,13,20,50,37,9,13,337,65,20,23,60,42,61,46,5,8,191,49,0,14,84,47,13,20,7,12,5,7,0,14,59,43,0,14
2024,06037123304,Census Tract 1233.04,Los Angeles,Los Angeles County,California,LosAngeles,1383,191,90,74,38,51,0,14,0,14,0,14,52,66,0,14,128,79,0,14,70,69,9,14,14,24,35,35,0,14,633,155,80,58,34,44,45,45,84,80,335,137,55,70,532,179,37,37,47,53,13,15,63,51,372,175,0,14
2024,06037123410,Census Tract 1234.10,Los Angeles,Los Angeles County,California,LosAngeles,892,168,56,56,0,14,0,14,0,14,0,14,56,56,0,14,137,77,0,14,0,14,17,27,0,14,120,72,0,14,574,168,110,96,12,17,26,28,47,62,371,165,8,12,125,65,8,16,0,14,0,14,0,14,117,62,0,14
2024,06037123420,Census Tract 1234.20,Los Angeles,Los Angeles County,California,LosAngeles,1057,230,76,68,0,14,0,14,30,46,0,14,46,51,0,14,265,118,0,14,36,35,0,14,0,14,211,115,18,25,492,192,186,164,57,72,22,23,13,25,214,107,0,14,224,127,16,27,0,14,23,25,2,19,183,123,0,14
2024,06037123510,Census Tract 1235.10,Los Angeles,Los Angeles County,California,LosAngeles,1285,137,31,30,0,14,0,14,0,14,6,11,25,28,0,14,179,81,0,14,0,14,12,19,21,31,146,82,0,14,834,148,61,59,38,43,124,79,18,30,525,138,68,75,241,85,10,23,48,73,21,33,32,54,106,75,24,39
2024,06037123520,Census Tract 1235.20,Los Angeles,Los Angeles County,California,LosAngeles,483,73,53,41,0,14,0,14,5,8,0,14,48,40,0,14,92,59,0,14,13,20,5,8,0,14,36,24,38,51,244,70,40,27,0,14,18,23,15,24,171,64,0,14,94,51,16,23,26,25,0,14,2,4,50,40,0,14
2024,06037123601,Census Tract 1236.01,Los Angeles,Los Angeles County,California,LosAngeles,1223,158,35,53,0,19,0,19,35,53,0,19,0,19,0,19,264,116,35,37,47,59,67,70,7,11,99,79,9,15,805,157,114,95,155,97,38,59,63,59,397,145,38,37,119,70,0,19,0,19,9,15,0,19,110,67,0,19
2024,06037123602,Census Tract 1236.02,Los Angeles,Los Angeles County,California,LosAngeles,781,164,8,12,0,14,0,14,0,14,0,14,8,12,0,14,111,65,5,9,6,10,16,26,21,34,63,56,0,14,408,111,118,88,31,26,47,37,13,19,167,102,32,31,254,141,41,53,0,14,0,14,22,35,165,137,26,30
2024,06037123700,Census Tract 1237,Los Angeles,Los Angeles County,California,LosAngeles,903,291,9,14,0,14,0,14,0,14,0,14,9,14,0,14,191,96,19,22,10,17,18,20,8,14,136,96,0,14,604,279,141,91,212,276,17,20,39,49,162,94,33,46,99,49,0,14,10,15,0,14,21,22,68,41,0,14
2024,06037123800,Census Tract 1238,Los Angeles,Los Angeles County,California,LosAngeles,1360,196,29,47,0,19,0,19,0,19,29,47,0,19,0,19,281,112,0,19,56,58,56,71,30,47,139,91,0,19,877,208,187,149,172,118,109,84,26,44,359,163,24,38,173,107,78,86,0,19,0,19,11,17,84,82,0,19
2024,06037123901,Census Tract 1239.01,Los Angeles,Los Angeles County,California,LosAngeles,1208,154,0,14,0,14,0,14,0,14,0,14,0,14,0,14,327,173,0,14,0,14,44,51,35,52,174,156,74,80,695,161,164,107,113,86,49,66,81,77,281,149,7,8,186,99,4,7,12,18,0,14,12,20,158,92,0,14
2024,06037123902,Census Tract 1239.02,Los Angeles,Los Angeles County,California,LosAngeles,651,146,34,49,0,14,0,14,0,14,0,14,34,49,0,14,279,150,23,26,81,115,9,17,30,35,136,82,0,14,300,102,51,36,50,48,55,46,16,24,114,69,14,22,38,29,10,15,0,14,0,14,0,14,28,26,0,14
2024,06037124000,Census Tract 1240,Los Angeles,Los Angeles County,California,LosAngeles,1171,217,41,53,0,14,0,14,0,14,0,14,41,53,0,14,397,215,112,151,58,71,59,78,43,51,84,82,41,67,545,173,14,24,46,48,63,98,17,27,353,145,52,46,188,102,55,53,19,30,0,14,0,14,114,87,0,14
2024,06037124102,Census Tract 1241.02,Los Angeles,Los Angeles County,California,LosAngeles,1129,185,50,44,0,14,9,15,0,14,0,14,41,41,0,14,482,110,11,18,80,67,113,82,21,25,247,77,10,17,440,168,49,49,86,67,27,28,28,26,244,140,6,10,157,80,42,53,0,14,0,14,24,20,91,61,0,14
2024,06037124103,Census Tract 1241.03,Los Angeles,Los Angeles County,California,LosAngeles,377,68,0,14,0,14,0,14,0,14,0,14,0,14,0,14,89,42,0,14,6,8,21,20,36,36,21,16,5,7,256,64,34,27,9,10,54,39,0,14,151,52,8,10,32,23,0,14,0,14,6,8,0,14,26,23,0,14
2024,06037124104,Census Tract 1241.04,Los Angeles,Los Angeles County,California,LosAngeles,972,142,85,47,0,14,0,14,10,16,7,10,63,42,5,8,219,81,40,34,22,22,14,17,0,14,143,67,0,14,556,147,88,61,28,29,57,41,60,54,293,124,30,39,112,81,0,14,35,41,0,14,0,14,77,69,0,14
2024,06037124105,Census Tract 1241.05,Los Angeles,Los Angeles County,California,LosAngeles,708,73,19,23,13,20,0,14,6,10,0,14,0,14,0,14,166,67,0,14,26,29,14,15,6,8,120,57,0,14,411,82,22,20,7,11,60,45,55,32,255,72,12,12,112,51,36,31,11,12,19,27,13,19,33,23,0,14
2024,06037124201,Census Tract 1242.01,Los Angeles,Los Angeles County,California,LosAngeles,613,160,18,29,0,14,0,14,0,14,0,14,18,29,0,14,131,70,34,48,12,19,22,36,0,14,63,44,0,14,455,150,55,72,31,36,157,129,132,99,58,50,22,35,9,10,0,14,0,14,0,14,0,14,5,8,4,6
2024,06037124203,Census Tract 1242.03,Los Angeles,Los Angeles County,California,LosAngeles,678,97,42,43,0,14,0,14,0,14,0,14,42,43,0,14,146,62,34,37,28,38,0,14,33,34,51,36,0,14,432,115,122,70,15,16,15,17,51,33,229,109,0,14,58,30,16,17,13,20,0,14,0,14,29,17,0,14
2024,06037124204,Census Tract 1242.04,Los Angeles,Los Angeles County,California,LosAngeles,746,159,35,43,0,14,0,14,0,14,0,14,35,43,0,14,191,114,102,104,20,22,3,8,18,20,48,47,0,14,372,114,54,38,35,53,21,26,20,40,218,90,24,34,148,94,11,18,0,14,0,14,43,62,94,81,0,14
2024,06037124300,Census Tract 1243,Los Angeles,Los Angeles County,California,LosAngeles,896,181,40,41,0,14,0,14,0,14,0,14,27,36,13,21,202,67,37,34,16,26,54,53,8,13,87,53,0,14,583,174,191,91,42,42,42,46,9,17,299,148,0,14,71,62,0,14,8,12,0,14,0,14,63,62,0,14
2024,06037124400,Census Tract 1244,Los Angeles,Los Angeles County,California,LosAngeles,1077,216,46,35,0,14,13,23,0,14,0,14,33,25,0,14,286,106,51,65,42,41,35,39,36,36,122,85,0,14,578,183,153,145,21,34,61,50,60,46,283,91,0,14,167,79,0,14,0,14,25,37,0,14,123,79,19,22
2024,06037124500,Census Tract 1245,Los Angeles,Los Angeles County,California,LosAngeles,565,116,0,14,0,14,0,14,0,14,0,14,0,14,0,14,162,77,0,14,12,18,16,20,11,18,78,56,45,57,356,112,10,16,39,36,30,31,11,17,191,99,75,67,47,36,0,14,0,14,9,15,7,11,31,33,0,14
2024,06037124600,Census Tract 1246,Los Angeles,Los Angeles County,California,LosAngeles,801,193,22,23,0,14,0,14,0,14,0,14,16,18,6,9,221,107,9,14,7,11,60,58,5,10,140,86,0,14,432,127,59,48,63,48,18,23,35,29,247,120,10,16,126,135,6,10,0,14,17,20,0,14,103,134,0,14
2024,06037124700,Census Tract 1247,Los Angeles,Los Angeles County,California,LosAngeles,1569,426,130,103,11,18,0,19,66,97,0,19,53,59,0,19,377,208,84,93,74,117,13,22,88,109,118,80,0,19,936,330,378,256,95,90,70,96,27,41,366,193,0,19,126,77,0,19,43,50,0,19,0,19,83,60,0,19
2024,06037124902,Census Tract 1249.02,Los Angeles,Los Angeles County,California,LosAngeles,1286,248,81,73,0,14,0,14,16,22,0,14,65,69,0,14,175,79,29,34,26,30,60,56,25,30,35,34,0,14,808,264,146,93,72,67,162,129,58,54,310,108,60,78,222,122,99,104,25,27,16,20,11,17,71,46,0,14
2024,06037124903,Census Tract 1249.03,Los Angeles,Los Angeles County,California,LosAngeles,1448,155,64,59,20,27,0,14,0,14,0,14,44,46,0,14,446,138,183,93,26,25,7,11,32,36,198,116,0,14,660,166,181,98,84,77,17,20,108,93,270,106,0,14,278,85,103,85,23,27,11,16,6,10,135,64,0,14
2024,06037125101,Census Tract 1251.01,Los Angeles,Los Angeles County,California,LosAngeles,1865,329,31,38,0,14,0,14,21,35,0,14,10,15,0,14,514,184,179,127,0,14,34,34,25,42,276,157,0,14,1172,339,123,92,119,88,221,277,152,145,514,174,43,72,148,86,14,24,0,14,33,39,0,14,101,76,0,14
2024,06037125102,Census Tract 1251.02,Los Angeles,Los Angeles County,California,LosAngeles,568,140,77,91,0,14,0,14,0,14,16,25,61,91,0,14,130,80,0,14,10,16,0,14,71,73,31,40,18,27,328,137,55,70,17,27,17,26,0,14,239,114,0,14,33,38,13,21,0,14,0,14,0,14,20,31,0,14
2024,06037125200,Census Tract 1252,Los Angeles,Los Angeles County,California,LosAngeles,1431,269,65,61,13,20,0,14,0,14,39,59,0,14,13,21,615,248,42,34,81,67,56,44,73,45,248,167,115,176,697,192,70,43,19,22,153,88,109,88,303,147,43,52,54,33,41,28,0,14,0,14,0,14,13,17,0,14
2024,06037125310,Census Tract 1253.10,Los Angeles,Los Angeles County,California,LosAngeles,1886,293,58,51,0,14,0,14,0,14,43,46,15,24,0,14,740,275,217,142,190,164,58,57,30,36,223,141,22,37,970,265,92,87,177,158,167,124,75,107,459,197,0,14,118,86,35,41,0,14,0,14,22,35,61,57,0,14
2024,06037125321,Census Tract 1253.21,Los Angeles,Los Angeles County,California,LosAngeles,1286,190,79,58,0,14,0,14,0,14,0,14,79,58,0,14,625,193,69,49,8,14,137,78,191,170,220,97,0,14,415,121,83,68,44,33,36,58,40,44,212,103,0,14,167,71,0,14,0,14,2,4,54,48,111,53,0,14
2024,06037125322,Census Tract 1253.22,Los Angeles,Los Angeles County,California,LosAngeles,1697,257,197,95,9,15,0,14,0,14,41,51,147,97,0,14,614,156,27,30,60,52,81,55,42,65,404,156,0,14,483,158,78,70,24,20,46,75,20,31,285,130,30,47,403,212,0,14,22,36,82,77,54,62,245,197,0,14
2024,06037125402,Census Tract 1254.02,Los Angeles,Los Angeles County,California,LosAngeles,1726,282,157,135,0,14,12,21,0,14,0,14,127,136,18,27,352,136,0,14,44,39,62,66,111,74,135,86,0,14,1082,286,142,121,122,90,228,160,47,45,531,225,12,20,135,86,0,14,0,14,31,48,0,14,104,74,0,14
2024,06037125403,Census Tract 1254.03,Los Angeles,Los Angeles County,California,LosAngeles,1551,257,76,55,0,14,0,14,0,14,0,14,76,55,0,14,751,245,48,48,61,47,119,91,101,72,422,234,0,14,615,186,93,74,112,95,79,62,90,85,231,109,10,15,109,46,0,14,6,10,25,30,31,34,37,39,10,15
2024,06037125404,Census Tract 1254.04,Los Angeles,Los Angeles County,California,LosAngeles,1693,376,82,74,0,14,0,14,11,17,0,14,61,65,10,16,1114,363,249,117,44,40,146,103,256,307,419,194,0,14,468,113,101,73,70,68,0,14,25,27,272,102,0,14,29,33,0,14,29,33,0,14,0,14,0,14,0,14
2024,06037125501,Census Tract 1255.01,Los Angeles,Los Angeles County,California,LosAngeles,1365,210,62,51,0,14,0,14,16,26,0,14,46,44,0,14,570,163,110,91,180,118,60,46,46,55,174,90,0,14,443,156,76,78,86,86,81,54,15,25,185,79,0,14,290,181,0,14,0,14,5,10,0,14,285,183,0,14
2024,06037125502,Census Tract 1255.02,Los Angeles,Los Angeles County,California,LosAngeles,1444,221,80,64,0,14,0,14,0,14,0,14,73,63,7,11,436,145,141,118,43,35,57,61,11,17,184,106,0,14,670,140,92,65,74,51,63,52,121,73,255,98,65,60,258,139,42,43,13,20,29,29,94,118,80,46,0,14
2024,06037125600,Census Tract 1256,Los Angeles,Los Angeles County,California,LosAngeles,793,218,38,42,0,14,0,14,0,14,0,14,38,42,0,14,168,103,10,16,93,91,0,14,0,14,65,53,0,14,493,199,106,77,68,59,21,33,48,48,250,191,0,14,94,60,20,23,0,14,0,14,8,13,56,55,10,15
2024,06037127102,Census Tract 1271.02,Los Angeles,Los Angeles County,California,LosAngeles,976,155,0,19,0,19,0,19,0,19,0,19,0,19,0,19,270,113,37,41,0,19,0,19,38,39,176,106,19,30,659,150,27,28,58,61,44,58,118,60,381,146,31,49,47,46,0,19,0,19,0,19,0,19,22,25,25,39
2024,06037127103,Census Tract 1271.03,Los Angeles,Los Angeles County,California,LosAngeles,1082,214,18,30,0,14,0,14,18,30,0,14,0,14,0,14,423,123,43,43,110,83,0,14,0,14,270,127,0,14,521,199,58,50,95,48,7,13,11,17,248,120,102,154,120,73,27,44,0,14,26,31,0,14,67,51,0,14
2024,06037127104,Census Tract 1271.04,Los Angeles,Los Angeles County,California,LosAngeles,932,244,80,68,0,14,0,14,0,14,0,14,80,68,0,14,192,171,115,156,0,14,29,42,0,14,48,65,0,14,566,224,0,14,9,14,39,47,11,19,507,225,0,14,94,71,0,14,0,14,0,14,0,14,84,71,10,15
2024,06037127210,Census Tract 1272.10,Los Angeles,Los Angeles County,California,LosAngeles,1319,196,22,19,0,19,0,19,0,19,5,7,17,18,0,19,403,130,56,55,79,68,4,6,37,32,227,116,0,19,608,191,188,109,57,51,46,63,35,51,270,126,12,19,286,135,11,18,6,9,127,107,19,31,90,55,33,52
2024,06037127220,Census Tract 1272.20,Los Angeles,Los Angeles County,California,LosAngeles,1231,138,70,52,9,16,15,23,0,14,0,14,46,44,0,14,161,88,0,14,0,14,0,14,0,14,129,103,32,51,616,144,104,97,32,51,46,47,86,89,348,123,0,14,384,143,41,51,11,16,68,62,84,79,144,93,36,48
2024,06037127300,Census Tract 1273,Los Angeles,Los Angeles County,California,LosAngeles,996,197,56,49,0,14,0,14,0,14,0,14,56,49,0,14,262,123,0,14,68,91,52,54,57,60,85,53,0,14,577,202,87,68,155,102,51,81,0,14,272,159,12,18,101,66,0,14,0,14,0,14,0,14,91,64,10,15
2024,06037127400,Census Tract 1274,Los Angeles,Los Angeles County,California,LosAngeles,1464,213,15,16,0,19,15,16,0,19,0,19,0,19,0,19,202,102,23,26,7,11,0,19,0,19,172,99,0,19,1049,218,206,104,86,77,167,148,87,65,409,164,94,81,198,104,53,64,0,19,0,19,0,19,145,83,0,19
2024,06037127520,Census Tract 1275.20,Los Angeles,Los Angeles County,California,LosAngeles,1411,134,51,50,0,14,17,26,0,14,0,14,34,43,0,14,278,124,0,14,51,53,0,14,22,35,205,111,0,14,812,136,171,71,42,50,88,75,82,68,358,136,71,64,270,96,35,35,23,36,34,38,49,56,129,85,0,14
2024,06037127603,Census Tract 1276.03,Los Angeles,Los Angeles County,California,LosAngeles,791,91,13,14,0,14,6,9,0,14,0,14,7,10,0,14,272,108,68,74,60,57,0,14,57,55,68,45,19,30,463,73,75,52,88,54,36,38,17,20,247,69,0,14,43,30,0,14,5,7,0,14,3,5,35,29,0,14
2024,06037127604,Census Tract 1276.04,Los Angeles,Los Angeles County,California,LosAngeles,1360,256,80,70,0,14,17,27,0,14,9,17,54,62,0,14,470,221,123,157,16,25,12,22,0,14,319,162,0,14,478,113,56,45,35,37,34,42,0,14,271,110,82,81,332,128,32,35,12,17,18,22,144,121,126,71,0,14
2024,06037127605,Census Tract 1276.05,Los Angeles,Los Angeles County,California,LosAngeles,917,149,10,16,0,14,0,14,0,14,0,14,10,16,0,14,209,110,17,26,44,51,24,39,37,48,87,64,0,14,620,158,48,53,81,61,49,53,16,19,426,137,0,14,78,67,0,14,9,19,35,52,12,25,22,25,0,14
2024,06037127606,Census Tract 1276.06,Los Angeles,Los Angeles County,California,LosAngeles,699,132,68,57,0,14,0,14,0,14,12,19,30,33,26,41,101,59,6,11,36,38,29,35,0,14,30,30,0,14,478,112,91,50,94,50,24,28,22,26,242,101,5,9,52,68,43,67,0,14,0,14,9,15,0,14,0,14
2024,06037127711,Census Tract 1277.11,Los Angeles,Los Angeles County,California,LosAngeles,709,132,62,59,0,14,0,14,17,27,0,14,45,50,0,14,159,100,28,34,0,14,41,51,28,31,62,67,0,14,402,137,106,92,42,42,25,31,12,21,168,88,49,51,86,70,0,14,38,49,21,31,27,39,0,14,0,14
2024,06037127712,Census Tract 1277.12,Los Angeles,Los Angeles County,California,LosAngeles,1309,187,63,67,0,14,0,14,0,14,7,28,56,61,0,14,399,141,115,99,65,62,74,88,13,15,132,95,0,14,774,172,103,81,66,52,96,79,181,130,328,122,0,14,73,55,20,31,0,14,14,23,12,20,27,33,0,14
2024,06037127803,Census Tract 1278.03,Los Angeles,Los Angeles County,California,LosAngeles,1265,151,0,19,0,19,0,19,0,19,0,19,0,19,0,19,264,125,20,32,105,96,0,19,34,31,90,69,15,23,630,160,62,67,78,56,0,19,88,59,370,144,32,39,371,141,81,74,76,75,6,10,0,19,208,103,0,19
2024,06037127804,Census Tract 1278.04,Los Angeles,Los Angeles County,California,LosAngeles,1215,161,65,56,0,14,0,14,26,41,0,14,39,29,0,14,248,121,54,50,7,10,27,26,0,14,84,50,76,81,739,168,159,129,99,74,18,23,65,72,398,125,0,14,163,76,10,16,0,14,24,37,2,10,127,72,0,14
2024,06037127805,Census Tract 1278.05,Los Angeles,Los Angeles County,California,LosAngeles,881,212,0,14,0,14,0,14,0,14,0,14,0,14,0,14,201,98,44,42,0,14,21,33,22,25,79,63,35,32,461,148,84,80,0,14,35,35,23,25,282,139,37,52,219,142,13,19,0,14,59,96,11,17,113,106,23,36
2024,06037127806,Census Tract 1278.06,Los Angeles,Los Angeles County,California,LosAngeles,1087,121,0,14,0,14,0,14,0,14,0,14,0,14,0,14,451,131,130,78,22,19,107,84,32,40,150,85,10,15,476,160,69,49,10,16,24,41,50,48,323,138,0,14,160,84,24,29,0,14,31,39,0,14,105,76,0,14
2024,06037127910,Census Tract 1279.10,Los Angeles,Los Angeles County,California,LosAngeles,1286,135,42,49,0,19,0,19,0,19,0,19,42,49,0,19,400,112,18,20,25,29,8,13,72,65,277,103,0,19,646,180,144,120,32,45,79,68,27,28,338,125,26,39,198,91,83,66,12,19,0,19,10,16,84,66,9,13
2024,06037127920,Census Tract 1279.20,Los Angeles,Los Angeles County,California,LosAngeles,915,319,0,14,0,14,0,14,0,14,0,14,0,14,0,14,303,291,47,57,12,17,15,24,11,18,218,287,0,14,547,141,19,20,154,122,106,91,38,59,202,107,28,43,65,50,13,21,14,22,14,21,0,14,24,28,0,14
2024,06037128101,Census Tract 1281.01,Los Angeles,Los Angeles County,California,LosAngeles,804,112,8,14,0,14,0,14,0,14,0,14,8,14,0,14,251,106,20,25,0,14,62,46,29,33,140,98,0,14,483,106,79,66,49,51,43,38,43,49,221,86,48,58,62,63,0,14,40,57,8,13,0,14,14,22,0,14
2024,06037128102,Census Tract 1281.02,Los Angeles,Los Angeles County,California,LosAngeles,1293,174,47,63,0,14,42,62,0,14,0,14,5,10,0,14,390,124,16,19,86,62,44,41,25,39,219,102,0,14,701,181,113,75,172,129,42,44,34,52,315,135,25,40,155,83,9,15,15,25,0,14,0,14,131,76,0,14
2024,06037128210,Census Tract 1282.10,Los Angeles,Los Angeles County,California,LosAngeles,1477,137,51,49,0,14,0,14,0,14,20,32,31,36,0,14,367,144,0,14,57,46,68,100,39,38,203,95,0,14,747,150,71,55,68,70,44,42,63,46,462,143,39,43,312,100,52,48,18,28,42,42,66,56,110,63,24,37
2024,06037128220,Census Tract 1282.20,Los Angeles,Los Angeles County,California,LosAngeles,972,145,52,42,0,14,0,14,0,14,0,14,52,42,0,14,146,66,49,40,0,14,0,14,53,44,44,38,0,14,683,144,38,33,123,90,124,109,41,28,349,107,8,15,91,56,0,14,0,14,12,20,0,14,62,47,17,21
2024,06037128302,Census Tract 1283.02,Los Angeles,Los Angeles County,California,LosAngeles,1068,218,74,57,0,14,0,14,0,14,0,14,74,57,0,14,282,183,78,118,10,16,26,39,0,14,168,107,0,14,661,130,45,40,165,88,47,41,47,39,357,127,0,14,51,38,0,14,0,14,13,19,0,14,31,33,7,11
2024,06037128303,Census Tract 1283.03,Los Angeles,Los Angeles County,California,LosAngeles,1073,169,50,62,0,14,0,14,18,30,32,49,0,14,0,14,260,100,6,10,62,54,56,53,62,54,74,63,0,14,686,197,38,33,21,33,60,55,109,76,427,191,31,36,77,52,21,32,10,16,12,18,0,14,34,35,0,14
2024,06037128400,Census Tract 1284,Los Angeles,Los Angeles County,California,LosAngeles,872,162,48,44,9,15,0,14,0,14,8,14,31,47,0,14,245,85,113,79,19,22,18,29,36,29,59,46,0,14,568,172,51,41,69,51,71,76,128,113,249,108,0,14,11,17,0,14,0,14,0,14,0,14,0,14,11,17
2024,06037128500,Census Tract 1285,Los Angeles,Los Angeles County,California,LosAngeles,1351,200,53,60,0,14,0,14,0,14,0,14,53,60,0,14,482,169,127,97,79,117,80,66,29,47,167,133,0,14,505,154,92,67,18,29,70,54,14,22,268,149,43,64,311,147,73,98,1,31,0,14,0,14,237,124,0,14
2024,06037128601,Census Tract 1286.01,Los Angeles,Los Angeles County,California,LosAngeles,1535,239,131,79,26,40,0,19,9,15,0,19,96,69,0,19,368,135,91,75,35,54,66,67,64,48,103,67,9,17,912,264,35,51,364,251,38,32,71,61,370,109,34,43,124,72,22,34,0,19,7,12,0,19,95,59,0,19
2024,06037128602,Census Tract 1286.02,Los Angeles,Los Angeles County,California,LosAngeles,711,112,8,13,0,14,0,14,0,14,0,14,8,13,0,14,158,78,21,24,0,14,26,23,0,14,98,62,13,21,457,117,123,81,115,86,11,18,55,55,153,77,0,14,88,57,0,14,0,14,21,23,0,14,56,50,11,17
2024,06037128703,Census Tract 1287.03,Los Angeles,Los Angeles County,California,LosAngeles,1357,229,79,93,0,14,0,14,0,14,0,14,79,93,0,14,595,231,59,45,70,65,96,95,143,148,227,144,0,14,467,137,42,28,81,71,52,60,45,55,209,110,38,61,216,94,64,71,16,20,0,14,9,14,127,64,0,14
2024,06037128704,Census Tract 1287.04,Los Angeles,Los Angeles County,California,LosAngeles,397,81,4,9,0,14,0,14,0,14,0,14,4,9,0,14,48,40,0,14,14,21,14,23,4,8,10,17,6,11,280,96,113,77,55,60,33,36,21,24,58,57,0,14,65,44,17,28,10,16,0,14,0,14,25,27,13,20
2024,06037128801,Census Tract 1288.01,Los Angeles,Los Angeles County,California,LosAngeles,1586,246,120,96,31,51,0,14,10,16,34,43,45,70,0,14,491,165,98,104,25,31,46,45,84,68,203,104,35,56,772,204,153,105,13,20,54,36,66,56,418,165,68,71,203,86,24,28,0,14,53,56,27,42,81,43,18,21
2024,06037128802,Census Tract 1288.02,Los Angeles,Los Angeles County,California,LosAngeles,1377,340,90,82,0,14,0,14,0,14,39,67,43,43,8,15,352,174,84,86,49,52,0,14,0,14,219,144,0,14,499,216,142,151,127,102,31,37,44,69,155,75,0,14,436,244,28,31,0,14,45,70,0,14,363,205,0,14
2024,06037128910,Census Tract 1289.10,Los Angeles,Los Angeles County,California,LosAngeles,1023,148,68,58,0,14,0,14,0,14,28,44,40,36,0,14,249,102,17,22,79,89,38,36,29,32,86,63,0,14,538,110,162,87,87,61,77,71,65,44,113,69,34,40,168,117,0,14,13,21,56,90,0,14,85,81,14,14
2024,06037131021,Census Tract 1310.21,Los Angeles,Los Angeles County,California,LosAngeles,784,245,53,59,0,14,13,21,0,14,34,53,6,8,0,14,247,225,6,10,16,25,26,33,0,14,179,215,20,30,392,101,33,33,45,38,51,45,29,24,187,80,47,36,92,51,34,33,14,21,0,14,0,14,44,38,0,14
2024,06037131022,Census Tract 1310.22,Los Angeles,Los Angeles County,California,LosAngeles,716,122,23,37,0,14,0,14,23,37,0,14,0,14,0,14,151,63,16,24,73,45,0,14,24,41,38,30,0,14,475,122,45,47,65,65,17,26,0,14,348,125,0,14,67,50,25,28,0,14,10,18,0,14,32,30,0,14
2024,06037131023,Census Tract 1310.23,Los Angeles,Los Angeles County,California,LosAngeles,440,100,23,31,0,14,0,14,0,14,23,31,0,14,0,14,70,44,6,10,0,14,11,16,0,14,53,41,0,14,326,102,51,48,80,54,23,25,19,17,153,94,0,14,21,29,0,14,0,14,0,14,0,14,21,29,0,14
2024,06037131024,Census Tract 1310.24,Los Angeles,Los Angeles County,California,LosAngeles,563,141,38,63,0,14,0,14,0,14,0,14,38,63,0,14,100,52,0,14,25,38,0,14,39,36,36,34,0,14,361,108,49,42,132,93,43,51,0,14,125,76,12,21,64,44,8,14,0,14,0,14,0,14,34,31,22,31
2024,06037131100,Census Tract 1311,Los Angeles,Los Angeles County,California,LosAngeles,235,91,30,42,0,14,0,14,0,14,0,14,0,14,30,42,45,48,0,14,0,14,0,14,21,29,24,35,0,14,123,61,12,19,6,9,8,13,9,13,88,54,0,14,37,40,10,15,0,14,0,14,0,14,27,38,0,14
2024,06037131200,Census Tract 1312,Los Angeles,Los Angeles County,California,LosAngeles,184,86,7,13,0,14,0,14,0,14,0,14,7,13,0,14,45,49,0,14,0,14,5,9,0,14,40,49,0,14,93,72,5,9,0,14,0,14,5,8,83,73,0,14,39,33,0,14,0,14,0,14,0,14,31,36,8,12
2024,06037131300,Census Tract 1313,Los Angeles,Los Angeles County,California,LosAngeles,251,91,1,19,0,14,0,14,0,14,0,14,1,19,0,14,75,51,0,14,0,14,27,36,0,14,48,48,0,14,161,92,56,61,0,14,0,14,0,14,100,76,5,10,14,29,0,14,0,14,0,14,0,14,14,29,0,14
2024,06037131400,Census Tract 1314,Los Angeles,Los Angeles County,California,LosAngeles,806,157,34,32,0,19,0,19,0,19,0,19,33,32,1,4,135,86,0,19,0,19,0,19,22,26,113,84,0,19,458,152,71,84,42,34,51,31,25,26,269,108,0,19,179,89,0,19,19,15,27,27,81,87,43,38,9,14
2024,06037131600,Census Tract 1316,Los Angeles,Los Angeles County,California,LosAngeles,389,124,10,15,0,19,0,19,0,19,10,15,0,19,0,19,121,87,0,19,16,23,0,19,0,19,105,89,0,19,198,99,3,5,113,68,4,7,14,22,59,62,5,12,60,52,16,26,0,19,10,15,0,19,34,41,0,19
2024,06037131701,Census Tract 1317.01,Los Angeles,Los Angeles County,California,LosAngeles,1000,259,11,18,0,14,0,14,11,18,0,14,0,14,0,14,136,80,9,15,0,14,15,19,0,14,112,77,0,14,573,162,30,29,97,80,109,76,25,29,312,152,0,14,280,179,11,17,0,14,9,14,46,59,196,174,18,23
2024,06037131702,Census Tract 1317.02,Los Angeles,Los Angeles County,California,LosAngeles,365,112,38,46,0,14,0,14,0,14,0,14,38,46,0,14,50,55,0,14,0,14,0,14,12,19,38,49,0,14,256,104,45,52,30,35,20,28,0,14,161,95,0,14,21,25,0,14,6,12,0,14,15,23,0,14,0,14
2024,06037131801,Census Tract 1318.01,Los Angeles,Los Angeles County,California,LosAngeles,685,138,24,28,0,14,0,14,15,24,0,14,9,15,0,14,147,76,15,24,37,56,0,14,13,15,68,49,14,24,359,119,95,65,35,38,20,25,5,9,199,110,5,8,155,85,10,11,6,10,9,14,0,14,130,84,0,14
2024,06037131802,Census Tract 1318.02,Los Angeles,Los Angeles County,California,LosAngeles,218,83,5,9,0,14,0,14,0,14,0,14,5,9,0,14,78,62,0,14,0,14,0,14,15,24,29,37,34,44,84,62,7,11,0,14,0,14,0,14,51,44,26,39,51,27,14,15,6,9,5,8,0,14,21,23,5,8
2024,06037131900,Census Tract 1319,Los Angeles,Los Angeles County,California,LosAngeles,229,118,0,14,0,14,0,14,0,14,0,14,0,14,0,14,15,40,0,14,0,14,6,22,9,31,0,14,0,14,183,100,6,9,57,67,43,50,15,24,57,46,5,21,31,33,0,14,0,14,0,14,0,14,15,25,16,19
2024,06037132001,Census Tract 1320.01,Los Angeles,Los Angeles County,California,LosAngeles,337,140,10,16,0,14,0,14,10,16,0,14,0,14,0,14,91,49,25,26,12,18,14,21,0,14,40,33,0,14,211,140,70,58,13,19,9,16,82,109,37,41,0,14,25,28,0,14,0,14,0,14,2,4,23,28,0,14
2024,06037132002,Census Tract 1320.02,Los Angeles,Los Angeles County,California,LosAngeles,357,137,27,40,0,14,0,14,0,14,0,14,27,40,0,14,124,99,49,49,0,14,0,14,0,14,75,89,0,14,186,94,7,16,92,80,0,14,0,14,87,44,0,14,20,28,16,25,0,14,0,14,0,14,0,14,4,13
2024,06037132101,Census Tract 1321.01,Los Angeles,Los Angeles County,California,LosAngeles,939,257,58,67,0,14,0,14,0,14,17,26,41,64,0,14,355,263,0,14,8,14,0,14,0,14,208,129,139,227,510,130,67,53,42,46,15,23,43,58,332,112,11,19,16,21,2,10,0,14,0,14,0,14,14,18,0,14
2024,06037132102,Census Tract 1321.02,Los Angeles,Los Angeles County,California,LosAngeles,898,258,16,25,0,19,0,19,0,19,0,19,16,25,0,19,139,103,17,27,0,19,16,27,0,19,106,97,0,19,413,182,51,49,0,19,83,98,49,81,158,101,72,92,330,203,62,60,69,110,44,66,0,19,155,146,0,19
2024,06037132301,Census Tract 1323.01,Los Angeles,Los Angeles County,California,LosAngeles,1214,148,35,41,0,14,0,14,0,14,0,14,35,41,0,14,255,115,0,14,41,48,0,14,30,43,161,95,23,35,604,160,221,135,25,30,92,75,31,48,224,93,11,18,320,99,69,67,29,30,24,27,45,48,153,80,0,14
2024,06037132302,Census Tract 1323.02,Los Angeles,Los Angeles County,California,LosAngeles,583,201,35,57,0,14,0,14,0,14,0,14,35,57,0,14,6,10,6,10,0,14,0,14,0,14,0,14,0,14,430,165,42,61,90,133,57,73,45,52,185,81,11,19,112,112,0,14,0,14,0,14,0,14,102,111,10,18
2024,06037132501,Census Tract 1325.01,Los Angeles,Los Angeles County,California,LosAngeles,711,169,47,44,0,19,9,13,0,19,38,39,0,19,0,19,127,81,69,68,0,19,13,24,8,13,37,42,0,19,360,131,27,27,68,69,0,19,36,54,190,88,39,59,177,99,91,89,0,19,13,21,23,24,50,42,0,19
2024,06037132502,Census Tract 1325.02,Los Angeles,Los Angeles County,California,LosAngeles,543,117,0,14,0,14,0,14,0,14,0,14,0,14,0,14,34,39,0,14,0,14,18,29,0,14,16,25,0,14,256,81,68,65,15,23,14,22,49,32,99,51,11,17,253,94,12,20,16,20,19,27,16,27,175,92,15,23
2024,06037132700,Census Tract 1327,Los Angeles,Los Angeles County,California,LosAngeles,730,135,0,19,0,19,0,19,0,19,0,19,0,19,0,19,112,72,0,19,0,19,43,49,46,62,23,30,0,19,525,137,29,27,80,73,43,43,56,49,308,124,9,19,93,72,0,19,12,19,32,43,8,12,41,54,0,19
2024,06037132900,Census Tract 1329,Los Angeles,Los Angeles County,California,LosAngeles,405,145,0,14,0,14,0,14,0,14,0,14,0,14,0,14,28,25,7,10,0,14,12,19,9,15,0,14,0,14,275,125,0,14,15,25,15,25,13,24,232,122,0,14,102,70,5,16,0,14,0,14,0,14,90,72,7,13
2024,06037133000,Census Tract 1330,Los Angeles,Los Angeles County,California,LosAngeles,448,168,0,14,0,14,0,14,0,14,0,14,0,14,0,14,161,108,40,61,29,43,0,14,0,14,74,80,18,28,281,144,95,93,0,14,0,14,0,14,111,85,75,87,6,12,0,14,0,14,6,12,0,14,0,14,0,14
2024,06037133101,Census Tract 1331.01,Los Angeles,Los Angeles County,California,LosAngeles,252,87,7,9,0,14,0,14,6,8,0,14,1,5,0,14,80,56,11,19,41,51,0,14,18,25,10,12,0,14,113,81,41,66,12,14,0,14,4,6,36,35,20,23,52,37,4,6,7,11,0,14,0,14,41,36,0,14
2024,06037133102,Census Tract 1331.02,Los Angeles,Los Angeles County,California,LosAngeles,773,152,22,36,0,14,0,14,0,14,0,14,22,36,0,14,100,70,16,27,0,14,0,14,0,14,84,62,0,14,378,134,35,37,48,54,93,67,25,38,177,101,0,14,273,105,23,21,8,13,23,22,9,13,203,102,7,11
2024,06037134001,Census Tract 1340.01,Los Angeles,Los Angeles County,California,LosAngeles,475,100,13,14,0,14,0,14,0,14,0,14,13,14,0,14,81,46,7,10,6,10,20,27,14,23,34,30,0,14,350,95,41,31,52,38,16,19,59,43,160,61,22,28,31,21,14,15,0,14,0,14,0,14,17,15,0,14
2024,06037134002,Census Tract 1340.02,Los Angeles,Los Angeles County,California,LosAngeles,721,123,62,69,0,14,0,14,0,14,0,14,62,69,0,14,107,91,33,34,28,45,0,14,0,14,33,51,13,19,359,120,30,27,0,14,55,68,20,32,243,98,11,18,193,89,10,17,45,54,52,57,53,69,33,25,0,14
2024,06037134101,Census Tract 1341.01,Los Angeles,Los Angeles County,California,LosAngeles,437,113,58,47,16,22,12,18,0,14,11,25,19,24,0,14,53,38,0,14,0,14,0,14,21,34,32,37,0,14,313,102,0,14,0,14,0,14,0,14,228,96,85,82,13,22,0,14,0,14,0,14,0,14,13,22,0,14
2024,06037134103,Census Tract 1341.03,Los Angeles,Los Angeles County,California,LosAngeles,514,144,0,14,0,14,0,14,0,14,0,14,0,14,0,14,56,53,12,17,0,14,0,14,0,14,44,51,0,14,313,110,20,26,0,14,0,14,0,14,267,117,26,33,145,97,55,52,0,14,0,14,0,14,90,86,0,14
2024,06037134104,Census Tract 1341.04,Los Angeles,Los Angeles County,California,LosAngeles,601,141,12,19,0,14,12,19,0,14,0,14,0,14,0,14,186,96,35,39,44,65,0,14,0,14,107,78,0,14,371,131,59,76,0,14,27,31,49,52,184,104,52,37,32,25,0,14,0,14,0,14,7,10,25,22,0,14
2024,06037134201,Census Tract 1342.01,Los Angeles,Los Angeles County,California,LosAngeles,214,83,0,14,0,14,0,14,0,14,0,14,0,14,0,14,49,58,0,14,0,14,49,58,0,14,0,14,0,14,153,75,19,26,38,50,12,19,31,37,53,46,0,14,12,19,0,14,0,14,0,14,0,14,12,19,0,14
2024,06037134302,Census Tract 1343.02,Los Angeles,Los Angeles County,California,LosAngeles,302,136,0,14,0,14,0,14,0,14,0,14,0,14,0,14,71,49,12,20,0,14,28,29,0,14,31,41,0,14,184,116,54,38,0,14,0,14,63,58,67,90,0,14,47,32,8,13,9,14,0,14,9,15,11,18,10,17
2024,06037134303,Census Tract 1343.03,Los Angeles,Los Angeles County,California,LosAngeles,611,203,15,24,0,19,0,19,0,19,0,19,15,24,0,19,82,58,50,52,10,17,22,20,0,19,0,19,0,19,340,182,107,101,96,145,0,19,22,28,94,70,21,23,174,86,61,48,20,33,12,19,0,19,58,72,23,26
2024,06037134304,Census Tract 1343.04,Los Angeles,Los Angeles County,California,LosAngeles,284,106,0,14,0,14,0,14,0,14,0,14,0,14,0,14,98,52,0,14,0,14,31,28,34,34,28,38,5,7,98,51,7,11,13,13,0,14,7,11,58,47,13,15,88,93,0,14,0,14,10,15,6,10,66,92,6,10
2024,06037134305,Census Tract 1343.05,Los Angeles,Los Angeles County,California,LosAngeles,1175,210,61,45,16,28,0,14,0,14,14,22,31,35,0,14,171,80,0,14,0,14,27,30,4,9,140,78,0,14,669,236,126,85,172,186,70,69,14,22,255,116,32,36,274,117,38,40,32,49,23,32,12,22,169,97,0,14
2024,06037134306,Census Tract 1343.06,Los Angeles,Los Angeles County,California,LosAngeles,1094,254,15,24,0,14,0,14,0,14,0,14,15,24,0,14,434,167,87,77,0,14,77,88,12,21,258,153,0,14,485,160,35,31,15,22,55,58,57,82,290,126,33,37,160,166,0,14,13,20,0,14,18,19,119,165,10,17
2024,06037134421,Census Tract 1344.21,Los Angeles,Los Angeles County,California,LosAngeles,142,132,0,14,0,14,0,14,0,14,0,14,0,14,0,14,4,14,0,14,0,14,0,14,0,14,4,14,0,14,114,128,0,14,0,14,19,25,0,14,95,127,0,14,24,39,24,39,0,14,0,14,0,14,0,14,0,14
2024,06037134422,Census Tract 1344.22,Los Angeles,Los Angeles County,California,LosAngeles,407,172,0,14,0,14,0,14,0,14,0,14,0,14,0,14,61,74,0,14,0,14,0,14,45,71,16,25,0,14,231,106,55,54,22,34,13,19,33,49,81,55,27,40,115,119,23,26,0,14,0,14,0,14,92,116,0,14
2024,06037134423,Census Tract 1344.23,Los Angeles,Los Angeles County,California,LosAngeles,346,217,0,14,0,14,0,14,0,14,0,14,0,14,0,14,14,16,0,14,7,12,0,14,0,14,7,16,0,14,141,89,60,73,0,14,26,31,0,14,34,29,21,33,191,201,8,17,0,14,0,14,0,14,172,201,11,17
2024,06037134424,Census Tract 1344.24,Los Angeles,Los Angeles County,California,LosAngeles,80,94,0,14,0,14,0,14,0,14,0,14,0,14,0,14,0,14,0,14,0,14,0,14,0,14,0,14,0,14,72,94,0,14,0,14,9,15,0,14,63,93,0,14,8,14,8,14,0,14,0,14,0,14,0,14,0,14
2024,06037134520,Census Tract 1345.20,Los Angeles,Los Angeles County,California,LosAngeles,1780,262,116,104,0,19,0,19,9,15,24,35,83,95,0,19,377,163,49,53,42,39,35,55,41,62,203,129,7,16,1007,274,124,69,155,121,141,146,34,32,499,245,54,52,280,105,28,34,18,28,16,27,16,18,202,100,0,19
2024,06037134521,Census Tract 1345.21,Los Angeles,Los Angeles County,California,LosAngeles,622,83,14,15,0,14,0,14,0,14,5,7,9,12,0,14,137,69,42,40,0,14,7,12,0,14,88,56,0,14,415,93,26,26,53,40,72,60,21,16,243,96,0,14,56,28,19,20,0,14,3,6,10,16,24,28,0,14
2024,06037134522,Census Tract 1345.22,Los Angeles,Los Angeles County,California,LosAngeles,1162,198,96,106,0,14,12,18,0,14,0,14,84,103,0,14,191,102,10,16,29,46,13,21,34,56,105,67,0,14,784,186,143,93,50,59,77,75,93,85,350,138,71,110,91,64,61,54,7,11,0,14,0,14,23,26,0,14
2024,06037134710,Census Tract 1347.10,Los Angeles,Los Angeles County,California,LosAngeles,1281,155,59,54,0,19,0,19,0,19,9,15,50,50,0,19,234,116,14,20,49,64,20,25,41,68,83,52,27,35,935,152,145,80,44,48,79,65,162,99,505,96,0,19,53,49,21,32,0,19,0,19,0,19,32,33,0,19
2024,06037134720,Census Tract 1347.20,Los Angeles,Los Angeles County,California,LosAngeles,856,143,11,17,0,19,0,19,0,19,0,19,11,17,0,19,254,110,27,33,73,61,0,19,63,67,91,67,0,19,570,146,21,25,49,44,82,59,74,67,260,115,84,103,21,23,0,19,0,19,0,19,0,19,7,12,14,19
2024,06037134801,Census Tract 1348.01,Los Angeles,Los Angeles County,California,LosAngeles,282,101,0,14,0,14,0,14,0,14,0,14,0,14,0,14,22,27,0,14,0,14,17,25,0,14,5,8,0,14,233,87,38,35,20,25,38,35,6,11,131,76,0,14,27,44,27,44,0,14,0,14,0,14,0,14,0,14
2024,06037134802,Census Tract 1348.02,Los Angeles,Los Angeles County,California,LosAngeles,331,105,0,14,0,14,0,14,0,14,0,14,0,14,0,14,90,65,0,14,0,14,0,14,0,14,90,65,0,14,199,81,34,34,5,7,20,30,36,34,75,63,29,29,42,40,0,14,0,14,0,14,13,22,29,34,0,14
2024,06037134901,Census Tract 1349.01,Los Angeles,Los Angeles County,California,LosAngeles,428,115,0,14,0,14,0,14,0,14,0,14,0,14,0,14,141,63,12,20,17,35,0,14,0,14,112,80,0,14,165,86,8,13,10,17,64,69,8,14,75,55,0,14,122,79,12,19,0,14,0,14,0,14,97,69,13,20
2024,06037134904,Census Tract 1349.04,Los Angeles,Los Angeles County,California,LosAngeles,901,212,0,14,0,14,0,14,0,14,0,14,0,14,0,14,235,103,40,38,19,30,7,12,4,7,165,96,0,14,454,118,122,72,43,33,8,12,61,63,204,94,16,25,212,171,94,141,22,33,7,11,0,14,89,81,0,14
2024,06037134905,Census Tract 1349.05,Los Angeles,Los Angeles County,California,LosAngeles,3014,413,126,133,79,122,0,19,0,19,0,19,15,23,32,52,1477,469,272,222,89,84,116,122,114,110,862,464,24,43,1273,269,320,147,121,115,56,48,84,81,593,226,99,101,138,103,0,19,0,19,0,19,22,34,116,102,0,19
2024,06037134906,Census Tract 1349.06,Los Angeles,Los Angeles County,California,LosAngeles,1171,101,30,49,0,14,0,14,0,14,0,14,30,49,0,14,444,133,13,25,49,45,172,109,49,51,118,98,43,52,573,145,15,27,52,57,64,63,115,86,327,102,0,14,124,69,74,58,0,14,0,14,19,33,31,34,0,14
2024,06037134907,Census Tract 1349.07,Los Angeles,Los Angeles County,California,LosAngeles,2078,291,72,75,19,30,12,19,0,14,0,14,41,67,0,14,1301,362,156,146,100,82,95,101,109,118,716,322,125,124,705,227,85,77,78,90,181,147,33,40,179,132,149,117,0,14,0,14,0,14,0,14,0,14,0,14,0,14
2024,06037135102,Census Tract 1351.02,Los Angeles,Los Angeles County,California,LosAngeles,319,96,24,32,0,14,0,14,0,14,24,32,0,14,0,14,93,53,63,46,12,20,0,14,0,14,18,20,0,14,136,65,7,11,11,18,47,47,0,14,60,40,11,16,66,63,66,63,0,14,0,14,0,14,0,14,0,14
2024,06037135111,Census Tract 1351.11,Los Angeles,Los Angeles County,California,LosAngeles,662,198,49,59,0,14,0,14,37,56,0,14,12,19,0,14,164,90,33,33,56,70,0,14,23,30,35,53,17,25,398,195,106,98,11,17,10,17,0,14,107,69,164,157,51,45,11,18,0,14,25,37,0,14,15,19,0,14
2024,06037135113,Census Tract 1351.13,Los Angeles,Los Angeles County,California,LosAngeles,1146,207,83,129,0,14,83,129,0,14,0,14,0,14,0,14,241,113,42,46,47,60,24,29,0,14,128,92,0,14,721,127,226,120,111,69,17,29,52,46,288,113,27,25,101,62,0,14,0,14,6,10,0,14,95,61,0,14
2024,06037135115,Census Tract 1351.15,Los Angeles,Los Angeles County,California,LosAngeles,1625,177,91,79,0,14,0,14,0,14,0,14,91,79,0,14,312,160,138,121,49,71,17,28,15,24,93,83,0,14,1112,215,449,195,112,84,80,97,86,73,366,154,19,31,110,66,35,39,0,14,0,14,0,14,75,53,0,14
2024,06037135116,Census Tract 1351.16,Los Angeles,Los Angeles County,California,LosAngeles,998,310,17,20,0,14,0,14,6,10,0,14,11,17,0,14,384,319,216,316,58,54,21,26,0,14,89,78,0,14,248,79,54,43,18,23,9,11,21,26,126,64,20,24,349,88,65,68,50,40,76,57,52,41,106,62,0,14
2024,06037135201,Census Tract 1352.01,Los Angeles,Los Angeles County,California,LosAngeles,101,42,0,14,0,14,0,14,0,14,0,14,0,14,0,14,18,18,5,12,0,14,0,14,0,14,13,14,0,14,63,34,7,11,6,10,7,11,12,12,31,29,0,14,20,17,0,14,0,14,7,11,0,14,13,13,0,14
2024,06037135202,Census Tract 1352.02,Los Angeles,Los Angeles County,California,LosAngeles,437,165,0,14,0,14,0,14,0,14,0,14,0,14,0,14,99,81,0,14,23,27,0,14,38,59,0,14,38,57,280,137,20,24,19,21,28,26,12,19,201,134,0,14,58,53,30,47,6,10,0,14,0,14,21,24,1,3
2024,06037135204,Census Tract 1352.04,Los Angeles,Los Angeles County,California,LosAngeles,391,136,0,14,0,14,0,14,0,14,0,14,0,14,0,14,60,43,0,14,0,14,11,18,0,14,35,37,14,22,243,111,44,56,39,45,0,14,12,19,135,77,13,21,88,87,0,14,10,16,29,44,0,14,49,66,0,14
2024,06037135205,Census Tract 1352.05,Los Angeles,Los Angeles County,California,LosAngeles,130,67,0,14,0,14,0,14,0,14,0,14,0,14,0,14,25,27,0,14,14,18,0,14,0,14,0,14,11,19,59,45,3,7,0,14,0,14,23,31,33,32,0,14,46,43,0,14,0,14,28,31,0,14,2,5,16,24
2024,06037137000,Census Tract 1370,Los Angeles,Los Angeles County,California,LosAngeles,249,154,0,14,0,14,0,14,0,14,0,14,0,14,0,14,13,21,13,21,0,14,0,14,0,14,0,14,0,14,147,90,0,14,0,14,6,11,47,69,83,63,11,15,89,126,0,14,0,14,0,14,0,14,6,10,83,125
2024,06037137103,Census Tract 1371.03,Los Angeles,Los Angeles County,California,LosAngeles,1348,230,70,111,0,14,0,14,0,14,0,14,70,111,0,14,308,135,18,28,19,33,18,31,54,55,186,109,13,29,720,200,147,131,117,85,94,100,40,53,322,146,0,14,250,133,0,14,0,14,29,40,0,14,143,94,78,98
2024,06037137104,Census Tract 1371.04,Los Angeles,Los Angeles County,California,LosAngeles,166,94,0,14,0,14,0,14,0,14,0,14,0,14,0,14,19,29,0,14,0,14,0,14,19,29,0,14,0,14,69,60,9,15,0,14,0,14,0,14,23,33,37,48,78,69,63,67,0,14,0,14,0,14,0,14,15,24
2024,06037137202,Census Tract 1372.02,Los Angeles,Los Angeles County,California,LosAngeles,985,143,11,17,11,17,0,14,0,14,0,14,0,14,0,14,308,142,52,48,33,54,0,14,43,57,127,88,53,80,466,134,119,60,38,44,59,47,28,34,222,139,0,14,200,105,9,14,41,44,0,14,11,18,81,66,58,70
2024,06037137203,Census Tract 1372.03,Los Angeles,Los Angeles County,California,LosAngeles,356,82,7,11,0,14,7,11,0,14,0,14,0,14,0,14,83,64,19,17,0,14,0,14,0,14,64,67,0,14,177,56,44,33,8,13,31,25,17,20,55,37,22,22,89,56,0,14,0,14,0,14,0,14,89,56,0,14
2024,06037137301,Census Tract 1373.01,Los Angeles,Los Angeles County,California,LosAngeles,41,31,0,14,0,14,0,14,0,14,0,14,0,14,0,14,7,11,0,14,0,14,0,14,0,14,0,14,7,11,27,26,6,9,0,14,8,13,0,14,13,16,0,14,7,11,0,14,0,14,0,14,0,14,0,14,7,11
2024,06037137302,Census Tract 1373.02,Los Angeles,Los Angeles County,California,LosAngeles,193,103,0,14,0,14,0,14,0,14,0,14,0,14,0,14,14,24,0,14,0,14,0,14,14,24,0,14,0,14,166,100,19,28,10,17,0,14,0,14,47,49,90,77,13,20,13,20,0,14,0,14,0,14,0,14,0,14
2024,06037137401,Census Tract 1374.01,Los Angeles,Los Angeles County,California,LosAngeles,664,142,22,27,0,14,0,14,0,14,0,14,10,18,12,20,252,122,42,51,12,20,35,38,0,14,125,115,38,62,363,124,113,70,79,73,5,10,0,14,166,84,0,14,27,30,0,14,0,14,0,14,0,14,27,30,0,14
2024,06037137402,Census Tract 1374.02,Los Angeles,Los Angeles County,California,LosAngeles,564,274,0,19,0,19,0,19,0,19,0,19,0,19,0,19,126,93,0,19,79,93,0,19,7,23,40,39,0,19,287,244,17,29,0,19,0,19,18,30,238,239,14,22,151,118,12,18,0,19,64,100,16,28,59,54,0,19
2024,06037137501,Census Tract 1375.01,Los Angeles,Los Angeles County,California,LosAngeles,1304,218,39,35,0,19,28,30,0,19,0,19,11,18,0,19,405,125,13,22,62,72,27,29,12,20,291,117,0,19,685,219,50,43,107,75,38,36,98,107,362,199,30,33,175,100,55,58,0,19,9,15,12,18,75,71,24,37
2024,06037137502,Census Tract 1375.02,Los Angeles,Los Angeles County,California,LosAngeles,460,141,0,14,0,14,0,14,0,14,0,14,0,14,0,14,145,100,34,55,15,23,39,60,0,14,57,68,0,14,206,93,20,24,11,18,19,21,11,18,129,89,16,25,109,83,0,14,9,15,0,14,0,14,68,66,32,48
2024,06037137504,Census Tract 1375.04,Los Angeles,Los Angeles County,California,LosAngeles,26,17,0,14,0,14,0,14,0,14,0,14,0,14,0,14,0,14,0,14,0,14,0,14,0,14,0,14,0,14,12,14,5,8,0,14,0,14,0,14,0,14,7,11,14,13,0,14,0,14,0,14,0,14,0,14,14,13
2024,06037138000,Census Tract 1380,Los Angeles,Los Angeles County,California,LosAngeles,216,114,10,15,0,14,0,14,0,14,0,14,10,15,0,14,0,14,0,14,0,14,0,14,0,14,0,14,0,14,198,110,41,65,12,18,29,38,37,51,79,44,0,14,8,12,8,12,0,14,0,14,0,14,0,14,0,14
2024,06037139001,Census Tract 1390.01,Los Angeles,Los Angeles County,California,LosAngeles,1152,235,0,19,0,19,0,19,0,19,0,19,0,19,0,19,245,166,56,81,56,85,44,70,0,19,35,36,54,83,732,197,222,113,21,36,106,103,0,19,285,147,98,98,175,93,0,19,21,35,0,19,25,39,103,84,26,41
2024,06037139200,Census Tract 1392,Los Angeles,Los Angeles County,California,LosAngeles,1115,269,36,55,0,19,0,19,0,19,36,55,0,19,0,19,273,158,13,31,0,19,0,19,97,118,163,106,0,19,576,255,71,78,176,146,22,36,79,120,201,144,27,44,230,151,0,19,28,44,38,60,22,36,142,127,0,19
2024,06037139301,Census Tract 1393.01,Los Angeles,Los Angeles County,California,LosAngeles,223,88,0,14,0,14,0,14,0,14,0,14,0,14,0,14,51,55,0,14,23,35,0,14,0,14,0,14,28,45,119,62,8,12,23,27,5,11,0,14,83,55,0,14,53,54,0,14,0,14,0,14,0,14,53,54,0,14
2024,06037139302,Census Tract 1393.02,Los Angeles,Los Angeles County,California,LosAngeles,1427,218,0,19,0,19,0,19,0,19,0,19,0,19,0,19,415,174,10,17,143,130,148,120,0,19,114,95,0,19,889,244,127,88,49,55,94,72,140,76,479,225,0,19,123,108,0,19,0,19,46,52,0,19,77,101,0,19
2024,06037139303,Census Tract 1393.03,Los Angeles,Los Angeles County,California,LosAngeles,1653,299,57,53,0,14,3,21,0,14,0,14,54,57,0,14,473,157,148,89,39,31,32,41,49,55,180,91,25,32,544,131,111,82,146,85,47,39,47,43,167,97,26,27,579,308,68,77,39,55,63,103,0,14,409,253,0,14
2024,06037139401,Census Tract 1394.01,Los Angeles,Los Angeles County,California,LosAngeles,896,99,24,39,24,39,0,14,0,14,0,14,0,14,0,14,253,87,36,31,0,14,33,43,51,66,106,71,27,40,271,102,87,67,58,52,34,26,19,20,73,41,0,14,348,78,10,16,10,15,8,12,10,17,272,93,38,48
2024,06037139402,Census Tract 1394.02,Los Angeles,Los Angeles County,California,LosAngeles,56,43,0,14,0,14,0,14,0,14,0,14,0,14,0,14,7,11,7,11,0,14,0,14,0,14,0,14,0,14,49,42,4,8,0,14,0,14,0,14,36,39,9,19,0,14,0,14,0,14,0,14,0,14,0,14,0,14
2024,06037139502,Census Tract 1395.02,Los Angeles,Los Angeles County,California,LosAngeles,448,147,44,44,0,14,0,14,0,14,0,14,44,44,0,14,110,82,52,67,0,14,31,48,27,38,0,14,0,14,263,116,29,38,73,81,10,17,0,14,140,85,11,19,31,33,0,14,0,14,0,14,0,14,31,33,0,14
2024,06037139504,Census Tract 1395.04,Los Angeles,Los Angeles County,California,LosAngeles,1181,201,0,14,0,14,0,14,0,14,0,14,0,14,0,14,237,92,28,26,10,15,61,56,25,23,113,74,0,14,745,188,84,64,73,70,94,62,38,32,397,171,59,56,199,81,0,14,0,14,54,50,0,14,136,68,9,13
2024,06037139505,Census Tract 1395.05,Los Angeles,Los Angeles County,California,LosAngeles,1303,427,12,19,0,14,0,14,0,14,0,14,12,19,0,14,330,235,12,18,0,14,11,17,222,236,74,49,11,19,659,374,22,26,28,31,98,146,72,61,439,417,0,14,302,106,53,36,0,14,14,22,21,22,214,103,0,14
2024,06037139506,Census Tract 1395.06,Los Angeles,Los Angeles County,California,LosAngeles,619,238,6,12,0,14,0,14,0,14,0,14,6,12,0,14,127,64,12,23,24,32,44,69,9,15,38,46,0,14,396,242,82,96,14,27,0,14,104,174,196,137,0,14,90,57,28,35,0,14,0,14,0,14,62,53,0,14
2024,06037139600,Census Tract 1396,Los Angeles,Los Angeles County,California,LosAngeles,1070,239,158,158,68,109,0,19,0,19,0,19,90,133,0,19,73,65,31,37,0,19,0,19,18,31,0,19,24,40,647,227,198,143,0,19,72,82,96,120,216,130,65,69,192,158,0,19,0,19,0,19,0,19,176,155,16,26
2024,06037139701,Census Tract 1397.01,Los Angeles,Los Angeles County,California,LosAngeles,614,247,0,19,0,19,0,19,0,19,0,19,0,19,0,19,42,42,0,19,0,19,0,19,20,35,22,20,0,19,306,148,129,80,32,52,23,43,0,19,67,61,55,91,266,190,17,27,0,19,0,19,0,19,231,188,18,31
2024,06037139703,Census Tract 1397.03,Los Angeles,Los Angeles County,California,LosAngeles,66,46,0,14,0,14,0,14,0,14,0,14,0,14,0,14,0,14,0,14,0,14,0,14,0,14,0,14,0,14,42,38,0,14,5,9,0,14,17,27,13,20,7,11,24,23,0,14,0,14,0,14,0,14,18,21,6,9
2024,06037139704,Census Tract 1397.04,Los Angeles,Los Angeles County,California,LosAngeles,179,205,0,14,0,14,0,14,0,14,0,14,0,14,0,14,0,14,0,14,0,14,0,14,0,14,0,14,0,14,163,203,0,14,6,10,0,14,114,185,20,30,23,32,16,21,0,14,0,14,0,14,0,14,16,21,0,14
2024,06037139705,Census Tract 1397.05,Los Angeles,Los Angeles County,California,LosAngeles,49,54,0,14,0,14,0,14,0,14,0,14,0,14,0,14,5,15,0,14,0,14,0,14,0,14,5,15,0,14,32,50,0,14,0,14,0,14,0,14,32,50,0,14,12,19,0,14,0,14,0,14,0,14,12,19,0,14
2024,06037139801,Census Tract 1398.01,Los Angeles,Los Angeles County,California,LosAngeles,25,29,16,26,0,14,0,14,0,14,0,14,16,26,0,14,0,14,0,14,0,14,0,14,0,14,0,14,0,14,0,14,0,14,0,14,0,14,0,14,0,14,0,14,9,14,0,14,0,14,0,14,9,14,0,14,0,14
2024,06037139802,Census Tract 1398.02,Los Angeles,Los Angeles County,California,LosAngeles,120,71,0,14,0,14,0,14,0,14,0,14,0,14,0,14,0,14,0,14,0,14,0,14,0,14,0,14,0,14,62,46,0,14,12,17,0,14,0,14,50,43,0,14,58,61,0,14,0,14,0,14,0,14,10,17,48,58
2024,06037141101,Census Tract 1411.01,Los Angeles,Los Angeles County,California,LosAngeles,1930,255,58,89,0,14,0,14,0,14,0,14,58,89,0,14,723,238,206,125,54,48,40,50,71,60,352,203,0,14,1044,253,82,88,105,120,163,152,0,14,613,256,81,67,105,65,0,14,0,14,21,34,7,11,77,60,0,14
2024,06037141102,Census Tract 1411.02,Los Angeles,Los Angeles County,California,LosAngeles,908,200,63,61,0,14,8,13,0,14,0,14,55,59,0,14,163,124,64,84,7,11,0,14,0,14,79,89,13,20,513,174,109,63,108,91,13,21,40,33,243,144,0,14,169,80,0,14,0,14,9,16,11,17,149,77,0,14
2024,06037141201,Census Tract 1412.01,Los Angeles,Los Angeles County,California,LosAngeles,1833,235,18,22,10,18,0,14,0,14,0,14,8,13,0,14,464,151,139,69,25,28,195,105,17,28,75,70,13,21,1090,253,207,100,128,91,151,117,94,61,475,244,35,44,261,138,0,14,38,42,0,14,18,30,205,132,0,14
2024,06037141202,Census Tract 1412.02,Los Angeles,Los Angeles County,California,LosAngeles,821,170,23,28,0,14,0,14,0,14,0,14,23,28,0,14,212,90,120,92,29,30,0,14,45,47,18,21,0,14,475,175,90,60,40,35,135,148,58,37,138,92,14,23,111,64,17,19,7,11,0,14,9,14,78,60,0,14
2024,06037141303,Census Tract 1413.03,Los Angeles,Los Angeles County,California,LosAngeles,1308,193,6,9,0,14,0,14,0,14,6,9,0,14,0,14,341,115,33,30,126,86,82,70,24,27,76,69,0,14,828,218,167,82,139,79,65,41,74,75,372,184,11,16,133,55,12,13,0,14,35,33,0,14,86,46,0,14
2024,06037141304,Census Tract 1413.04,Los Angeles,Los Angeles County,California,LosAngeles,824,163,7,11,0,14,0,14,7,11,0,14,0,14,0,14,205,93,23,24,18,22,80,76,18,24,66,42,0,14,394,128,56,61,33,31,33,48,27,23,245,116,0,14,218,103,39,28,0,14,8,13,7,12,164,106,0,14
2024,06037141305,Census Tract 1413.05,Los Angeles,Los Angeles County,California,LosAngeles,1020,214,60,75,43,68,0,14,17,31,0,14,0,14,0,14,453,156,59,51,6,10,118,99,101,113,169,78,0,14,333,162,165,146,53,43,21,29,19,21,75,57,0,14,174,58,9,16,11,19,28,30,0,14,126,62,0,14
2024,06037141306,Census Tract 1413.06,Los Angeles,Los Angeles County,California,LosAngeles,1039,210,20,22,0,14,0,14,0,14,0,14,20,22,0,14,427,156,97,100,74,58,68,66,84,66,104,113,0,14,467,142,117,70,88,81,21,24,0,14,241,124,0,14,125,85,6,11,0,14,0,14,37,61,73,64,9,14
2024,06037141400,Census Tract 1414,Los Angeles,Los Angeles County,California,LosAngeles,875,197,3,5,0,19,0,19,0,19,0,19,3,5,0,19,176,82,40,35,24,37,10,15,0,19,102,69,0,19,446,171,136,83,11,17,16,20,68,104,215,120,0,19,250,113,38,48,16,18,11,16,4,6,181,100,0,19
2024,06037141500,Census Tract 1415,Los Angeles,Los Angeles County,California,LosAngeles,26,25,0,14,0,14,0,14,0,14,0,14,0,14,0,14,0,14,0,14,0,14,0,14,0,14,0,14,0,14,12,18,0,14,0,14,12,18,0,14,0,14,0,14,14,18,0,14,0,14,0,14,0,14,0,14,14,18
2024,06037141600,Census Tract 1416,Los Angeles,Los Angeles County,California,LosAngeles,164,108,0,14,0,14,0,14,0,14,0,14,0,14,0,14,11,16,0,14,0,14,0,14,0,14,11,16,0,14,100,75,52,56,0,14,0,14,0,14,48,51,0,14,53,70,0,14,0,14,0,14,9,15,44,69,0,14
2024,06037141700,Census Tract 1417,Los Angeles,Los Angeles County,California,LosAngeles,122,85,0,14,0,14,0,14,0,14,0,14,0,14,0,14,52,65,0,14,37,60,9,14,0,14,6,12,0,14,22,29,22,29,0,14,0,14,0,14,0,14,0,14,48,43,0,14,15,22,0,14,0,14,25,36,8,12
2024,06037143101,Census Tract 1431.01,Los Angeles,Los Angeles County,California,LosAngeles,471,121,0,14,0,14,0,14,0,14,0,14,0,14,0,14,164,76,28,34,37,44,37,32,14,24,48,36,0,14,239,84,95,50,24,34,0,14,27,42,93,69,0,14,68,49,12,20,0,14,0,14,0,14,45,41,11,17
2024,06037143102,Census Tract 1431.02,Los Angeles,Los Angeles County,California,LosAngeles,884,143,0,14,0,14,0,14,0,14,0,14,0,14,0,14,204,116,50,42,18,36,0,14,56,52,49,39,31,40,596,155,96,71,36,41,42,53,87,69,302,114,33,42,84,69,5,11,8,12,0,14,0,14,71,67,0,14
2024,06037143200,Census Tract 1432,Los Angeles,Los Angeles County,California,LosAngeles,1582,266,83,75,0,14,0,14,0,14,0,14,83,75,0,14,510,173,63,57,78,101,0,14,93,110,276,155,0,14,875,253,187,84,117,88,70,100,66,66,425,256,10,21,114,94,0,14,0,14,0,14,13,22,101,90,0,14
2024,06037143301,Census Tract 1433.01,Los Angeles,Los Angeles County,California,LosAngeles,1181,234,0,14,0,14,0,14,0,14,0,14,0,14,0,14,237,116,61,62,37,33,29,33,0,14,110,94,0,14,711,231,188,133,11,17,110,91,22,25,380,204,0,14,233,121,11,17,23,35,21,28,29,34,149,110,0,14
2024,06037143302,Census Tract 1433.02,Los Angeles,Los Angeles County,California,LosAngeles,872,186,18,20,0,14,0,14,0,14,0,14,7,11,11,18,130,57,9,15,19,21,24,31,34,27,36,35,8,15,540,180,109,84,129,120,94,88,23,40,140,82,45,53,184,86,36,34,0,14,0,14,12,20,101,67,35,53
2024,06037143401,Census Tract 1434.01,Los Angeles,Los Angeles County,California,LosAngeles,1288,353,120,108,35,53,0,19,70,95,0,19,15,27,0,19,436,233,125,108,46,75,18,31,77,118,170,114,0,19,392,172,113,73,21,30,0,19,62,83,102,98,94,106,340,273,143,204,25,31,0,19,0,19,172,142,0,19
2024,06037143402,Census Tract 1434.02,Los Angeles,Los Angeles County,California,LosAngeles,453,86,0,14,0,14,0,14,0,14,0,14,0,14,0,14,92,47,32,23,40,33,0,14,7,11,13,14,0,14,291,86,69,56,7,10,57,41,45,49,94,45,19,28,70,51,40,47,0,14,0,14,0,14,30,22,0,14
2024,06037143500,Census Tract 1435,Los Angeles,Los Angeles County,California,LosAngeles,1400,264,18,29,18,29,0,19,0,19,0,19,0,19,0,19,361,193,93,86,219,178,16,26,20,32,13,23,0,19,703,209,220,145,145,133,67,79,48,48,223,128,0,19,318,201,14,22,0,19,0,19,0,19,295,199,9,15
2024,06037143602,Census Tract 1436.02,Los Angeles,Los Angeles County,California,LosAngeles,1409,438,0,14,0,14,0,14,0,14,0,14,0,14,0,14,255,146,11,18,24,43,80,93,48,76,79,86,13,23,905,446,207,97,63,68,51,46,15,25,553,421,16,25,249,202,81,133,13,21,0,14,85,99,55,47,15,25
2024,06037143603,Census Tract 1436.03,Los Angeles,Los Angeles County,California,LosAngeles,935,187,10,16,0,14,0,14,0,14,0,14,10,16,0,14,275,96,19,29,66,52,51,54,53,51,63,36,23,35,587,174,41,37,38,29,114,72,104,89,290,128,0,14,63,49,0,14,0,14,14,19,0,14,49,46,0,14
2024,06037143605,Census Tract 1436.05,Los Angeles,Los Angeles County,California,LosAngeles,987,129,134,105,0,14,0,14,12,18,36,55,27,30,59,89,453,148,25,30,63,69,51,42,45,55,235,121,34,43,392,145,49,55,0,14,92,94,0,14,224,121,27,31,8,13,0,14,0,14,0,14,0,14,8,13,0,14
2024,06037143606,Census Tract 1436.06,Los Angeles,Los Angeles County,California,LosAngeles,1031,128,158,96,0,14,0,14,66,95,0,14,82,37,10,13,401,94,41,35,51,32,167,77,0,14,142,58,0,14,378,115,116,50,52,41,37,40,24,21,143,94,6,9,94,46,27,34,0,14,0,14,0,14,67,38,0,14
2024,06037143700,Census Tract 1437,Los Angeles,Los Angeles County,California,LosAngeles,558,156,9,14,0,14,0,14,0,14,0,14,9,14,0,14,151,79,17,18,7,11,69,51,0,14,58,55,0,14,268,123,66,62,0,14,11,18,14,17,137,99,40,49,130,72,29,41,0,14,0,14,0,14,57,56,44,54
2024,06037143801,Census Tract 1438.01,Los Angeles,Los Angeles County,California,LosAngeles,591,252,71,48,0,14,0,14,0,14,11,19,60,45,0,14,268,249,207,240,11,17,0,14,29,37,21,34,0,14,222,91,52,47,54,55,0,14,38,41,59,51,19,26,30,29,11,17,0,14,0,14,0,14,19,22,0,14
2024,06037143802,Census Tract 1438.02,Los Angeles,Los Angeles County,California,LosAngeles,525,143,45,67,0,14,0,14,0,14,0,14,45,67,0,14,137,77,46,42,0,14,0,14,10,16,81,69,0,14,233,120,62,43,30,43,56,67,41,50,44,53,0,14,110,84,9,15,14,22,7,12,0,14,42,42,38,62
2024,06037143901,Census Tract 1439.01,Los Angeles,Los Angeles County,California,LosAngeles,186,104,31,37,0,14,0,14,0,14,0,14,18,30,13,20,15,18,0,14,0,14,5,10,0,14,0,14,10,15,140,94,9,14,0,14,52,47,0,14,76,76,3,12,0,14,0,14,0,14,0,14,0,14,0,14,0,14
2024,06037143902,Census Tract 1439.02,Los Angeles,Los Angeles County,California,LosAngeles,735,155,28,25,0,14,0,14,8,12,0,14,20,23,0,14,197,82,69,54,20,22,0,14,20,23,88,71,0,14,405,154,166,99,68,93,48,48,23,26,100,54,0,14,105,64,8,13,6,9,41,39,8,14,42,50,0,14
2024,06037181000,Census Tract 1810,Los Angeles,Los Angeles County,California,LosAngeles,630,180,0,19,0,19,0,19,0,19,0,19,0,19,0,19,98,92,0,19,0,19,13,22,18,29,67,81,0,19,386,152,116,72,17,28,65,64,30,37,141,103,17,26,146,105,31,46,0,19,46,45,0,19,69,73,0,19
2024,06037181300,Census Tract 1813,Los Angeles,Los Angeles County,California,LosAngeles,364,125,20,30,0,14,0,14,0,14,0,14,20,30,0,14,123,103,51,74,0,14,7,12,0,14,65,73,0,14,180,89,7,11,84,57,12,18,14,24,63,64,0,14,41,26,12,19,0,14,0,14,12,23,7,12,10,15
2024,06037181400,Census Tract 1814,Los Angeles,Los Angeles County,California,LosAngeles,945,184,8,13,0,14,0,14,8,13,0,14,0,14,0,14,190,137,16,23,73,115,10,15,30,33,61,63,0,14,662,152,229,90,80,62,139,109,45,33,164,79,5,9,85,52,13,20,0,14,0,14,0,14,60,42,12,18
2024,06037181500,Census Tract 1815,Los Angeles,Los Angeles County,California,LosAngeles,395,96,7,13,0,14,7,13,0,14,0,14,0,14,0,14,99,83,27,30,0,14,6,9,6,9,60,78,0,14,202,101,27,27,7,13,15,21,0,14,146,88,7,12,87,67,14,22,0,14,0,14,0,14,72,63,1,2
2024,06037181600,Census Tract 1816,Los Angeles,Los Angeles County,California,LosAngeles,585,195,0,14,0,14,0,14,0,14,0,14,0,14,0,14,124,78,37,51,0,14,0,14,0,14,87,61,0,14,401,201,102,66,73,67,8,13,0,14,209,182,9,17,60,44,8,13,10,15,0,14,0,14,42,38,0,14
2024,06037183101,Census Tract 1831.01,Los Angeles,Los Angeles County,California,LosAngeles,561,133,10,15,10,15,0,14,0,14,0,14,0,14,0,14,79,48,17,21,29,30,8,13,0,14,25,24,0,14,374,116,77,56,64,59,10,16,6,12,217,98,0,14,98,85,0,14,41,53,5,10,43,66,0,14,9,14
2024,06037183103,Census Tract 1831.03,Los Angeles,Los Angeles County,California,LosAngeles,1294,166,46,41,0,14,0,14,0,14,0,14,24,26,22,33,308,155,28,23,57,56,127,101,45,40,51,41,0,14,770,229,224,125,210,126,162,136,47,42,127,67,0,14,170,71,37,47,0,14,22,34,0,14,111,55,0,14
2024,06037183104,Census Tract 1831.04,Los Angeles,Los Angeles County,California,LosAngeles,268,66,0,14,0,14,0,14,0,14,0,14,0,14,0,14,108,48,16,15,9,10,0,14,7,10,53,38,23,33,126,54,51,44,8,13,32,32,0,14,30,21,5,8,34,28,6,9,0,14,15,22,0,14,7,10,6,9
2024,06037183220,Census Tract 1832.20,Los Angeles,Los Angeles County,California,LosAngeles,447,122,0,14,0,14,0,14,0,14,0,14,0,14,0,14,48,38,25,26,0,14,0,14,0,14,23,27,0,14,376,122,40,32,93,73,19,22,50,73,150,94,24,29,23,26,0,14,0,14,0,14,0,14,23,26,0,14
2024,06037183221,Census Tract 1832.21,Los Angeles,Los Angeles County,California,LosAngeles,414,74,0,14,0,14,0,14,0,14,0,14,0,14,0,14,85,53,0,14,9,14,0,14,29,34,47,45,0,14,280,80,75,65,51,60,0,14,0,14,154,76,0,14,49,52,9,14,0,14,0,14,0,14,40,49,0,14
2024,06037183222,Census Tract 1832.22,Los Angeles,Los Angeles County,California,LosAngeles,598,171,0,14,0,14,0,14,0,14,0,14,0,14,0,14,150,132,20,22,95,124,0,14,0,14,7,12,28,29,160,77,34,24,70,62,0,14,8,12,40,38,8,14,288,97,46,40,16,25,88,83,51,65,87,61,0,14
2024,06037183300,Census Tract 1833,Los Angeles,Los Angeles County,California,LosAngeles,478,175,0,14,0,14,0,14,0,14,0,14,0,14,0,14,189,151,10,14,10,11,99,146,36,32,34,25,0,14,236,109,60,42,24,28,9,14,48,78,82,61,13,20,53,44,3,12,14,24,5,7,9,15,22,34,0,14
2024,06037183401,Census Tract 1834.01,Los Angeles,Los Angeles County,California,LosAngeles,436,107,0,14,0,14,0,14,0,14,0,14,0,14,0,14,154,53,8,12,32,44,37,40,27,23,50,29,0,14,181,43,75,42,2,11,0,14,7,10,85,48,12,16,101,87,0,14,0,14,5,7,63,83,33,24,0,14
2024,06037183402,Census Tract 1834.02,Los Angeles,Los Angeles County,California,LosAngeles,770,149,77,85,0,14,0,14,0,14,0,14,77,85,0,14,209,110,38,48,14,17,42,61,11,13,98,65,6,9,354,96,103,51,72,50,14,14,21,20,144,74,0,14,130,64,63,57,11,18,0,14,0,14,52,32,4,6
2024,06037183510,Census Tract 1835.10,Los Angeles,Los Angeles County,California,LosAngeles,252,70,6,9,0,14,0,14,0,14,0,14,6,9,0,14,42,29,0,14,10,11,4,6,5,7,23,26,0,14,158,65,53,44,22,21,13,12,0,14,70,39,0,14,46,36,24,29,0,14,0,14,0,14,22,21,0,14
2024,06037183520,Census Tract 1835.20,Los Angeles,Los Angeles County,California,LosAngeles,766,126,0,14,0,14,0,14,0,14,0,14,0,14,0,14,229,75,49,48,10,15,36,42,15,19,112,60,7,13,505,126,124,68,96,65,0,14,26,30,259,98,0,14,32,33,17,27,0,14,6,11,0,14,9,16,0,14
2024,06037183610,Census Tract 1836.10,Los Angeles,Los Angeles County,California,LosAngeles,693,117,31,27,0,14,0,14,0,14,0,14,31,27,0,14,321,99,56,34,23,25,32,24,66,53,144,85,0,14,292,89,64,42,43,34,24,35,0,14,161,63,0,14,49,49,0,14,0,14,4,7,0,14,45,49,0,14
2024,06037183620,Census Tract 1836.20,Los Angeles,Los Angeles County,California,LosAngeles,580,120,32,28,0,14,0,14,0,14,0,14,32,28,0,14,215,92,57,45,46,36,12,20,7,12,93,69,0,14,275,88,46,33,36,39,61,35,19,22,102,67,11,16,58,38,29,25,0,14,4,7,0,14,25,23,0,14
2024,06037183701,Census Tract 1837.01,Los Angeles,Los Angeles County,California,LosAngeles,957,139,10,15,0,14,10,15,0,14,0,14,0,14,0,14,222,105,11,17,0,14,43,55,61,71,107,65,0,14,587,174,183,110,59,64,11,18,56,62,247,128,31,45,138,77,22,27,0,14,13,20,0,14,103,73,0,14
2024,06037183702,Census Tract 1837.02,Los Angeles,Los Angeles County,California,LosAngeles,428,104,24,28,0,14,0,14,5,9,0,14,19,25,0,14,215,93,25,23,20,39,37,44,38,52,87,63,8,12,113,61,0,14,34,40,12,21,12,15,55,51,0,14,76,55,59,50,0,14,0,14,0,14,17,16,0,14
2024,06037183810,Census Tract 1838.10,Los Angeles,Los Angeles County,California,LosAngeles,1360,235,43,70,0,14,0,14,0,14,0,14,43,70,0,14,419,122,75,47,15,22,73,54,98,82,158,88,0,14,622,213,154,139,92,56,59,60,10,15,268,120,39,43,276,145,90,100,0,14,0,14,6,15,180,107,0,14
2024,06037183820,Census Tract 1838.20,Los Angeles,Los Angeles County,California,LosAngeles,1094,232,11,19,0,14,0,14,0,14,11,19,0,14,0,14,260,166,149,156,42,37,0,14,22,25,47,60,0,14,681,181,226,126,107,81,32,25,92,78,195,94,29,34,142,91,0,14,16,26,0,14,0,14,126,90,0,14
2024,06037185101,Census Tract 1851.01,Los Angeles,Los Angeles County,California,LosAngeles,680,149,12,19,0,14,0,14,0,14,12,19,0,14,0,14,85,55,14,23,30,33,12,19,29,32,0,14,0,14,474,174,59,53,132,114,0,14,31,37,252,158,0,14,109,63,20,31,0,14,0,14,36,56,53,45,0,14
2024,06037185102,Census Tract 1851.02,Los Angeles,Los Angeles County,California,LosAngeles,343,226,0,14,0,14,0,14,0,14,0,14,0,14,0,14,208,222,48,48,0,14,0,14,0,14,160,219,0,14,91,50,5,10,0,14,7,12,10,17,40,33,29,31,44,39,7,13,0,14,0,14,0,14,20,25,17,21
2024,06037185202,Census Tract 1852.02,Los Angeles,Los Angeles County,California,LosAngeles,817,185,0,14,0,14,0,14,0,14,0,14,0,14,0,14,179,100,73,74,0,14,0,14,42,63,53,65,11,18,504,179,147,97,121,125,17,19,9,15,198,86,12,20,134,79,0,14,21,23,11,18,0,14,102,82,0,14
2024,06037185203,Census Tract 1852.03,Los Angeles,Los Angeles County,California,LosAngeles,482,111,10,11,0,14,0,14,0,14,0,14,4,7,6,9,120,56,19,25,7,11,38,34,25,29,31,29,0,14,325,109,58,62,63,54,68,53,32,32,92,61,12,13,27,24,0,14,0,14,0,14,0,14,15,16,12,17
2024,06037185204,Census Tract 1852.04,Los Angeles,Los Angeles County,California,LosAngeles,162,84,0,14,0,14,0,14,0,14,0,14,0,14,0,14,4,7,2,5,0,14,0,14,0,14,2,5,0,14,142,84,0,14,7,12,26,26,0,14,46,27,63,75,16,20,0,14,0,14,0,14,0,14,4,7,12,19
2024,06037185310,Census Tract 1853.10,Los Angeles,Los Angeles County,California,LosAngeles,584,156,0,14,0,14,0,14,0,14,0,14,0,14,0,14,188,98,26,24,34,27,61,81,15,23,39,32,13,20,326,104,112,49,31,28,8,13,0,14,175,86,0,14,70,45,24,24,15,23,0,14,0,14,17,26,14,21
2024,06037185320,Census Tract 1853.20,Los Angeles,Los Angeles County,California,LosAngeles,671,117,9,13,0,14,0,14,0,14,0,14,9,13,0,14,99,73,20,32,0,14,51,66,0,14,28,20,0,14,436,126,188,81,28,26,31,34,17,19,149,91,23,31,127,70,29,31,11,16,0,14,27,42,60,50,0,14
2024,06037186100,Census Tract 1861,Los Angeles,Los Angeles County,California,LosAngeles,830,187,11,17,0,14,0,14,11,17,0,14,0,14,0,14,124,75,36,41,18,20,0,14,21,23,49,61,0,14,609,162,78,43,86,70,151,101,75,60,219,107,0,14,86,97,0,14,12,19,64,94,0,14,10,15,0,14
2024,06037186201,Census Tract 1862.01,Los Angeles,Los Angeles County,California,LosAngeles,848,121,23,25,0,14,0,14,0,14,0,14,23,25,0,14,151,85,8,11,12,17,25,40,73,60,33,51,0,14,354,108,56,40,43,45,19,24,23,25,179,84,34,41,320,107,158,93,39,58,8,13,7,11,80,66,28,44
2024,06037186202,Census Tract 1862.02,Los Angeles,Los Angeles County,California,LosAngeles,458,100,6,10,0,14,0,14,0,14,0,14,0,14,6,10,131,59,28,20,6,10,44,31,0,14,53,41,0,14,277,103,80,57,49,38,24,23,49,69,75,43,0,14,44,36,28,34,5,9,0,14,5,8,6,10,0,14
2024,06037186203,Census Tract 1862.03,Los Angeles,Los Angeles County,California,LosAngeles,234,102,0,14,0,14,0,14,0,14,0,14,0,14,0,14,91,79,0,14,77,78,0,14,0,14,14,21,0,14,129,71,0,14,34,32,29,35,0,14,66,50,0,14,14,22,0,14,0,14,0,14,0,14,0,14,14,22
2024,06037186301,Census Tract 1863.01,Los Angeles,Los Angeles County,California,LosAngeles,582,73,28,43,0,14,0,14,0,14,2,4,26,43,0,14,174,47,20,19,15,14,28,21,10,14,89,47,12,13,299,70,63,35,30,18,37,38,0,14,169,64,0,14,81,40,8,12,5,8,0,14,25,30,43,27,0,14
2024,06037186302,Census Tract 1863.02,Los Angeles,Los Angeles County,California,LosAngeles,694,162,18,27,0,14,0,14,18,27,0,14,0,14,0,14,77,48,21,25,18,30,11,17,10,15,17,19,0,14,438,146,117,71,9,13,0,14,64,66,188,110,60,53,161,85,32,35,0,14,28,31,27,44,74,55,0,14
2024,06037186401,Census Tract 1864.01,Los Angeles,Los Angeles County,California,LosAngeles,732,111,42,29,0,14,0,14,0,14,0,14,34,29,8,12,113,70,28,40,54,42,18,20,0,14,13,16,0,14,340,95,44,36,47,48,41,53,43,36,157,79,8,14,237,78,30,46,30,38,65,77,11,16,101,73,0,14
2024,06037186403,Census Tract 1864.03,Los Angeles,Los Angeles County,California,LosAngeles,465,104,0,14,0,14,0,14,0,14,0,14,0,14,0,14,122,59,27,27,0,14,19,23,26,38,50,28,0,14,300,86,112,47,77,55,29,33,7,12,68,41,7,11,43,28,11,18,0,14,0,14,0,14,26,21,6,11
2024,06037186404,Census Tract 1864.04,Los Angeles,Los Angeles County,California,LosAngeles,607,98,52,47,0,14,0,14,0,14,22,30,30,39,0,14,109,46,5,8,0,14,38,29,11,14,55,38,0,14,383,104,60,38,55,36,38,35,26,23,182,85,22,23,63,45,32,26,0,14,0,14,0,14,31,35,0,14
2024,06037187101,Census Tract 1871.01,Los Angeles,Los Angeles County,California,LosAngeles,758,158,13,20,0,14,0,14,0,14,0,14,13,20,0,14,169,98,22,26,17,18,0,14,0,14,120,95,10,13,493,148,159,123,8,15,68,63,25,27,196,102,37,36,83,71,0,14,5,8,0,14,0,14,53,58,25,38
2024,06037187102,Census Tract 1871.02,Los Angeles,Los Angeles County,California,LosAngeles,1030,189,0,14,0,14,0,14,0,14,0,14,0,14,0,14,213,76,34,27,8,14,19,21,47,43,105,75,0,14,571,174,158,81,25,31,78,71,49,63,261,139,0,14,246,110,33,44,0,14,7,12,20,34,186,108,0,14
2024,06037187200,Census Tract 1872,Los Angeles,Los Angeles County,California,LosAngeles,754,207,84,78,0,14,0,14,46,71,0,14,38,34,0,14,256,160,7,16,33,26,0,14,25,23,176,154,15,21,364,81,78,60,40,35,21,21,34,28,151,62,40,40,50,43,0,14,0,14,0,14,0,14,50,43,0,14
2024,06037187300,Census Tract 1873,Los Angeles,Los Angeles County,California,LosAngeles,944,196,0,14,0,14,0,14,0,14,0,14,0,14,0,14,326,159,62,45,38,25,6,19,30,28,190,143,0,14,499,149,78,66,72,67,106,68,46,37,156,90,41,61,119,50,0,14,0,14,0,14,14,22,64,39,41,41
2024,06037188100,Census Tract 1881,Los Angeles,Los Angeles County,California,LosAngeles,1483,314,114,90,39,57,0,14,9,15,12,19,54,71,0,14,406,146,178,97,27,43,0,14,51,58,116,74,34,54,726,215,164,59,92,67,117,79,10,14,343,178,0,14,237,238,19,23,0,14,0,14,0,14,218,235,0,14
2024,06037188201,Census Tract 1882.01,Los Angeles,Los Angeles County,California,LosAngeles,1342,135,11,17,0,14,0,14,0,14,11,17,0,14,0,14,506,150,146,93,38,32,57,41,60,80,205,92,0,14,711,164,184,89,23,27,38,31,65,42,339,130,62,52,114,55,10,16,9,13,11,17,6,11,78,42,0,14
2024,06037188202,Census Tract 1882.02,Los Angeles,Los Angeles County,California,LosAngeles,612,158,50,36,0,14,0,14,0,14,0,14,50,36,0,14,179,85,24,30,40,41,14,22,15,24,86,66,0,14,309,134,127,91,6,11,0,14,29,29,147,104,0,14,74,62,22,24,0,14,0,14,0,14,52,58,0,14
2024,06037188300,Census Tract 1883,Los Angeles,Los Angeles County,California,LosAngeles,722,175,0,14,0,14,0,14,0,14,0,14,0,14,0,14,221,131,22,26,47,57,78,74,0,14,74,89,0,14,361,108,88,56,74,54,72,56,31,44,84,64,12,18,140,100,23,25,0,14,61,80,0,14,38,50,18,19
2024,06037189101,Census Tract 1891.01,Los Angeles,Los Angeles County,California,LosAngeles,995,128,23,28,0,14,0,14,0,14,0,14,23,28,0,14,370,87,104,71,26,23,70,47,45,49,125,78,0,14,531,116,126,56,100,54,64,60,37,45,198,92,6,9,71,53,0,14,0,14,0,14,15,30,56,46,0,14
2024,06037189102,Census Tract 1891.02,Los Angeles,Los Angeles County,California,LosAngeles,1580,181,0,14,0,14,0,14,0,14,0,14,0,14,0,14,621,129,237,94,108,56,130,78,65,37,74,51,7,12,790,188,296,133,70,51,106,72,126,116,165,90,27,34,169,93,18,24,42,44,0,14,27,29,74,63,8,12
2024,06037189201,Census Tract 1892.01,Los Angeles,Los Angeles County,California,LosAngeles,1790,178,45,45,0,14,20,33,7,12,0,14,18,28,0,14,775,185,211,130,83,69,46,42,28,34,398,179,9,14,756,169,332,163,62,52,34,33,21,23,235,98,72,48,214,70,25,38,0,14,9,19,74,57,106,82,0,14
2024,06037189202,Census Tract 1892.02,Los Angeles,Los Angeles County,California,LosAngeles,785,192,0,14,0,14,0,14,0,14,0,14,0,14,0,14,214,117,73,88,47,45,38,30,11,17,45,28,0,14,540,181,194,109,54,44,43,51,86,72,163,142,0,14,31,27,0,14,0,14,0,14,0,14,31,27,0,14
2024,06037189300,Census Tract 1893,Los Angeles,Los Angeles County,California,LosAngeles,89,49,0,14,0,14,0,14,0,14,0,14,0,14,0,14,13,20,0,14,0,14,0,14,0,14,0,14,13,20,76,48,35,31,0,14,8,13,0,14,16,26,17,21,0,14,0,14,0,14,0,14,0,14,0,14,0,14
2024,06037189400,Census Tract 1894,Los Angeles,Los Angeles County,California,LosAngeles,779,158,20,23,6,9,0,14,0,14,0,14,14,22,0,14,224,95,10,17,17,20,0,14,25,29,164,93,8,13,460,149,42,29,162,128,32,36,19,21,193,100,12,20,75,40,0,14,0,14,0,14,8,13,67,40,0,14
2024,06037189501,Census Tract 1895.01,Los Angeles,Los Angeles County,California,LosAngeles,1251,298,0,14,0,14,0,14,0,14,0,14,0,14,0,14,366,280,41,44,28,31,19,31,0,14,114,85,164,259,756,169,123,81,134,105,97,66,88,68,304,152,10,16,129,84,34,51,7,12,0,14,0,14,88,67,0,14
2024,06037189502,Census Tract 1895.02,Los Angeles,Los Angeles County,California,LosAngeles,1346,139,32,31,0,14,0,14,0,14,0,14,32,31,0,14,454,154,40,34,89,74,47,55,59,44,209,119,10,16,629,151,215,125,41,36,11,17,35,31,299,131,28,32,231,83,67,55,0,14,29,27,1,5,113,71,21,26
2024,06037189600,Census Tract 1896,Los Angeles,Los Angeles County,California,LosAngeles,1212,242,31,37,0,14,16,26,0,14,0,14,15,26,0,14,443,194,68,68,0,14,85,114,37,57,253,161,0,14,602,187,20,34,73,65,62,72,117,98,316,161,14,23,136,72,97,67,0,14,0,14,0,14,39,50,0,14
2024,06037189702,Census Tract 1897.02,Los Angeles,Los Angeles County,California,LosAngeles,904,258,0,14,0,14,0,14,0,14,0,14,0,14,0,14,266,173,0,14,134,151,10,15,0,14,88,75,34,53,515,185,90,92,14,27,9,14,0,14,335,145,67,73,123,70,12,19,0,14,12,17,0,14,99,64,0,14
2024,06037189703,Census Tract 1897.03,Los Angeles,Los Angeles County,California,LosAngeles,372,110,57,45,0,14,0,14,0,14,0,14,42,39,15,23,210,86,9,16,61,41,9,15,0,14,131,77,0,14,105,64,23,25,0,14,0,14,24,38,48,38,10,17,0,14,0,14,0,14,0,14,0,14,0,14,0,14
2024,06037189704,Census Tract 1897.04,Los Angeles,Los Angeles County,California,LosAngeles,780,157,84,82,0,14,0,14,29,47,0,14,55,62,0,14,202,101,24,37,12,18,18,22,22,37,83,70,43,50,494,157,172,122,60,43,62,87,0,14,200,110,0,14,0,14,0,14,0,14,0,14,0,14,0,14,0,14
2024,06037189801,Census Tract 1898.01,Los Angeles,Los Angeles County,California,LosAngeles,1243,170,60,68,0,14,0,14,0,14,0,14,60,68,0,14,220,107,23,27,13,22,48,37,18,29,65,52,53,84,900,189,229,110,41,45,101,77,124,96,286,111,119,125,63,55,9,15,0,14,18,29,0,14,36,44,0,14
2024,06037189802,Census Tract 1898.02,Los Angeles,Los Angeles County,California,LosAngeles,682,193,23,34,8,15,0,14,0,14,0,14,15,30,0,14,158,95,36,32,66,60,39,53,0,14,17,40,0,14,347,119,96,68,38,45,86,54,0,14,127,70,0,14,154,157,29,36,0,14,0,14,0,14,125,152,0,14
2024,06037189903,Census Tract 1899.03,Los Angeles,Los Angeles County,California,LosAngeles,1111,166,6,10,0,14,0,14,0,14,0,14,6,10,0,14,399,121,11,17,31,36,56,65,80,76,201,91,20,22,621,151,111,76,95,88,153,107,69,58,183,99,10,16,85,48,0,14,23,34,0,14,0,14,56,37,6,11
2024,06037189904,Census Tract 1899.04,Los Angeles,Los Angeles County,California,LosAngeles,1494,202,80,57,0,14,0,14,0,14,0,14,80,57,0,14,555,204,61,53,38,50,90,66,33,29,327,186,6,9,729,164,120,59,86,61,37,46,119,67,356,137,11,18,130,88,0,14,7,10,0,14,13,15,110,89,0,14
2024,06037189905,Census Tract 1899.05,Los Angeles,Los Angeles County,California,LosAngeles,1231,181,2,3,0,14,0,14,0,14,0,14,2,3,0,14,370,113,76,52,8,14,63,54,64,74,143,77,16,25,644,193,47,35,168,147,128,97,36,35,250,123,15,21,215,83,4,8,0,14,37,33,17,22,131,76,26,37
2024,06037189906,Census Tract 1899.06,Los Angeles,Los Angeles County,California,LosAngeles,1369,194,84,91,0,14,44,71,0,14,0,14,40,50,0,14,500,174,79,63,50,53,51,58,82,61,238,135,0,14,575,140,142,72,45,43,84,72,20,22,269,111,15,25,210,50,41,48,12,20,14,19,6,12,107,61,30,38
2024,06037189907,Census Tract 1899.07,Los Angeles,Los Angeles County,California,LosAngeles,1373,198,80,67,38,52,0,14,21,33,13,21,8,14,0,14,586,147,99,73,57,45,79,62,70,73,244,127,37,42,542,162,199,134,13,22,139,61,11,17,155,91,25,31,165,61,48,41,44,45,4,10,0,14,69,54,0,14
2024,06037190101,Census Tract 1901.01,Los Angeles,Los Angeles County,California,LosAngeles,1328,258,64,38,0,14,10,17,0,14,10,17,44,31,0,14,632,237,0,14,12,19,81,82,0,14,425,253,114,42,518,175,14,18,23,26,79,64,193,145,145,75,64,32,114,30,0,14,0,14,14,22,0,14,100,20,0,14
2024,06037190102,Census Tract 1901.02,Los Angeles,Los Angeles County,California,LosAngeles,1414,265,19,30,0,14,0,14,0,14,0,14,19,30,0,14,597,272,28,33,228,221,56,91,69,58,216,125,0,14,625,168,172,107,112,95,75,80,0,14,266,139,0,14,173,137,7,26,0,14,27,43,0,14,139,137,0,14
2024,06037190201,Census Tract 1902.01,Los Angeles,Los Angeles County,California,LosAngeles,1612,198,187,112,19,28,14,23,0,14,0,14,87,89,67,70,461,185,38,46,35,56,37,49,62,85,260,129,29,44,807,229,131,76,139,114,50,61,65,70,422,207,0,14,157,73,20,32,0,14,36,45,28,44,61,40,12,19
2024,06037190202,Census Tract 1902.02,Los Angeles,Los Angeles County,California,LosAngeles,2244,310,220,150,19,32,0,14,0,14,64,98,137,104,0,14,438,167,93,78,20,32,29,47,38,46,258,126,0,14,1139,337,44,69,250,252,117,126,147,120,524,208,57,65,447,166,104,126,0,14,45,51,35,46,220,132,43,71
2024,06037190302,Census Tract 1903.02,Los Angeles,Los Angeles County,California,LosAngeles,956,231,92,81,0,14,0,14,0,14,0,14,92,81,0,14,252,168,30,34,0,14,12,20,0,14,210,167,0,14,579,194,190,109,80,73,53,40,77,119,85,54,94,82,33,38,0,14,0,14,0,14,17,28,0,14,16,26
2024,06037190303,Census Tract 1903.03,Los Angeles,Los Angeles County,California,LosAngeles,1669,378,21,23,0,14,0,14,10,17,0,14,11,16,0,14,391,185,82,76,28,35,85,103,12,21,154,102,30,48,1096,421,282,103,78,71,81,75,26,24,585,410,44,55,161,74,54,63,7,12,7,12,19,31,74,32,0,14
2024,06037190401,Census Tract 1904.01,Los Angeles,Los Angeles County,California,LosAngeles,1644,178,48,67,42,65,0,14,0,14,6,11,0,14,0,14,595,131,155,91,47,34,90,71,38,45,265,88,0,14,755,167,119,70,65,60,154,94,76,67,263,97,78,118,246,105,54,40,0,14,10,16,0,14,182,101,0,14
2024,06037190402,Census Tract 1904.02,Los Angeles,Los Angeles County,California,LosAngeles,1132,138,17,32,0,14,0,14,17,32,0,14,0,14,0,14,365,115,31,37,44,42,18,22,28,34,234,94,10,15,637,148,117,68,76,68,106,69,32,39,265,100,41,54,113,63,29,31,4,6,32,40,19,22,29,28,0,14
2024,06037190510,Census Tract 1905.10,Los Angeles,Los Angeles County,California,LosAngeles,1759,185,66,51,0,14,7,13,11,20,0,14,40,39,8,13,582,153,128,97,73,69,84,61,19,21,278,134,0,14,837,168,234,105,73,70,15,25,62,79,453,139,0,14,274,100,82,60,14,23,9,19,6,17,163,94,0,14
2024,06037190520,Census Tract 1905.20,Los Angeles,Los Angeles County,California,LosAngeles,1519,161,64,46,14,24,28,45,0,14,0,14,22,34,0,14,387,138,14,18,89,70,107,81,8,14,169,99,0,14,744,194,95,52,100,84,145,109,61,55,340,132,3,9,324,101,58,53,12,15,7,10,23,29,201,81,23,21
2024,06037190701,Census Tract 1907.01,Los Angeles,Los Angeles County,California,LosAngeles,815,150,143,89,0,14,17,25,28,41,0,14,53,48,45,59,207,93,38,55,40,44,0,14,0,14,129,79,0,14,241,114,161,115,36,28,2,14,0,14,22,19,20,21,224,71,4,8,21,25,43,43,25,25,126,53,5,8
2024,06037190702,Census Tract 1907.02,Los Angeles,Los Angeles County,California,LosAngeles,689,117,19,18,0,14,0,14,8,12,0,14,11,14,0,14,185,75,40,46,37,33,32,47,32,40,44,38,0,14,450,125,64,40,75,91,23,19,46,51,242,81,0,14,35,26,5,8,0,14,9,14,0,14,14,15,7,10
2024,06037190801,Census Tract 1908.01,Los Angeles,Los Angeles County,California,LosAngeles,1479,164,62,49,0,14,0,14,0,14,0,14,36,41,26,29,414,151,67,56,116,111,20,35,0,14,165,83,46,58,575,139,201,94,70,62,30,37,106,73,164,101,4,12,428,147,38,49,0,14,138,106,80,62,158,101,14,22
2024,06037190802,Census Tract 1908.02,Los Angeles,Los Angeles County,California,LosAngeles,1664,229,94,98,0,14,0,14,0,14,0,14,94,98,0,14,676,180,31,29,198,141,119,92,76,63,240,124,12,19,722,257,94,62,31,30,155,167,27,30,380,176,35,32,172,90,30,30,0,14,0,14,8,15,134,81,0,14
2024,06037190901,Census Tract 1909.01,Los Angeles,Los Angeles County,California,LosAngeles,1257,140,14,22,0,14,0,14,14,22,0,14,0,14,0,14,256,115,75,59,24,19,36,45,0,14,110,75,11,17,733,145,71,62,120,85,82,71,101,80,276,114,83,53,254,110,44,55,29,46,43,67,62,71,76,66,0,14
2024,06037190902,Census Tract 1909.02,Los Angeles,Los Angeles County,California,LosAngeles,1646,194,155,90,29,44,21,33,0,14,0,14,105,67,0,14,628,173,25,27,127,94,22,25,66,69,342,191,46,55,606,222,200,131,73,79,20,25,26,38,271,134,16,26,257,78,1,10,69,61,11,20,32,49,125,83,19,27
2024,06037191000,Census Tract 1910,Los Angeles,Los Angeles County,California,LosAngeles,3462,425,236,119,0,19,17,27,0,19,0,19,184,115,35,39,1627,461,153,137,170,139,342,242,56,43,802,333,104,102,1322,418,296,168,139,133,194,176,86,112,506,321,101,106,277,134,17,28,41,63,54,84,14,23,151,126,0,19
2024,06037191110,Census Tract 1911.10,Los Angeles,Los Angeles County,California,LosAngeles,1145,238,55,56,0,14,30,36,0,14,25,44,0,14,0,14,303,100,36,31,50,47,11,17,22,25,184,84,0,14,448,227,83,40,156,192,21,26,0,14,178,89,10,15,339,111,19,22,12,18,11,18,139,89,149,96,9,14
2024,06037191120,Census Tract 1911.20,Los Angeles,Los Angeles County,California,LosAngeles,1538,226,64,60,9,16,0,14,0,14,31,46,24,36,0,14,462,211,73,71,85,77,49,49,17,26,238,192,0,14,668,164,139,79,123,76,36,40,99,68,271,134,0,14,344,113,83,54,9,15,55,62,41,42,134,98,22,30
2024,06037191201,Census Tract 1912.01,Los Angeles,Los Angeles County,California,LosAngeles,1608,242,48,50,0,19,8,14,0,19,0,19,40,48,0,19,423,139,75,63,78,45,56,49,0,19,214,93,0,19,676,160,196,87,59,62,96,95,75,89,210,88,40,40,461,124,60,62,39,39,5,9,23,31,319,147,15,23
2024,06037191203,Census Tract 1912.03,Los Angeles,Los Angeles County,California,LosAngeles,897,127,50,47,0,14,0,14,0,14,0,14,50,47,0,14,94,56,24,27,10,16,29,40,0,14,31,28,0,14,425,117,119,92,29,34,33,26,0,14,234,98,10,15,328,108,41,38,69,81,19,21,0,14,172,74,27,42
2024,06037191204,Census Tract 1912.04,Los Angeles,Los Angeles County,California,LosAngeles,691,114,23,24,5,8,0,14,0,14,6,9,12,21,0,14,189,75,44,42,3,5,25,28,72,62,45,29,0,14,328,94,84,39,70,46,47,61,9,11,87,39,31,25,151,60,17,25,0,14,0,14,23,22,102,60,9,11
2024,06037191301,Census Tract 1913.01,Los Angeles,Los Angeles County,California,LosAngeles,846,98,14,17,0,14,0,14,0,14,0,14,14,17,0,14,293,80,101,67,50,36,22,20,24,28,85,42,11,17,320,66,67,30,36,26,60,33,39,34,118,40,0,14,219,73,15,17,45,45,20,27,35,39,91,47,13,21
2024,06037191302,Census Tract 1913.02,Los Angeles,Los Angeles County,California,LosAngeles,846,121,9,14,0,14,0,14,0,14,0,14,9,14,0,14,361,109,92,59,92,69,22,25,11,17,144,66,0,14,398,112,61,40,46,41,30,29,0,14,261,104,0,14,78,51,11,17,0,14,10,15,0,14,57,44,0,14
2024,06037191410,Census Tract 1914.10,Los Angeles,Los Angeles County,California,LosAngeles,1327,113,20,29,0,14,0,14,0,14,0,14,20,29,0,14,343,102,72,55,10,16,17,18,37,31,207,91,0,14,695,115,127,76,30,27,145,97,54,66,260,89,79,58,269,79,79,65,0,14,20,20,26,32,121,80,23,31
2024,06037191420,Census Tract 1914.20,Los Angeles,Los Angeles County,California,LosAngeles,817,102,14,17,0,14,0,14,9,15,0,14,5,10,0,14,372,129,38,38,44,39,34,26,85,58,171,109,0,14,386,135,50,36,0,14,0,14,43,43,282,138,11,18,45,47,0,14,26,45,0,14,0,14,19,22,0,14
2024,06037191500,Census Tract 1915,Los Angeles,Los Angeles County,California,LosAngeles,1614,202,1,8,0,19,0,19,0,19,0,19,1,8,0,19,360,112,102,58,21,24,8,14,14,16,186,95,29,47,1001,198,198,105,183,131,122,118,28,45,470,134,0,19,252,103,8,13,0,19,90,71,20,23,80,57,54,66
2024,06037191610,Census Tract 1916.10,Los Angeles,Los Angeles County,California,LosAngeles,1333,132,12,19,0,14,0,14,0,14,0,14,12,19,0,14,513,133,124,89,0,14,47,49,10,16,320,121,12,18,678,150,93,61,57,68,60,50,20,25,448,121,0,14,130,56,9,15,0,14,27,26,0,14,94,54,0,14
2024,06037191620,Census Tract 1916.20,Los Angeles,Los Angeles County,California,LosAngeles,925,141,39,44,14,21,0,14,0,14,0,14,25,39,0,14,152,76,15,18,18,20,9,14,12,20,98,61,0,14,558,137,178,72,72,110,48,69,65,62,195,79,0,14,176,77,10,17,0,14,17,22,56,50,88,53,5,9
2024,06037191710,Census Tract 1917.10,Los Angeles,Los Angeles County,California,LosAngeles,1100,213,59,64,0,14,0,14,0,14,39,56,20,33,0,14,168,107,52,57,12,19,21,35,0,14,83,89,0,14,551,190,74,58,25,27,22,35,61,47,346,162,23,25,322,188,21,34,0,14,36,56,86,142,129,79,50,48
2024,06037191720,Census Tract 1917.20,Los Angeles,Los Angeles County,California,LosAngeles,1346,172,124,115,0,14,55,82,0,14,0,14,69,81,0,14,284,147,0,14,28,32,16,25,33,52,207,152,0,14,721,189,93,67,109,91,58,54,56,42,366,151,39,61,217,82,67,53,18,28,39,43,0,14,93,62,0,14
2024,06037191810,Census Tract 1918.10,Los Angeles,Los Angeles County,California,LosAngeles,1210,152,85,54,18,29,0,14,15,22,0,14,52,42,0,14,363,129,26,25,11,18,36,44,71,74,219,107,0,14,545,142,205,100,50,55,92,77,57,48,141,80,0,14,217,85,48,39,0,14,23,20,0,14,146,90,0,14
2024,06037191820,Census Tract 1918.20,Los Angeles,Los Angeles County,California,LosAngeles,1772,272,22,24,0,14,0,14,0,14,10,15,12,19,0,14,819,259,114,94,126,93,138,82,72,70,357,198,12,20,736,168,253,145,7,11,28,29,76,58,247,120,125,107,195,94,51,79,0,14,20,22,0,14,124,59,0,14
2024,06037191901,Census Tract 1919.01,Los Angeles,Los Angeles County,California,LosAngeles,2447,364,328,208,0,14,97,142,55,84,97,108,79,99,0,14,915,274,165,135,42,42,196,115,7,12,437,205,68,75,1100,306,186,165,137,110,131,84,105,101,450,253,91,142,104,80,17,27,36,61,13,23,0,14,38,42,0,14
2024,06037191902,Census Tract 1919.02,Los Angeles,Los Angeles County,California,LosAngeles,757,202,0,14,0,14,0,14,0,14,0,14,0,14,0,14,335,127,48,52,26,30,46,54,71,77,144,82,0,14,383,161,96,59,19,21,6,9,37,53,211,141,14,22,39,29,0,14,0,14,0,14,0,14,39,29,0,14
2024,06037192001,Census Tract 1920.01,Los Angeles,Los Angeles County,California,LosAngeles,813,129,54,47,0,14,0,14,0,14,39,50,15,17,0,14,271,90,68,55,60,58,0,14,40,40,103,54,0,14,320,98,145,71,39,46,0,14,22,23,114,65,0,14,168,82,11,17,0,14,0,14,15,22,142,82,0,14
2024,06037192002,Census Tract 1920.02,Los Angeles,Los Angeles County,California,LosAngeles,735,149,18,21,0,14,0,14,18,21,0,14,0,14,0,14,412,158,157,104,44,45,14,22,13,21,184,95,0,14,278,121,145,118,15,19,0,14,7,12,111,63,0,14,27,32,0,14,0,14,0,14,0,14,27,32,0,14
2024,06037192300,Census Tract 1923,Los Angeles,Los Angeles County,California,LosAngeles,1100,195,41,48,0,14,0,14,0,14,0,14,41,48,0,14,349,145,98,68,50,55,21,23,0,14,180,125,0,14,570,203,95,71,41,32,30,30,6,9,386,192,12,19,140,87,30,28,0,14,38,39,0,14,72,75,0,14
2024,06037192410,Census Tract 1924.10,Los Angeles,Los Angeles County,California,LosAngeles,1165,265,42,41,0,14,0,14,0,14,24,35,18,21,0,14,242,100,46,50,25,32,31,28,44,47,87,65,9,15,747,252,317,214,113,88,95,58,30,28,170,75,22,22,134,79,18,24,0,14,0,14,9,15,95,77,12,18
2024,06037192420,Census Tract 1924.20,Los Angeles,Los Angeles County,California,LosAngeles,1197,176,100,91,0,14,0,14,0,14,0,14,100,91,0,14,424,134,91,72,111,84,43,50,95,76,76,60,8,13,501,186,119,88,34,31,82,77,91,111,158,68,17,26,172,92,24,29,38,48,32,49,0,14,61,50,17,27
2024,06037192510,Census Tract 1925.10,Los Angeles,Los Angeles County,California,LosAngeles,1164,80,30,47,0,14,30,47,0,14,0,14,0,14,0,14,263,113,35,25,28,45,74,63,0,14,126,92,0,14,717,147,149,104,0,14,56,55,13,21,499,142,0,14,154,67,58,51,0,14,12,18,8,15,76,62,0,14
2024,06037192520,Census Tract 1925.20,Los Angeles,Los Angeles County,California,LosAngeles,1473,172,139,117,0,14,10,16,0,14,9,14,120,115,0,14,463,146,60,55,28,39,67,56,40,40,253,112,15,23,721,171,190,87,60,52,11,16,100,72,349,133,11,17,150,69,71,59,0,14,6,10,0,14,58,42,15,27
2024,06037192610,Census Tract 1926.10,Los Angeles,Los Angeles County,California,LosAngeles,1536,236,178,114,13,19,0,14,0,14,59,77,106,89,0,14,505,247,65,90,39,35,28,33,11,17,362,223,0,14,685,152,266,105,47,45,23,26,23,25,315,128,11,18,168,80,23,24,11,17,14,21,0,14,120,76,0,14
2024,06037192620,Census Tract 1926.20,Los Angeles,Los Angeles County,California,LosAngeles,1259,125,0,14,0,14,0,14,0,14,0,14,0,14,0,14,424,139,73,53,69,80,64,58,0,14,184,102,34,51,621,153,130,94,78,49,21,24,77,78,293,119,22,24,214,108,35,31,47,59,14,22,12,19,95,62,11,18
2024,06037192700,Census Tract 1927,Los Angeles,Los Angeles County,California,LosAngeles,1207,181,52,54,0,14,0,14,0,14,0,14,20,22,32,50,382,108,46,39,0,14,18,23,8,13,310,115,0,14,569,183,131,103,39,48,144,116,93,105,122,63,40,39,204,80,48,50,16,27,83,63,41,42,16,30,0,14
2024,06037194101,Census Tract 1941.01,Los Angeles,Los Angeles County,California,LosAngeles,1278,237,23,27,0,14,0,14,0,14,0,14,12,20,11,17,335,141,26,40,10,17,43,35,60,74,196,117,0,14,725,184,194,108,84,73,36,32,26,30,355,134,30,28,195,130,105,117,7,10,0,14,0,14,61,54,22,25
2024,06037194102,Census Tract 1941.02,Los Angeles,Los Angeles County,California,LosAngeles,386,122,38,57,0,14,0,14,9,14,0,14,29,49,0,14,79,59,12,20,13,20,0,14,24,27,30,47,0,14,240,122,20,24,0,14,0,14,22,27,114,86,84,78,29,27,10,14,0,14,0,14,0,14,19,24,0,14
2024,06037194200,Census Tract 1942,Los Angeles,Los Angeles County,California,LosAngeles,530,291,0,14,0,14,0,14,0,14,0,14,0,14,0,14,179,81,0,14,0,14,32,47,35,50,112,81,0,14,351,291,0,14,13,19,76,67,12,19,238,274,12,18,0,14,0,14,0,14,0,14,0,14,0,14,0,14
2024,06037194300,Census Tract 1943,Los Angeles,Los Angeles County,California,LosAngeles,279,129,0,14,0,14,0,14,0,14,0,14,0,14,0,14,39,45,0,14,0,14,0,14,0,14,39,45,0,14,205,115,6,10,34,39,18,29,0,14,141,105,6,12,35,31,0,14,12,18,0,14,0,14,23,26,0,14
2024,06037194401,Census Tract 1944.01,Los Angeles,Los Angeles County,California,LosAngeles,1267,214,48,35,9,13,0,14,11,18,0,14,28,26,0,14,591,160,156,98,75,71,69,57,32,32,259,115,0,14,457,147,178,101,30,22,34,32,21,33,168,114,26,24,171,114,8,12,10,16,38,28,0,14,115,114,0,14
2024,06037194402,Census Tract 1944.02,Los Angeles,Los Angeles County,California,LosAngeles,1584,291,86,101,0,14,0,14,0,14,0,14,73,99,13,23,533,265,140,112,60,59,49,52,83,99,201,189,0,14,771,178,118,65,33,39,145,125,41,54,418,163,16,27,194,93,23,27,7,11,17,27,0,14,147,94,0,14
2024,06037194500,Census Tract 1945,Los Angeles,Los Angeles County,California,LosAngeles,641,128,44,38,0,14,13,20,0,14,16,25,15,22,0,14,181,101,0,14,16,26,0,14,35,37,130,84,0,14,376,115,122,59,98,71,7,11,6,10,143,72,0,14,40,32,6,8,0,14,0,14,14,23,10,15,10,15
2024,06037195100,Census Tract 1951,Los Angeles,Los Angeles County,California,LosAngeles,610,291,0,14,0,14,0,14,0,14,0,14,0,14,0,14,168,102,36,43,56,57,41,50,0,14,35,42,0,14,430,284,106,76,0,14,0,14,140,234,184,144,0,14,12,19,0,14,0,14,0,14,0,14,0,14,12,19
2024,06037195201,Census Tract 1952.01,Los Angeles,Los Angeles County,California,LosAngeles,1265,140,0,14,0,14,0,14,0,14,0,14,0,14,0,14,323,114,108,80,30,29,31,30,18,23,125,69,11,17,752,144,252,117,227,111,92,83,41,34,103,45,37,46,190,87,57,56,8,13,50,55,24,25,51,33,0,14
2024,06037195202,Census Tract 1952.02,Los Angeles,Los Angeles County,California,LosAngeles,670,171,0,14,0,14,0,14,0,14,0,14,0,14,0,14,228,124,106,105,40,33,0,14,7,11,75,55,0,14,361,123,64,40,30,24,39,34,75,62,142,102,11,18,81,47,31,47,8,14,0,14,0,14,29,25,13,20
2024,06037195300,Census Tract 1953,Los Angeles,Los Angeles County,California,LosAngeles,1261,163,39,44,0,14,0,14,0,14,24,37,15,25,0,14,421,107,87,58,50,38,131,78,44,30,109,64,0,14,609,139,128,73,89,84,35,36,50,35,296,99,11,18,192,86,33,40,14,22,10,16,19,16,116,80,0,14
2024,06037195400,Census Tract 1954,Los Angeles,Los Angeles County,California,LosAngeles,1362,211,5,8,0,14,0,14,0,14,0,14,5,8,0,14,386,159,83,64,41,42,129,109,26,44,107,112,0,14,805,168,210,136,85,96,54,50,84,77,359,170,13,23,166,98,0,14,0,14,0,14,15,24,98,60,53,77
2024,06037195500,Census Tract 1955,Los Angeles,Los Angeles County,California,LosAngeles,1390,302,0,19,0,19,0,19,0,19,0,19,0,19,0,19,469,190,170,128,24,38,110,120,101,75,64,71,0,19,811,253,363,222,55,52,49,46,0,19,332,165,12,22,110,106,32,52,0,19,0,19,8,17,0,19,70,90
2024,06037195600,Census Tract 1956,Los Angeles,Los Angeles County,California,LosAngeles,790,244,24,28,0,14,0,14,0,14,0,14,24,28,0,14,238,75,99,71,12,19,36,38,17,16,51,33,23,25,392,185,57,43,0,14,57,75,138,121,91,57,49,68,136,147,0,14,108,138,0,14,0,14,16,26,12,19
2024,06037195710,Census Tract 1957.10,Los Angeles,Los Angeles County,California,LosAngeles,1264,333,40,33,0,14,0,14,0,14,20,29,20,21,0,14,420,336,40,36,28,25,10,16,48,47,287,327,7,12,646,144,59,47,56,54,31,41,61,54,389,126,50,51,158,95,0,14,29,37,24,26,0,14,105,94,0,14
2024,06037195720,Census Tract 1957.20,Los Angeles,Los Angeles County,California,LosAngeles,755,100,65,53,0,14,0,14,34,46,0,14,31,33,0,14,284,76,68,36,23,20,40,31,52,34,101,51,0,14,297,77,60,40,30,22,12,18,38,34,135,47,22,24,109,39,0,14,7,12,18,17,0,14,84,44,0,14
2024,06037195802,Census Tract 1958.02,Los Angeles,Los Angeles County,California,LosAngeles,825,116,8,14,0,14,0,14,8,14,0,14,0,14,0,14,282,111,104,70,24,22,20,24,34,45,100,80,0,14,407,96,108,56,18,25,58,39,5,7,162,77,56,43,128,52,18,21,9,15,17,23,0,14,76,56,8,13
2024,06037195803,Census Tract 1958.03,Los Angeles,Los Angeles County,California,LosAngeles,926,127,22,27,0,14,6,12,0,14,0,14,16,23,0,14,422,126,33,32,138,77,65,50,33,32,153,79,0,14,382,100,118,74,112,73,6,13,54,43,92,60,0,14,100,57,8,14,10,14,32,35,16,27,22,24,12,20
2024,06037195804,Census Tract 1958.04,Los Angeles,Los Angeles County,California,LosAngeles,896,171,44,35,0,14,6,12,6,10,0,14,16,24,16,24,157,69,32,39,39,34,5,10,0,14,81,60,0,14,578,145,240,98,95,67,104,114,11,16,128,66,0,14,117,84,49,60,0,14,0,14,0,14,68,65,0,14
2024,06037195901,Census Tract 1959.01,Los Angeles,Los Angeles County,California,LosAngeles,990,175,14,21,0,14,0,14,0,14,0,14,14,21,0,14,364,115,38,38,110,89,46,55,39,47,121,49,10,18,470,157,202,87,10,17,12,20,0,14,230,141,16,19,142,90,43,56,34,54,8,19,0,14,36,48,21,33
2024,06037195902,Census Tract 1959.02,Los Angeles,Los Angeles County,California,LosAngeles,649,168,13,20,0,14,0,14,0,14,0,14,0,14,13,20,200,69,40,32,36,30,66,50,14,18,44,34,0,14,425,160,200,139,41,39,56,37,26,30,102,64,0,14,11,16,0,14,0,14,0,14,0,14,11,16,0,14
2024,06037195903,Census Tract 1959.03,Los Angeles,Los Angeles County,California,LosAngeles,706,93,4,7,0,14,0,14,0,14,0,14,4,7,0,14,272,62,30,18,54,31,26,24,22,19,140,56,0,14,375,94,94,47,85,52,30,37,37,37,99,39,30,35,55,44,5,8,7,11,5,8,0,14,32,36,6,9
2024,06037197200,Census Tract 1972,Los Angeles,Los Angeles County,California,LosAngeles,638,123,9,15,0,14,0,14,0,14,0,14,9,15,0,14,138,80,11,12,31,39,38,50,18,27,35,42,5,8,337,114,35,34,41,52,111,79,0,14,150,104,0,14,154,70,54,55,9,14,26,42,19,25,22,23,24,29
2024,06037197300,Census Tract 1973,Los Angeles,Los Angeles County,California,LosAngeles,1286,191,16,19,8,14,0,14,0,14,0,14,8,14,0,14,517,164,172,141,72,51,18,20,69,63,179,98,7,11,643,136,174,83,111,71,93,71,32,48,233,86,0,14,110,76,0,14,31,35,14,21,11,17,38,58,16,19
2024,06037197410,Census Tract 1974.10,Los Angeles,Los Angeles County,California,LosAngeles,790,262,36,57,0,14,0,14,0,14,0,14,36,57,0,14,256,98,29,37,13,21,75,57,63,60,76,54,0,14,465,248,103,99,152,200,48,37,23,24,139,94,0,14,33,34,0,14,6,11,7,12,0,14,20,31,0,14
2024,06037197420,Census Tract 1974.20,Los Angeles,Los Angeles County,California,LosAngeles,1083,212,73,72,0,14,10,16,33,52,0,14,30,49,0,14,205,117,8,13,45,29,9,14,15,18,128,107,0,14,773,170,312,142,107,90,33,34,40,46,244,115,37,46,32,30,9,17,0,14,10,16,0,14,13,20,0,14
2024,06037197500,Census Tract 1975,Los Angeles,Los Angeles County,California,LosAngeles,1633,241,0,14,0,14,0,14,0,14,0,14,0,14,0,14,775,249,170,108,206,201,92,56,28,46,279,129,0,14,745,189,248,115,90,70,17,20,41,31,349,145,0,14,113,67,21,31,0,14,9,14,0,14,63,62,20,21
2024,06037197600,Census Tract 1976,Los Angeles,Los Angeles County,California,LosAngeles,804,93,12,19,0,14,0,14,0,14,0,14,12,19,0,14,294,95,67,59,26,31,15,18,31,42,155,85,0,14,441,85,94,57,25,28,130,87,12,18,149,79,31,34,57,46,36,42,0,14,8,13,0,14,5,10,8,14
2024,06037197700,Census Tract 1977,Los Angeles,Los Angeles County,California,LosAngeles,1950,244,27,46,0,14,0,14,0,14,0,14,27,46,0,14,778,236,168,116,0,14,117,70,72,69,421,217,0,14,835,231,388,221,9,14,20,33,13,20,370,149,35,45,310,150,4,9,0,14,0,14,26,33,280,151,0,14
2024,06037199001,Census Tract 1990.01,Los Angeles,Los Angeles County,California,LosAngeles,688,141,0,14,0,14,0,14,0,14,0,14,0,14,0,14,69,45,0,14,22,26,0,14,0,14,47,38,0,14,519,128,112,90,63,51,8,12,131,88,205,82,0,14,100,55,29,26,0,14,0,14,0,14,52,49,19,20
2024,06037199002,Census Tract 1990.02,Los Angeles,Los Angeles County,California,LosAngeles,785,182,65,51,6,12,6,14,23,37,0,14,30,36,0,14,266,165,39,41,11,19,8,14,129,151,44,43,35,46,274,108,16,27,72,58,12,19,18,27,156,80,0,14,180,87,9,15,0,14,25,34,0,14,146,93,0,14
2024,06037199110,Census Tract 1991.10,Los Angeles,Los Angeles County,California,LosAngeles,267,96,0,14,0,14,0,14,0,14,0,14,0,14,0,14,95,66,0,14,5,7,46,55,9,12,16,18,19,27,172,75,55,55,23,24,9,14,35,27,42,30,8,10,0,14,0,14,0,14,0,14,0,14,0,14,0,14
2024,06037199120,Census Tract 1991.20,Los Angeles,Los Angeles County,California,LosAngeles,875,170,59,52,0,14,0,14,0,14,0,14,59,52,0,14,200,127,14,18,0,14,0,14,15,22,94,71,77,105,497,131,130,70,31,28,49,37,33,35,254,134,0,14,119,57,0,14,0,14,0,14,0,14,109,55,10,17
2024,06037199201,Census Tract 1992.01,Los Angeles,Los Angeles County,California,LosAngeles,1013,110,48,59,0,14,27,45,0,14,0,14,21,36,0,14,60,56,26,40,12,20,22,35,0,14,0,14,0,14,538,132,169,88,70,58,22,26,82,73,149,81,46,58,367,132,68,67,0,14,9,14,67,73,223,100,0,14
2024,06037199202,Census Tract 1992.02,Los Angeles,Los Angeles County,California,LosAngeles,368,95,10,16,10,16,0,14,0,14,0,14,0,14,0,14,28,27,7,10,0,14,0,14,21,26,0,14,0,14,237,81,78,52,27,25,25,34,33,30,58,55,16,26,93,59,5,9,28,36,0,14,0,14,47,47,13,18
2024,06037199300,Census Tract 1993,Los Angeles,Los Angeles County,California,LosAngeles,452,130,18,29,0,14,0,14,0,14,0,14,0,14,18,29,18,28,0,14,0,14,0,14,0,14,18,28,0,14,180,83,41,34,14,22,0,14,15,25,110,69,0,14,236,122,9,14,0,14,33,36,0,14,134,99,60,66
2024,06037199400,Census Tract 1994,Los Angeles,Los Angeles County,California,LosAngeles,1117,257,35,57,0,14,0,14,0,14,0,14,35,57,0,14,62,55,12,19,27,44,0,14,0,14,23,26,0,14,768,234,231,185,23,37,101,76,0,14,383,178,30,27,252,105,22,19,0,14,19,30,39,41,162,86,10,16
2024,06037199700,Census Tract 1997,Los Angeles,Los Angeles County,California,LosAngeles,1043,211,113,62,31,48,0,14,27,31,0,14,55,55,0,14,159,91,63,77,0,14,10,23,27,44,59,53,0,14,658,210,100,68,40,41,35,44,22,31,430,208,31,46,113,58,22,28,0,14,24,41,15,23,52,41,0,14
2024,06037199801,Census Tract 1998.01,Los Angeles,Los Angeles County,California,LosAngeles,652,109,36,43,10,18,26,39,0,14,0,14,0,14,0,14,75,52,19,24,9,14,18,17,24,34,5,8,0,14,492,111,100,59,19,30,27,18,48,48,298,112,0,14,49,43,0,14,2,6,0,14,0,14,39,40,8,19
2024,06037199802,Census Tract 1998.02,Los Angeles,Los Angeles County,California,LosAngeles,440,74,4,9,0,14,0,14,0,14,0,14,4,9,0,14,21,19,16,18,0,14,0,14,5,10,0,14,0,14,340,75,78,37,18,15,47,27,0,14,166,81,31,35,75,50,40,36,0,14,0,14,0,14,35,27,0,14
2024,06037199900,Census Tract 1999,Los Angeles,Los Angeles County,California,LosAngeles,717,125,15,17,0,14,0,14,0,14,0,14,15,17,0,14,142,66,31,35,18,17,75,52,0,14,18,15,0,14,323,98,58,42,4,8,15,24,22,27,193,76,31,23,237,109,58,52,0,14,0,14,44,35,128,99,7,10
2024,06037201110,Census Tract 2011.10,Los Angeles,Los Angeles County,California,LosAngeles,303,81,13,21,0,14,0,14,0,14,13,21,0,14,0,14,70,43,31,27,20,25,0,14,0,14,19,19,0,14,149,66,55,51,0,14,22,29,8,13,64,38,0,14,71,49,27,20,3,13,5,9,0,14,36,46,0,14
2024,06037201120,Census Tract 2011.20,Los Angeles,Los Angeles County,California,LosAngeles,834,100,0,14,0,14,0,14,0,14,0,14,0,14,0,14,183,95,91,69,14,20,50,58,28,48,0,14,0,14,556,115,182,92,47,39,61,54,41,56,179,99,46,50,95,74,0,14,13,20,7,11,0,14,75,71,0,14
2024,06037201200,Census Tract 2012,Los Angeles,Los Angeles County,California,LosAngeles,395,72,19,22,0,14,0,14,0,14,0,14,10,16,9,14,88,49,42,36,10,14,12,14,0,14,24,28,0,14,196,75,50,44,49,41,16,22,15,23,58,46,8,12,92,41,31,28,0,14,19,28,13,14,29,22,0,14
2024,06037201301,Census Tract 2013.01,Los Angeles,Los Angeles County,California,LosAngeles,560,208,0,14,0,14,0,14,0,14,0,14,0,14,0,14,176,89,43,66,41,46,64,64,0,14,28,42,0,14,260,192,133,181,0,14,10,19,14,17,84,71,19,29,124,61,0,14,8,13,8,12,8,13,77,48,23,38
2024,06037201302,Census Tract 2013.02,Los Angeles,Los Angeles County,California,LosAngeles,419,129,18,29,0,14,0,14,0,14,0,14,0,14,18,29,94,54,32,37,24,27,10,16,8,13,20,25,0,14,193,127,29,33,110,114,0,14,6,10,35,40,13,22,114,93,15,22,64,100,0,14,7,11,28,32,0,14
2024,06037201401,Census Tract 2014.01,Los Angeles,Los Angeles County,California,LosAngeles,839,131,38,37,19,30,0,14,0,14,0,14,9,16,10,14,145,91,16,23,8,12,0,14,15,21,69,81,37,49,444,130,47,46,25,35,28,27,32,36,268,130,44,46,212,130,16,29,0,14,13,21,11,19,172,123,0,14
2024,06037201402,Census Tract 2014.02,Los Angeles,Los Angeles County,California,LosAngeles,378,115,10,16,0,14,0,14,0,14,0,14,10,16,0,14,48,40,0,14,0,14,15,24,11,18,22,24,0,14,235,96,76,53,106,89,0,14,0,14,53,54,0,14,85,81,0,14,59,77,0,14,4,6,13,21,9,14
2024,06037201501,Census Tract 2015.01,Los Angeles,Los Angeles County,California,LosAngeles,813,129,0,19,0,19,0,19,0,19,0,19,0,19,0,19,208,99,30,46,14,17,8,13,28,31,128,80,0,19,456,111,167,76,17,19,0,19,68,69,184,76,20,24,149,68,39,44,0,19,28,33,9,15,63,50,10,12
2024,06037201503,Census Tract 2015.03,Los Angeles,Los Angeles County,California,LosAngeles,637,116,20,23,13,20,0,14,0,14,0,14,7,10,0,14,103,61,12,19,35,44,6,9,18,28,32,35,0,14,323,103,64,49,52,55,62,73,31,34,107,59,7,11,191,67,8,12,0,14,25,40,50,44,64,37,44,44
2024,06037201504,Census Tract 2015.04,Los Angeles,Los Angeles County,California,LosAngeles,264,69,0,14,0,14,0,14,0,14,0,14,0,14,0,14,98,62,22,30,0,14,0,14,0,14,69,52,7,10,125,51,20,23,41,25,0,14,7,10,57,41,0,14,41,25,9,13,0,14,9,13,2,6,21,18,0,14
2024,06037201601,Census Tract 2016.01,Los Angeles,Los Angeles County,California,LosAngeles,235,74,39,43,0,14,0,14,0,14,24,36,15,23,0,14,50,33,11,18,6,9,8,14,0,14,25,21,0,14,121,68,36,31,17,20,0,14,0,14,37,45,31,35,25,27,18,24,0,14,0,14,7,11,0,14,0,14
2024,06037201602,Census Tract 2016.02,Los Angeles,Los Angeles County,California,LosAngeles,348,97,0,14,0,14,0,14,0,14,0,14,0,14,0,14,81,50,15,16,7,11,11,16,0,14,48,42,0,14,183,85,27,19,72,77,23,36,3,6,58,41,0,14,84,60,2,3,0,14,0,14,26,41,13,19,43,42
2024,06037201700,Census Tract 2017,Los Angeles,Los Angeles County,California,LosAngeles,727,136,38,38,0,19,0,19,23,36,0,19,15,16,0,19,145,73,19,21,0,19,38,39,35,39,53,52,0,19,433,134,44,46,10,17,129,88,0,19,242,124,8,12,111,59,67,54,8,12,0,19,0,19,36,35,0,19
2024,06037203100,Census Tract 2031,Los Angeles,Los Angeles County,California,LosAngeles,1126,178,0,14,0,14,0,14,0,14,0,14,0,14,0,14,121,78,15,26,52,54,0,14,0,14,54,56,0,14,725,179,300,118,101,91,86,63,0,14,238,164,0,14,280,79,0,14,31,48,24,38,56,60,169,82,0,14
2024,06037203200,Census Tract 2032,Los Angeles,Los Angeles County,California,LosAngeles,913,158,20,25,0,14,0,14,0,14,6,11,14,22,0,14,140,76,19,21,17,28,24,29,19,32,47,40,14,22,590,162,70,46,131,97,30,32,16,25,313,149,30,35,163,84,0,14,24,38,17,27,0,14,101,69,21,30
2024,06037203300,Census Tract 2033,Los Angeles,Los Angeles County,California,LosAngeles,472,85,77,38,0,14,0,14,18,27,0,14,42,30,17,27,59,45,16,18,22,33,13,22,0,14,8,11,0,14,275,93,35,39,25,41,28,40,32,49,145,79,10,17,61,33,0,14,7,11,0,14,0,14,29,22,25,29
2024,06037203500,Census Tract 2035,Los Angeles,Los Angeles County,California,LosAngeles,670,100,0,14,0,14,0,14,0,14,0,14,0,14,0,14,60,35,25,19,0,14,23,27,0,14,12,14,0,14,523,103,110,60,47,44,79,57,64,50,223,93,0,14,87,44,13,18,20,22,0,14,16,25,38,32,0,14
2024,06037203601,Census Tract 2036.01,Los Angeles,Los Angeles County,California,LosAngeles,689,141,62,58,0,14,0,14,0,14,0,14,62,58,0,14,147,78,8,14,13,20,0,14,26,32,100,72,0,14,361,139,44,43,111,97,46,38,39,40,105,63,16,18,119,58,0,14,6,12,0,14,0,14,113,56,0,14
2024,06037203602,Census Tract 2036.02,Los Angeles,Los Angeles County,California,LosAngeles,437,72,30,33,30,33,0,14,0,14,0,14,0,14,0,14,159,56,0,14,48,46,23,36,6,15,82,62,0,14,201,60,57,42,42,47,12,20,0,14,90,56,0,14,47,34,0,14,0,14,0,14,12,17,22,25,13,16
2024,06037203710,Census Tract 2037.10,Los Angeles,Los Angeles County,California,LosAngeles,623,102,49,59,45,59,0,14,0,14,4,6,0,14,0,14,178,56,56,44,17,11,11,15,29,31,65,47,0,14,302,82,128,63,55,39,12,13,0,14,107,67,0,14,94,59,40,42,13,17,0,14,0,14,36,35,5,9
2024,06037203720,Census Tract 2037.20,Los Angeles,Los Angeles County,California,LosAngeles,623,85,0,14,0,14,0,14,0,14,0,14,0,14,0,14,124,75,17,17,0,14,20,30,0,14,87,70,0,14,408,98,90,47,14,22,0,14,91,58,203,90,10,17,91,49,31,31,0,14,0,14,14,24,46,37,0,14
2024,06037203800,Census Tract 2038,Los Angeles,Los Angeles County,California,LosAngeles,834,234,0,14,0,14,0,14,0,14,0,14,0,14,0,14,125,99,66,106,46,69,0,14,0,14,0,14,13,21,500,147,107,86,48,57,20,27,150,112,140,99,35,29,209,170,20,23,0,14,74,116,0,14,115,117,0,14
2024,06037203900,Census Tract 2039,Los Angeles,Los Angeles County,California,LosAngeles,398,81,11,16,0,14,11,16,0,14,0,14,0,14,0,14,53,30,5,8,0,14,21,32,4,8,23,25,0,14,240,78,109,58,19,24,17,23,5,7,66,51,24,15,94,44,32,29,0,14,9,11,0,14,50,33,3,7
2024,06037204110,Census Tract 2041.10,Los Angeles,Los Angeles County,California,LosAngeles,563,131,0,14,0,14,0,14,0,14,0,14,0,14,0,14,52,47,10,15,8,12,8,12,0,14,26,41,0,14,305,76,44,40,51,43,21,33,88,55,82,46,19,29,206,116,11,12,29,32,15,22,21,16,130,120,0,14
2024,06037204120,Census Tract 2041.20,Los Angeles,Los Angeles County,California,LosAngeles,431,118,6,9,0,14,0,14,0,14,0,14,6,9,0,14,38,29,0,14,6,10,26,28,0,14,6,12,0,14,320,106,59,44,47,41,49,77,93,55,40,33,32,33,67,69,0,14,10,13,0,14,0,14,57,68,0,14
2024,06037204200,Census Tract 2042,Los Angeles,Los Angeles County,California,LosAngeles,938,110,71,58,0,14,0,14,0,14,27,43,44,42,0,14,213,114,76,75,47,46,0,14,0,14,90,67,0,14,511,129,81,66,25,35,104,85,44,54,243,96,14,23,143,65,36,36,0,14,30,46,0,14,51,50,26,40
2024,06037204300,Census Tract 2043,Los Angeles,Los Angeles County,California,LosAngeles,908,187,0,14,0,14,0,14,0,14,0,14,0,14,0,14,147,87,22,31,18,20,0,14,37,58,70,58,0,14,430,130,97,94,51,50,118,71,0,14,164,82,0,14,331,149,20,32,44,41,13,20,84,73,104,70,66,102
2024,06037204410,Census Tract 2044.10,Los Angeles,Los Angeles County,California,LosAngeles,542,106,41,43,0,14,28,38,0,14,0,14,13,21,0,14,136,59,30,35,0,14,18,27,24,30,64,44,0,14,295,104,38,41,52,40,41,47,7,11,152,79,5,8,70,44,25,28,0,14,0,14,3,7,42,33,0,14
2024,06037204420,Census Tract 2044.20,Los Angeles,Los Angeles County,California,LosAngeles,836,69,0,14,0,14,0,14,0,14,0,14,0,14,0,14,108,57,27,29,12,19,0,14,35,35,34,31,0,14,621,80,143,63,45,31,110,55,88,49,224,57,11,18,107,44,29,27,14,17,8,13,0,14,48,36,8,10
2024,06037204600,Census Tract 2046,Los Angeles,Los Angeles County,California,LosAngeles,945,155,0,14,0,14,0,14,0,14,0,14,0,14,0,14,119,78,0,14,0,14,0,14,40,34,79,65,0,14,552,157,81,58,97,73,67,72,12,20,276,151,19,36,274,108,36,35,0,14,0,14,39,36,199,105,0,14
2024,06037204700,Census Tract 2047,Los Angeles,Los Angeles County,California,LosAngeles,666,128,0,14,0,14,0,14,0,14,0,14,0,14,0,14,128,85,35,34,26,38,0,14,0,14,5,9,62,78,509,135,136,92,68,57,7,13,88,78,210,99,0,14,29,48,0,14,0,14,0,14,0,14,29,48,0,14
2024,06037204810,Census Tract 2048.10,Los Angeles,Los Angeles County,California,LosAngeles,1002,209,53,53,15,23,0,19,0,19,0,19,38,47,0,19,143,79,52,52,0,19,0,19,40,46,51,50,0,19,666,200,119,72,36,42,93,66,78,68,300,180,40,48,140,74,11,17,0,19,16,22,19,30,62,62,32,49
2024,06037204820,Census Tract 2048.20,Los Angeles,Los Angeles County,California,LosAngeles,294,81,18,16,7,10,5,9,0,14,0,14,6,9,0,14,82,67,0,14,0,14,0,14,36,53,46,39,0,14,132,47,25,32,0,14,16,23,0,14,84,44,7,11,62,41,15,23,10,16,0,14,19,29,9,13,9,11
2024,06037204910,Census Tract 2049.10,Los Angeles,Los Angeles County,California,LosAngeles,681,131,11,19,0,14,0,14,0,14,11,19,0,14,0,14,30,23,0,14,13,17,0,14,7,11,10,12,0,14,415,140,160,108,5,8,43,38,29,27,167,74,11,13,225,63,32,25,7,10,19,24,52,44,98,51,17,24
2024,06037204920,Census Tract 2049.20,Los Angeles,Los Angeles County,California,LosAngeles,386,106,0,14,0,14,0,14,0,14,0,14,0,14,0,14,49,45,27,29,15,24,0,14,0,14,7,14,0,14,274,102,61,54,30,27,29,36,7,12,130,57,17,26,63,31,7,11,0,14,0,14,10,11,28,26,18,15
2024,06037205110,Census Tract 2051.10,Los Angeles,Los Angeles County,California,LosAngeles,853,84,13,20,0,14,0,14,0,14,0,14,13,20,0,14,252,78,0,14,19,22,37,37,0,14,180,66,16,25,523,100,158,67,97,60,15,19,6,11,247,77,0,14,65,37,14,16,9,11,8,12,0,14,34,30,0,14
2024,06037205120,Census Tract 2051.20,Los Angeles,Los Angeles County,California,LosAngeles,872,76,24,35,0,14,0,14,0,14,0,14,24,35,0,14,57,40,0,14,0,14,19,27,0,14,38,45,0,14,549,106,82,69,29,33,88,68,47,47,275,104,28,26,242,88,12,21,13,19,33,40,38,47,146,63,0,14
2024,06037206010,Census Tract 2060.10,Los Angeles,Los Angeles County,California,LosAngeles,1517,234,7,15,0,14,0,14,7,15,0,14,0,14,0,14,449,169,145,123,3,9,62,48,143,110,86,47,10,16,796,254,191,105,82,76,78,60,149,150,296,157,0,14,265,83,28,34,6,10,13,22,25,26,170,89,23,29
2024,06037206020,Census Tract 2060.20,Los Angeles,Los Angeles County,California,LosAngeles,280,67,19,15,0,19,0,19,0,19,0,19,13,11,6,11,124,57,18,16,8,8,47,45,18,20,33,27,0,19,130,46,57,36,23,23,17,13,8,13,25,18,0,19,7,13,0,19,7,13,0,19,0,19,0,19,0,19
2024,06037206050,Census Tract 2060.50,Los Angeles,Los Angeles County,California,LosAngeles,742,91,29,27,0,14,12,18,0,14,0,14,17,24,0,14,98,77,26,31,42,70,0,14,17,19,13,15,0,14,259,97,111,72,50,38,27,35,5,8,66,41,0,14,356,80,34,36,57,47,37,24,71,56,151,64,6,9
2024,06037206051,Census Tract 2060.51,Los Angeles,Los Angeles County,California,LosAngeles,767,213,0,14,0,14,0,14,0,14,0,14,0,14,0,14,415,162,195,139,36,39,46,55,32,46,106,74,0,14,299,164,35,36,9,14,69,111,31,38,155,102,0,14,53,50,0,14,10,15,0,14,0,14,43,47,0,14
2024,06037206052,Census Tract 2060.52,Los Angeles,Los Angeles County,California,LosAngeles,1728,259,172,103,0,14,10,15,0,14,8,17,110,89,44,54,794,217,231,157,178,115,63,58,56,62,212,113,54,67,736,164,181,112,100,46,33,28,117,90,241,100,64,79,26,27,0,14,0,14,0,14,0,14,26,27,0,14
2024,06037206053,Census Tract 2060.53,Los Angeles,Los Angeles County,California,LosAngeles,897,192,47,43,5,8,31,39,0,14,0,14,11,17,0,14,197,78,33,45,14,15,57,42,0,14,93,67,0,14,387,136,139,84,74,80,24,22,0,14,150,73,0,14,266,149,28,20,48,34,0,14,27,22,163,149,0,14
2024,06037206054,Census Tract 2060.54,Los Angeles,Los Angeles County,California,LosAngeles,585,86,32,26,9,10,0,14,0,14,8,11,15,21,0,14,115,66,58,50,25,38,17,26,15,22,0,14,0,14,296,97,147,70,32,31,12,12,6,11,85,55,14,15,142,58,6,10,25,28,36,43,20,32,55,42,0,14
2024,06037206201,Census Tract 2062.01,Los Angeles,Los Angeles County,California,LosAngeles,1164,218,6,11,0,14,0,14,6,11,0,14,0,14,0,14,421,118,29,26,83,70,85,68,39,50,128,80,57,51,543,182,114,68,54,37,169,165,22,29,184,126,0,14,194,104,66,65,0,14,13,24,9,14,106,91,0,14
2024,06037206202,Census Tract 2062.02,Los Angeles,Los Angeles County,California,LosAngeles,961,195,0,14,0,14,0,14,0,14,0,14,0,14,0,14,125,35,0,14,0,14,0,14,0,14,125,35,0,14,299,184,44,54,12,22,99,163,52,64,92,58,0,14,537,145,43,42,0,14,72,62,78,90,301,126,43,42
2024,06037206301,Census Tract 2063.01,Los Angeles,Los Angeles County,California,LosAngeles,1213,263,0,14,0,14,0,14,0,14,0,14,0,14,0,14,0,14,0,14,0,14,0,14,0,14,0,14,0,14,693,193,261,155,40,57,31,40,50,57,232,118,79,62,520,233,69,74,25,38,103,91,89,145,220,144,14,22
2024,06037206302,Census Tract 2063.02,Los Angeles,Los Angeles County,California,LosAngeles,634,179,0,14,0,14,0,14,0,14,0,14,0,14,0,14,8,12,0,14,0,14,0,14,0,14,8,12,0,14,493,193,69,73,0,14,167,132,8,12,196,85,53,63,133,59,15,17,28,35,0,14,26,30,64,46,0,14
2024,06037206303,Census Tract 2063.03,Los Angeles,Los Angeles County,California,LosAngeles,492,150,21,32,0,14,0,14,0,14,0,14,21,32,0,14,41,38,0,14,0,14,0,14,0,14,31,35,10,16,281,147,33,39,0,14,66,47,28,37,136,143,18,22,149,86,61,50,0,14,16,21,0,14,0,14,72,78
2024,06037207101,Census Tract 2071.01,Los Angeles,Los Angeles County,California,LosAngeles,1813,206,80,70,0,14,34,54,0,14,0,14,46,46,0,14,612,211,154,113,115,138,11,18,79,68,226,125,27,41,667,214,67,68,126,137,32,50,94,84,312,119,36,44,454,120,21,23,0,14,24,39,30,49,344,108,35,46
2024,06037207102,Census Tract 2071.02,Los Angeles,Los Angeles County,California,LosAngeles,1594,174,63,41,31,30,0,14,14,21,0,14,18,23,0,14,186,96,56,44,13,21,36,38,39,36,42,40,0,14,759,147,163,98,82,66,12,21,132,84,370,121,0,14,586,197,81,68,30,46,209,162,80,64,136,90,50,51
2024,06037207103,Census Tract 2071.03,Los Angeles,Los Angeles County,California,LosAngeles,841,96,14,15,0,14,0,14,6,10,0,14,8,11,0,14,127,49,63,33,21,22,10,15,19,29,14,15,0,14,400,98,113,76,48,31,17,17,36,32,134,50,52,51,300,58,40,26,9,13,0,14,23,18,228,60,0,14
2024,06037207303,Census Tract 2073.03,Los Angeles,Los Angeles County,California,LosAngeles,1936,276,141,109,0,14,0,14,0,14,0,14,102,89,39,62,765,327,81,73,165,174,140,175,63,75,316,179,0,14,652,176,78,67,65,61,80,93,37,52,339,98,53,64,378,96,10,17,44,53,80,60,77,67,152,103,15,20
2024,06037207304,Census Tract 2073.04,Los Angeles,Los Angeles County,California,LosAngeles,1514,329,0,14,0,14,0,14,0,14,0,14,0,14,0,14,404,163,89,94,0,14,0,14,37,59,209,116,69,108,854,352,105,84,48,19,22,34,82,82,546,331,51,58,256,74,75,58,0,14,123,87,40,47,18,26,0,14
2024,06037207305,Census Tract 2073.05,Los Angeles,Los Angeles County,California,LosAngeles,592,120,34,40,0,14,0,14,0,14,15,24,19,30,0,14,261,121,17,28,58,49,0,14,67,68,119,87,0,14,283,101,52,51,12,21,0,14,30,46,178,90,11,17,14,16,0,14,0,14,0,14,0,14,14,16,0,14
2024,06037207306,Census Tract 2073.06,Los Angeles,Los Angeles County,California,LosAngeles,1559,233,31,51,0,14,31,51,0,14,0,14,0,14,0,14,495,216,59,49,19,30,161,171,48,73,162,98,46,59,845,191,246,132,60,73,65,52,48,66,392,115,34,37,188,102,0,14,0,14,0,14,60,52,128,90,0,14
2024,06037207307,Census Tract 2073.07,Los Angeles,Los Angeles County,California,LosAngeles,1078,244,56,53,0,14,9,13,0,14,0,14,47,52,0,14,297,179,48,55,0,14,102,161,46,58,101,80,0,14,627,213,41,36,92,95,85,114,77,55,292,166,40,49,98,60,18,20,9,14,0,14,34,51,37,26,0,14
2024,06037207308,Census Tract 2073.08,Los Angeles,Los Angeles County,California,LosAngeles,703,121,14,16,0,14,0,14,0,14,0,14,14,16,0,14,217,118,15,17,0,14,29,28,16,18,150,109,7,12,457,131,163,89,49,56,35,42,56,66,141,90,13,19,15,16,0,14,0,14,0,14,0,14,15,16,0,14
2024,06037207400,Census Tract 2074,Los Angeles,Los Angeles County,California,LosAngeles,967,236,284,132,0,14,25,19,0,14,0,14,215,132,44,42,198,85,56,43,8,11,36,33,14,15,66,42,18,26,392,146,66,24,14,10,65,45,32,40,215,150,0,14,93,74,0,14,6,8,28,47,39,54,20,23,0,14
2024,06037207501,Census Tract 2075.01,Los Angeles,Los Angeles County,California,LosAngeles,987,186,51,57,0,14,39,54,0,14,0,14,12,19,0,14,520,168,135,107,66,68,82,81,40,43,197,135,0,14,300,122,66,40,106,93,25,21,26,21,77,55,0,14,116,98,32,27,0,14,0,14,15,23,69,86,0,14
2024,06037207502,Census Tract 2075.02,Los Angeles,Los Angeles County,California,LosAngeles,2688,341,57,90,0,14,0,14,0,14,0,14,57,90,0,14,642,202,154,119,207,160,15,25,35,41,231,151,0,14,630,163,217,118,56,61,121,104,17,26,219,119,0,14,1359,331,113,99,22,27,405,169,476,258,343,188,0,14
2024,06037207711,Census Tract 2077.11,Los Angeles,Los Angeles County,California,LosAngeles,1647,253,127,109,0,14,0,14,0,14,0,14,55,73,72,79,570,209,159,135,91,75,36,41,51,66,211,132,22,35,935,270,208,148,239,142,70,43,0,14,418,205,0,14,15,33,0,14,14,23,0,14,0,14,1,25,0,14
2024,06037207712,Census Tract 2077.12,Los Angeles,Los Angeles County,California,LosAngeles,2955,350,483,166,23,38,47,73,77,91,0,14,229,133,107,98,1158,278,180,124,82,82,96,106,211,155,589,273,0,14,714,280,176,133,82,63,153,155,22,35,281,165,0,14,600,228,0,14,0,14,113,113,190,140,297,246,0,14
2024,06037207901,Census Tract 2079.01,Los Angeles,Los Angeles County,California,LosAngeles,2587,278,370,217,0,14,0,14,0,14,0,14,124,148,246,165,906,304,220,173,34,55,55,91,129,119,218,140,250,208,1106,398,139,112,212,201,116,181,95,108,453,310,91,132,205,112,0,14,73,119,39,63,0,14,93,74,0,14
2024,06037207902,Census Tract 2079.02,Los Angeles,Los Angeles County,California,LosAngeles,4027,566,749,403,0,19,0,19,0,19,190,221,505,324,54,63,1509,439,231,201,278,239,129,114,281,209,570,293,20,33,1611,553,433,268,315,219,246,260,130,164,487,321,0,19,158,126,0,19,0,19,0,19,0,19,158,126,0,19
2024,06037208001,Census Tract 2080.01,Los Angeles,Los Angeles County,California,LosAngeles,1382,132,106,90,0,14,0,14,0,14,0,14,81,80,25,39,475,170,41,53,14,22,158,105,133,108,115,99,14,21,801,182,196,116,125,106,78,70,87,95,252,148,63,74,0,14,0,14,0,14,0,14,0,14,0,14,0,14
2024,06037208002,Census Tract 2080.02,Los Angeles,Los Angeles County,California,LosAngeles,1224,163,74,75,47,64,0,14,0,14,0,14,27,43,0,14,398,135,62,53,46,47,22,25,105,84,163,125,0,14,602,171,93,69,119,95,37,36,21,30,332,146,0,14,150,103,46,75,12,19,0,14,0,14,74,63,18,30
2024,06037208301,Census Tract 2083.01,Los Angeles,Los Angeles County,California,LosAngeles,526,55,40,31,6,9,12,19,0,14,0,14,11,11,11,16,129,53,27,27,0,14,0,14,0,14,102,45,0,14,300,56,97,68,13,14,0,14,7,10,164,54,19,24,57,36,8,12,19,28,0,14,3,9,27,24,0,14
2024,06037208302,Census Tract 2083.02,Los Angeles,Los Angeles County,California,LosAngeles,1483,210,6,10,0,14,0,14,0,14,0,14,0,14,6,10,291,103,86,74,9,14,90,84,24,27,58,44,24,38,828,225,187,114,69,56,63,69,181,162,294,111,34,41,358,113,79,62,82,69,12,19,40,61,96,53,49,62
2024,06037208401,Census Tract 2084.01,Los Angeles,Los Angeles County,California,LosAngeles,1426,187,73,75,16,26,45,67,0,14,0,14,12,19,0,14,203,96,49,41,0,14,18,31,55,57,73,59,8,15,571,190,74,66,139,133,41,39,57,57,245,103,15,27,579,124,96,61,35,40,57,42,96,87,287,105,8,13
2024,06037208402,Census Tract 2084.02,Los Angeles,Los Angeles County,California,LosAngeles,830,107,22,24,0,14,0,14,0,14,0,14,22,24,0,14,292,88,50,37,62,54,49,52,41,31,90,53,0,14,401,75,160,78,31,23,21,26,20,31,150,89,19,29,115,60,22,26,2,3,0,14,6,10,63,38,22,34
2024,06037208501,Census Tract 2085.01,Los Angeles,Los Angeles County,California,LosAngeles,861,97,63,44,0,14,12,18,5,8,18,29,28,28,0,14,268,66,82,40,38,31,9,10,0,14,132,53,7,11,379,88,125,75,14,16,78,56,14,16,122,45,26,25,151,44,14,19,33,34,10,16,12,13,53,32,29,26
2024,06037208502,Census Tract 2085.02,Los Angeles,Los Angeles County,California,LosAngeles,1292,213,6,10,0,14,0,14,0,14,0,14,6,10,0,14,248,137,34,38,0,14,14,29,68,84,132,98,0,14,710,145,112,67,46,44,75,58,64,59,400,130,13,20,328,143,15,22,0,14,30,46,15,23,268,149,0,14
2024,06037208610,Census Tract 2086.10,Los Angeles,Los Angeles County,California,LosAngeles,1321,188,61,70,0,14,0,14,26,41,0,14,35,57,0,14,291,102,49,34,24,23,51,43,7,12,104,68,56,57,792,216,176,107,158,145,44,42,80,70,316,110,18,21,177,73,20,27,11,19,13,24,10,15,123,55,0,14
2024,06037208620,Census Tract 2086.20,Los Angeles,Los Angeles County,California,LosAngeles,1534,137,10,15,0,14,0,14,0,14,0,14,10,15,0,14,480,117,39,38,74,64,71,54,87,73,170,106,39,42,883,160,194,84,118,77,128,68,51,57,392,147,0,14,161,81,5,9,27,43,44,61,21,22,53,41,11,17
2024,06037208710,Census Tract 2087.10,Los Angeles,Los Angeles County,California,LosAngeles,1800,230,113,60,0,14,0,14,10,15,0,14,103,60,0,14,402,185,155,121,22,35,12,20,53,77,160,114,0,14,928,218,146,106,89,80,265,122,114,78,247,113,67,67,357,170,41,43,11,18,26,30,0,14,230,164,49,45
2024,06037208720,Census Tract 2087.20,Los Angeles,Los Angeles County,California,LosAngeles,1398,141,187,101,0,14,49,58,0,14,0,14,138,86,0,14,125,87,32,37,0,14,0,14,30,45,63,69,0,14,828,157,174,103,33,40,48,64,104,84,417,134,52,82,258,74,70,58,15,24,17,26,18,27,138,53,0,14
2024,06037208801,Census Tract 2088.01,Los Angeles,Los Angeles County,California,LosAngeles,1298,144,68,60,0,14,0,14,0,14,0,14,43,48,25,40,285,135,85,64,27,32,25,31,0,14,60,55,88,91,680,194,30,31,69,49,91,76,22,34,436,196,32,52,265,126,31,50,0,14,50,48,0,14,146,96,38,46
2024,06037208802,Census Tract 2088.02,Los Angeles,Los Angeles County,California,LosAngeles,1588,181,76,68,8,13,5,9,0,14,15,23,29,55,19,31,336,118,0,14,50,54,29,35,39,45,202,104,16,27,781,219,165,88,42,54,95,56,181,157,298,167,0,14,395,99,7,16,6,19,24,38,187,116,171,97,0,14
2024,06037208902,Census Tract 2089.02,Los Angeles,Los Angeles County,California,LosAngeles,666,63,37,34,11,19,6,9,0,14,0,14,20,30,0,14,224,78,28,34,38,42,15,18,20,31,123,65,0,14,355,92,50,34,27,30,48,52,0,14,207,79,23,24,50,45,0,14,0,14,14,20,5,9,31,37,0,14
2024,06037208903,Census Tract 2089.03,Los Angeles,Los Angeles County,California,LosAngeles,1148,124,85,62,29,47,0,14,0,14,0,14,56,45,0,14,297,126,65,82,55,87,38,40,52,61,87,90,0,14,563,169,137,87,0,14,38,41,0,14,355,167,33,38,203,84,0,14,24,36,33,39,0,14,98,63,48,58
2024,06037208904,Census Tract 2089.04,Los Angeles,Los Angeles County,California,LosAngeles,1327,212,46,35,33,30,0,14,0,14,6,10,7,11,0,14,164,84,96,63,13,20,0,14,0,14,55,52,0,14,833,223,79,65,16,28,10,18,110,66,567,234,51,48,284,103,27,33,0,14,111,74,78,67,68,50,0,14
2024,06037209103,Census Tract 2091.03,Los Angeles,Los Angeles County,California,LosAngeles,1050,114,37,34,0,14,0,14,20,20,0,14,17,26,0,14,258,86,39,30,31,34,18,26,47,54,123,62,0,14,669,130,142,63,55,46,76,47,61,55,335,110,0,14,86,48,8,14,20,19,10,17,0,14,48,41,0,14
2024,06037209104,Census Tract 2091.04,Los Angeles,Los Angeles County,California,LosAngeles,927,97,59,47,6,12,0,14,0,14,13,15,40,41,0,14,194,67,54,47,31,27,10,14,28,27,71,52,0,14,447,72,96,53,45,40,40,24,3,15,229,69,34,30,227,96,31,34,68,75,29,48,26,27,67,31,6,11
2024,06037209105,Census Tract 2091.05,Los Angeles,Los Angeles County,California,LosAngeles,991,209,71,69,0,14,19,30,0,14,19,29,33,53,0,14,113,97,1,15,7,13,20,32,0,14,69,85,16,27,545,120,83,71,18,27,11,17,71,62,341,114,21,32,262,203,17,29,20,30,66,94,23,37,136,175,0,14
2024,06037209106,Census Tract 2091.06,Los Angeles,Los Angeles County,California,LosAngeles,1169,143,92,60,0,14,0,14,0,14,0,14,68,52,24,31,278,127,29,47,10,15,17,23,81,75,131,88,10,16,505,131,190,126,0,14,47,44,0,14,268,171,0,14,294,80,12,19,32,41,87,73,26,38,137,62,0,14
2024,06037209201,Census Tract 2092.01,Los Angeles,Los Angeles County,California,LosAngeles,2153,300,199,106,38,61,0,14,0,14,0,14,123,73,38,60,927,238,174,127,78,99,70,84,185,137,399,162,21,33,924,335,161,95,38,43,67,100,24,40,616,309,18,29,103,67,20,30,0,14,0,14,47,76,36,44,0,14
2024,06037209202,Census Tract 2092.02,Los Angeles,Los Angeles County,California,LosAngeles,492,85,0,14,0,14,0,14,0,14,0,14,0,14,0,14,146,57,30,24,0,14,10,16,14,22,92,49,0,14,323,95,60,52,15,19,0,14,30,35,203,79,15,26,23,25,0,14,0,14,0,14,0,14,23,25,0,14
2024,06037209300,Census Tract 2093,Los Angeles,Los Angeles County,California,LosAngeles,2366,249,126,117,0,14,0,14,0,14,0,14,126,117,0,14,684,218,83,74,101,91,27,45,65,78,312,175,96,95,1435,302,139,119,170,147,98,136,175,106,804,260,49,80,121,79,18,39,0,14,35,56,0,14,68,53,0,14
2024,06037209401,Census Tract 2094.01,Los Angeles,Los Angeles County,California,LosAngeles,1513,147,53,53,0,14,0,14,0,14,0,14,53,53,0,14,257,121,0,14,61,72,0,14,93,76,103,91,0,14,833,192,215,151,27,35,72,62,131,107,307,119,81,77,370,129,94,116,0,14,64,66,59,68,142,69,11,23
2024,06037209402,Census Tract 2094.02,Los Angeles,Los Angeles County,California,LosAngeles,1216,153,23,35,23,35,0,14,0,14,0,14,0,14,0,14,346,145,173,121,0,14,15,25,0,14,158,113,0,14,775,200,159,143,50,60,113,111,53,62,370,152,30,32,72,71,39,47,0,14,0,14,0,14,0,14,33,54
2024,06037209403,Census Tract 2094.03,Los Angeles,Los Angeles County,California,LosAngeles,1402,290,96,70,0,14,21,28,0,14,0,14,75,68,0,14,163,94,71,72,0,14,0,14,45,57,47,41,0,14,475,129,28,34,59,57,35,25,74,70,279,110,0,14,668,301,94,91,28,43,72,85,0,14,466,293,8,15
2024,06037209510,Census Tract 2095.10,Los Angeles,Los Angeles County,California,LosAngeles,968,116,30,46,30,46,0,14,0,14,0,14,0,14,0,14,166,90,38,35,35,51,0,14,22,25,71,66,0,14,611,140,85,71,0,14,58,55,59,55,389,126,20,32,161,81,0,14,35,54,27,31,27,35,72,58,0,14
2024,06037209520,Census Tract 2095.20,Los Angeles,Los Angeles County,California,LosAngeles,938,102,81,55,0,14,9,13,0,14,0,14,58,48,14,23,212,90,33,31,65,55,43,49,14,20,57,37,0,14,569,113,112,60,84,56,29,41,49,58,280,111,15,24,76,55,8,12,0,14,19,27,0,14,49,50,0,14
2024,06037209810,Census Tract 2098.10,Los Angeles,Los Angeles County,California,LosAngeles,763,107,98,85,13,20,0,14,0,14,55,78,30,31,0,14,108,42,24,25,5,8,0,14,24,21,55,31,0,14,458,90,132,83,36,32,33,28,30,29,225,61,2,11,99,58,31,49,10,20,1,3,0,14,57,34,0,14
2024,06037209820,Census Tract 2098.20,Los Angeles,Los Angeles County,California,LosAngeles,694,72,61,47,20,32,0,14,0,14,0,14,41,40,0,14,102,70,0,14,10,15,0,14,0,14,65,55,27,40,429,86,203,79,40,40,0,14,18,30,148,64,20,35,102,49,35,30,0,14,0,14,17,28,40,38,10,14
2024,06037210010,Census Tract 2100.10,Los Angeles,Los Angeles County,California,LosAngeles,953,205,32,37,0,14,0,14,0,14,0,14,32,37,0,14,118,72,51,48,0,14,15,24,10,16,42,44,0,14,442,177,143,129,49,71,58,48,16,25,135,84,41,63,361,92,8,12,25,26,17,28,82,59,179,93,50,44
2024,06037211000,Census Tract 2110,Los Angeles,Los Angeles County,California,LosAngeles,1024,242,29,45,0,19,0,19,0,19,0,19,29,45,0,19,300,149,56,63,38,45,0,19,0,19,206,153,0,19,611,228,200,146,77,70,28,45,27,42,218,193,61,77,84,90,0,19,0,19,0,19,0,19,63,84,21,31
2024,06037211121,Census Tract 2111.21,Los Angeles,Los Angeles County,California,LosAngeles,951,180,87,130,0,14,0,14,87,130,0,14,0,14,0,14,274,122,40,57,75,59,13,22,10,16,136,90,0,14,489,122,85,55,71,69,0,14,65,55,268,113,0,14,101,35,13,22,0,14,0,14,34,39,39,60,15,23
2024,06037211122,Census Tract 2111.22,Los Angeles,Los Angeles County,California,LosAngeles,1120,153,169,118,0,14,0,14,0,14,0,14,111,70,58,93,470,125,37,28,58,63,84,71,36,45,200,92,55,68,407,118,12,19,22,27,48,46,59,51,253,100,13,22,74,61,0,14,26,40,0,14,0,14,48,47,0,14
2024,06037211123,Census Tract 2111.23,Los Angeles,Los Angeles County,California,LosAngeles,1111,119,208,103,18,29,28,45,30,51,0,14,67,45,65,72,365,117,35,42,14,23,89,81,97,71,111,72,19,32,451,147,131,99,56,32,0,14,77,74,145,71,42,48,87,69,0,14,0,14,25,37,0,14,62,51,0,14
2024,06037211124,Census Tract 2111.24,Los Angeles,Los Angeles County,California,LosAngeles,1887,425,13,20,0,14,0,14,0,14,0,14,13,20,0,14,525,151,27,30,17,27,127,96,40,37,238,102,76,72,949,292,213,95,180,128,34,51,66,61,415,263,41,51,400,318,182,294,0,14,27,31,9,14,164,99,18,21
2024,06037211201,Census Tract 2112.01,Los Angeles,Los Angeles County,California,LosAngeles,1022,148,10,12,0,14,0,14,0,14,0,14,10,12,0,14,248,68,57,40,29,32,66,40,5,8,91,52,0,14,670,163,152,96,48,53,40,45,62,54,346,117,22,34,94,67,62,66,0,14,0,14,6,9,20,17,6,9
2024,06037211202,Census Tract 2112.02,Los Angeles,Los Angeles County,California,LosAngeles,1029,139,64,62,0,14,26,42,0,14,0,14,38,46,0,14,220,92,99,79,35,50,24,31,7,11,55,41,0,14,601,145,140,112,36,31,65,96,37,42,315,121,8,12,144,57,35,32,30,32,0,14,12,21,67,56,0,14
2024,06037211310,Census Tract 2113.10,Los Angeles,Los Angeles County,California,LosAngeles,1500,215,148,115,0,14,65,99,0,14,0,14,54,54,29,45,363,139,42,42,10,17,33,29,40,47,238,120,0,14,810,182,38,39,48,48,96,95,13,19,539,156,76,81,179,104,26,30,0,14,0,14,37,61,116,77,0,14
2024,06037211320,Census Tract 2113.20,Los Angeles,Los Angeles County,California,LosAngeles,1159,149,46,41,0,14,0,14,11,19,0,14,35,35,0,14,253,124,37,47,40,39,17,20,23,28,136,90,0,14,719,174,241,96,62,50,15,25,76,60,251,107,74,105,141,64,45,47,0,14,50,53,0,14,46,36,0,14
2024,06037211410,Census Tract 2114.10,Los Angeles,Los Angeles County,California,LosAngeles,1095,151,96,81,0,14,0,14,0,14,0,14,96,81,0,14,168,49,7,13,41,46,0,14,13,21,107,56,0,14,626,150,12,19,33,35,41,33,100,66,427,139,13,26,205,88,10,17,8,13,39,58,49,50,76,46,23,25
2024,06037211420,Census Tract 2114.20,Los Angeles,Los Angeles County,California,LosAngeles,1091,167,66,62,0,14,0,14,0,14,0,14,66,62,0,14,374,168,22,36,26,38,14,24,49,59,263,159,0,14,522,133,44,37,68,55,30,42,124,83,241,94,15,21,129,76,47,48,0,14,0,14,0,14,56,50,26,30
2024,06037211500,Census Tract 2115,Los Angeles,Los Angeles County,California,LosAngeles,1352,241,78,69,0,14,0,14,62,63,0,14,16,27,0,14,221,101,34,27,8,14,55,54,13,22,111,86,0,14,897,264,116,65,138,66,57,63,107,60,469,239,10,15,156,80,23,27,0,14,17,19,30,43,86,62,0,14
2024,06037211701,Census Tract 2117.01,Los Angeles,Los Angeles County,California,LosAngeles,812,150,0,14,0,14,0,14,0,14,0,14,0,14,0,14,185,113,78,78,0,14,23,34,9,14,75,76,0,14,440,112,75,56,59,46,10,19,0,14,223,102,73,54,187,80,0,14,10,16,77,56,35,41,65,54,0,14
2024,06037211703,Census Tract 2117.03,Los Angeles,Los Angeles County,California,LosAngeles,2081,255,33,61,0,14,0,14,0,14,0,14,33,61,0,14,821,269,85,85,127,157,112,142,234,193,263,130,0,14,1079,293,212,148,148,96,169,138,68,67,482,192,0,14,148,103,16,27,11,18,30,54,0,14,91,90,0,14
2024,06037211704,Census Tract 2117.04,Los Angeles,Los Angeles County,California,LosAngeles,1440,207,0,14,0,14,0,14,0,14,0,14,0,14,0,14,454,160,106,77,70,66,62,78,59,51,146,94,11,18,637,146,94,62,67,49,31,37,118,61,320,129,7,11,349,129,64,39,10,16,76,85,32,53,154,81,13,23
2024,06037211802,Census Tract 2118.02,Los Angeles,Los Angeles County,California,LosAngeles,2170,206,119,122,0,14,0,14,0,14,0,14,91,112,28,44,926,243,104,68,51,53,33,40,75,88,663,237,0,14,928,227,112,70,55,72,55,63,193,145,483,210,30,35,197,103,21,31,16,25,0,14,18,29,129,90,13,21
2024,06037211803,Census Tract 2118.03,Los Angeles,Los Angeles County,California,LosAngeles,1687,130,57,49,23,38,0,14,0,14,13,22,21,26,0,14,610,132,110,79,73,56,73,44,36,52,318,107,0,14,937,185,319,148,18,21,63,64,56,45,473,156,8,15,83,50,9,17,8,15,7,12,10,16,46,36,3,5
2024,06037211804,Census Tract 2118.04,Los Angeles,Los Angeles County,California,LosAngeles,1314,137,9,13,0,14,0,14,0,14,0,14,9,13,0,14,353,128,77,64,66,61,0,14,17,18,104,89,89,112,699,154,157,80,80,56,45,48,77,71,340,142,0,14,253,45,0,14,0,14,25,29,60,71,155,70,13,22
2024,06037211910,Census Tract 2119.10,Los Angeles,Los Angeles County,California,LosAngeles,1939,282,83,61,0,14,0,14,32,51,22,33,29,29,0,14,561,194,74,67,16,18,154,126,7,11,301,139,9,14,1137,288,268,137,101,73,97,74,104,92,440,254,127,126,158,92,83,77,0,14,13,22,6,11,56,47,0,14
2024,06037211921,Census Tract 2119.21,Los Angeles,Los Angeles County,California,LosAngeles,930,99,10,18,0,14,0,14,0,14,0,14,10,18,0,14,322,136,65,53,44,42,8,12,0,14,194,115,11,18,459,134,136,74,44,39,26,28,0,14,228,127,25,19,139,76,0,14,0,14,0,14,29,44,110,61,0,14
2024,06037211922,Census Tract 2119.22,Los Angeles,Los Angeles County,California,LosAngeles,1424,166,86,69,0,14,0,14,13,20,0,14,73,70,0,14,486,142,53,55,59,44,92,70,17,26,255,111,10,15,740,191,85,101,98,74,147,109,61,47,297,152,52,50,112,46,27,40,0,14,0,14,0,14,73,50,12,19
2024,06037212101,Census Tract 2121.01,Los Angeles,Los Angeles County,California,LosAngeles,1483,163,59,60,7,12,0,14,0,14,0,14,52,61,0,14,683,174,135,104,93,70,63,44,7,11,333,138,52,50,623,137,119,64,50,49,69,59,76,75,253,93,56,62,118,32,64,48,21,30,9,14,7,14,17,19,0,14
2024,06037212102,Census Tract 2121.02,Los Angeles,Los Angeles County,California,LosAngeles,1201,168,43,39,0,14,0,14,0,14,0,14,43,39,0,14,314,117,45,47,44,52,38,33,38,50,149,78,0,14,530,132,34,27,23,25,100,74,11,18,330,113,32,48,314,72,47,37,26,39,74,53,70,57,97,55,0,14
2024,06037212202,Census Tract 2122.02,Los Angeles,Los Angeles County,California,LosAngeles,1264,219,71,44,0,14,0,14,14,22,0,14,57,44,0,14,478,184,16,27,83,92,77,95,66,70,151,90,85,136,612,162,184,91,72,71,0,14,26,30,277,132,53,58,103,79,0,14,0,14,0,14,26,28,77,72,0,14
2024,06037212203,Census Tract 2122.03,Los Angeles,Los Angeles County,California,LosAngeles,1464,236,152,85,0,14,26,30,0,14,11,18,106,77,9,15,477,150,101,86,48,80,52,42,68,53,208,92,0,14,390,112,88,56,18,20,82,36,22,37,160,76,20,23,445,170,10,16,0,14,110,63,141,144,184,90,0,14
2024,06037212204,Census Tract 2122.04,Los Angeles,Los Angeles County,California,LosAngeles,1674,197,175,112,0,14,0,14,0,14,20,33,94,79,61,78,370,155,40,63,0,14,0,14,40,64,259,137,31,50,919,225,182,98,50,61,73,74,49,50,565,218,0,14,210,147,0,14,11,18,16,45,26,41,157,136,0,14
2024,06037212303,Census Tract 2123.03,Los Angeles,Los Angeles County,California,LosAngeles,1785,251,125,119,0,14,70,110,0,14,15,24,18,27,22,35,747,253,133,77,50,47,37,40,58,60,469,259,0,14,850,209,45,49,43,48,66,67,38,43,543,196,115,86,63,48,47,48,0,14,0,14,0,14,0,14,16,27
2024,06037212304,Census Tract 2123.04,Los Angeles,Los Angeles County,California,LosAngeles,801,80,86,42,0,14,0,14,0,14,0,14,86,42,0,14,325,88,65,48,30,25,36,36,34,34,160,80,0,14,301,82,75,37,22,26,33,28,8,12,163,70,0,14,89,39,6,8,6,8,34,34,0,14,43,25,0,14
2024,06037212305,Census Tract 2123.05,Los Angeles,Los Angeles County,California,LosAngeles,1028,105,56,49,0,14,0,14,20,32,0,14,36,36,0,14,221,97,0,14,16,24,64,42,66,81,75,50,0,14,595,123,71,66,24,24,65,62,69,73,329,91,37,37,156,72,87,66,20,28,4,9,25,37,20,30,0,14
2024,06037212306,Census Tract 2123.06,Los Angeles,Los Angeles County,California,LosAngeles,1039,136,57,41,11,17,0,14,0,14,0,14,46,39,0,14,394,114,100,67,26,27,70,63,132,89,66,47,0,14,521,147,45,45,43,45,29,28,12,20,381,140,11,17,67,54,0,14,0,14,41,47,0,14,26,29,0,14
2024,06037212410,Census Tract 2124.10,Los Angeles,Los Angeles County,California,LosAngeles,1642,213,118,75,28,49,0,14,0,14,0,14,72,53,18,30,546,155,54,56,21,25,161,99,11,23,280,127,19,22,798,204,55,64,157,135,62,81,127,88,353,155,44,42,180,84,0,14,13,19,0,14,3,9,164,86,0,14
2024,06037212420,Census Tract 2124.20,Los Angeles,Los Angeles County,California,LosAngeles,1181,118,116,95,12,18,0,14,9,16,0,14,95,83,0,14,275,99,66,59,53,60,8,13,20,27,128,78,0,14,618,120,81,68,99,78,81,63,74,59,283,105,0,14,172,84,38,34,0,14,11,17,41,39,82,64,0,14
2024,06037212501,Census Tract 2125.01,Los Angeles,Los Angeles County,California,LosAngeles,908,113,52,48,5,9,20,32,18,28,0,14,9,13,0,14,283,101,73,42,0,14,72,65,0,14,138,73,0,14,498,136,74,54,30,29,77,45,9,13,271,108,37,49,75,62,3,8,0,14,7,12,0,14,65,60,0,14
2024,06037212502,Census Tract 2125.02,Los Angeles,Los Angeles County,California,LosAngeles,1755,179,99,67,0,14,0,14,27,43,6,10,66,54,0,14,700,156,155,118,77,47,73,51,51,48,338,97,6,9,830,213,133,71,65,58,34,28,145,106,420,196,33,32,126,64,64,61,0,14,0,14,0,14,62,51,0,14
2024,06037212610,Census Tract 2126.10,Los Angeles,Los Angeles County,California,LosAngeles,1736,194,12,21,0,14,0,14,0,14,0,14,12,21,0,14,629,192,94,69,51,61,68,82,48,39,353,210,15,24,866,195,218,117,70,55,98,56,53,59,394,151,33,39,229,117,1,2,63,94,0,14,62,77,90,73,13,21
2024,06037212620,Census Tract 2126.20,Los Angeles,Los Angeles County,California,LosAngeles,1629,190,104,78,0,14,0,14,11,17,0,14,93,77,0,14,364,142,61,62,0,14,66,44,0,14,217,128,20,23,799,170,106,58,98,63,60,62,131,87,298,110,106,81,362,140,10,15,0,14,20,32,34,36,284,142,14,20
2024,06037212701,Census Tract 2127.01,Los Angeles,Los Angeles County,California,LosAngeles,555,79,24,30,0,14,19,27,0,14,0,14,5,7,0,14,98,52,11,18,0,14,5,7,41,34,41,36,0,14,362,72,95,55,6,9,77,45,16,20,156,61,12,12,71,34,0,14,0,14,0,14,14,23,50,35,7,10
2024,06037212702,Census Tract 2127.02,Los Angeles,Los Angeles County,California,LosAngeles,693,143,22,24,0,14,0,14,0,14,0,14,22,24,0,14,140,89,70,64,0,14,10,17,0,14,60,63,0,14,432,134,23,25,43,52,55,58,38,34,227,113,46,57,99,64,0,14,0,14,0,14,0,14,99,64,0,14
2024,06037212800,Census Tract 2128,Los Angeles,Los Angeles County,California,LosAngeles,663,173,17,28,0,14,0,14,0,14,0,14,17,28,0,14,101,69,33,52,11,17,21,24,0,14,36,34,0,14,435,159,143,92,12,20,34,30,19,28,227,142,0,14,110,70,15,25,30,27,11,17,0,14,38,57,16,26
2024,06037212900,Census Tract 2129,Los Angeles,Los Angeles County,California,LosAngeles,1326,167,64,57,25,34,0,14,11,19,0,14,0,14,28,47,336,107,33,51,26,27,23,42,50,52,175,95,29,46,659,143,185,99,48,37,121,83,0,14,305,151,0,14,267,133,14,18,32,42,105,75,0,14,116,125,0,14
2024,06037213100,Census Tract 2131,Los Angeles,Los Angeles County,California,LosAngeles,894,134,35,36,0,14,20,30,0,14,0,14,15,21,0,14,81,39,38,28,5,8,0,14,0,14,38,25,0,14,625,151,91,40,50,27,57,45,77,52,328,138,22,24,153,61,14,17,18,19,24,23,9,12,70,43,18,26
2024,06037213201,Census Tract 2132.01,Los Angeles,Los Angeles County,California,LosAngeles,1634,185,51,47,0,14,0,14,15,26,0,14,19,30,17,27,287,134,23,37,23,37,8,12,19,28,194,131,20,33,962,177,184,98,103,67,92,69,67,68,484,171,32,37,334,98,23,36,4,6,12,21,74,74,177,95,44,37
2024,06037213202,Census Tract 2132.02,Los Angeles,Los Angeles County,California,LosAngeles,972,176,13,21,0,14,0,14,0,14,0,14,13,21,0,14,106,69,24,38,24,40,17,28,10,14,31,37,0,14,739,178,169,96,20,31,118,102,95,63,282,114,55,51,114,67,28,31,0,14,19,21,33,40,34,31,0,14
2024,06037213310,Census Tract 2133.10,Los Angeles,Los Angeles County,California,LosAngeles,855,138,14,24,0,14,0,14,0,14,0,14,14,24,0,14,180,103,0,14,25,39,36,33,45,71,42,44,32,47,499,139,116,83,104,104,49,44,0,14,212,104,18,29,162,94,0,14,37,45,0,14,0,14,64,62,61,68
2024,06037213320,Census Tract 2133.20,Los Angeles,Los Angeles County,California,LosAngeles,836,126,59,62,0,14,14,31,0,14,0,14,45,47,0,14,220,111,72,56,0,14,10,18,0,14,118,81,20,32,313,128,76,77,33,34,55,48,0,14,124,76,25,36,244,96,55,67,0,14,25,28,6,9,141,81,17,27
2024,06037213401,Census Tract 2134.01,Los Angeles,Los Angeles County,California,LosAngeles,1541,190,99,80,45,50,0,14,12,18,0,14,42,55,0,14,120,76,17,22,32,36,0,14,13,22,58,58,0,14,1034,211,197,139,134,77,158,77,143,94,385,123,17,26,288,106,15,19,64,44,24,41,36,53,117,90,32,45
2024,06037213402,Census Tract 2134.02,Los Angeles,Los Angeles County,California,LosAngeles,1705,263,40,51,0,14,0,14,0,14,0,14,40,51,0,14,485,174,75,69,32,50,0,14,132,79,246,143,0,14,902,294,191,97,123,78,24,39,14,22,539,268,11,19,278,94,17,19,27,27,43,42,36,30,155,82,0,14
2024,06037214000,Census Tract 2140,Los Angeles,Los Angeles County,California,LosAngeles,564,143,0,14,0,14,0,14,0,14,0,14,0,14,0,14,109,60,27,34,8,12,0,14,23,21,51,44,0,14,346,110,92,61,50,44,29,43,14,22,152,83,9,18,109,77,9,14,49,72,0,14,12,18,39,35,0,14
2024,06037214100,Census Tract 2141,Los Angeles,Los Angeles County,California,LosAngeles,1226,166,11,17,0,14,0,14,0,14,0,14,11,17,0,14,277,115,56,53,52,67,34,37,52,50,83,62,0,14,715,182,260,100,14,23,61,39,28,26,290,127,62,74,223,129,8,13,10,16,51,70,31,26,123,104,0,14
2024,06037214400,Census Tract 2144,Los Angeles,Los Angeles County,California,LosAngeles,1710,240,115,107,10,16,0,14,0,14,10,15,95,99,0,14,531,169,193,110,107,65,63,61,30,30,138,107,0,14,982,220,229,99,147,69,116,79,51,47,400,175,39,61,82,60,3,8,0,14,8,12,9,14,62,55,0,14
2024,06037214501,Census Tract 2145.01,Los Angeles,Los Angeles County,California,LosAngeles,1701,191,184,92,0,14,0,14,21,33,17,23,146,87,0,14,280,127,16,19,13,23,103,99,63,57,85,67,0,14,1069,221,191,154,132,94,145,133,116,103,470,148,15,25,168,75,21,24,14,16,0,14,7,12,126,76,0,14
2024,06037214503,Census Tract 2145.03,Los Angeles,Los Angeles County,California,LosAngeles,1615,114,94,82,0,14,0,14,0,14,0,14,30,36,64,72,436,113,87,50,63,55,38,28,101,63,147,77,0,14,802,108,150,75,88,46,135,53,34,32,339,109,56,48,283,92,56,45,0,14,0,14,3,6,196,76,28,35
2024,06037214504,Census Tract 2145.04,Los Angeles,Los Angeles County,California,LosAngeles,1656,156,52,50,0,14,0,14,15,23,8,12,29,44,0,14,635,151,167,86,46,38,110,79,0,14,265,115,47,69,827,196,314,117,21,34,92,72,86,71,261,154,53,67,142,86,22,27,0,14,0,14,0,14,120,82,0,14
2024,06037214505,Census Tract 2145.05,Los Angeles,Los Angeles County,California,LosAngeles,936,95,56,57,0,14,0,14,0,14,0,14,56,57,0,14,289,91,26,30,63,54,44,36,14,23,142,74,0,14,534,127,101,73,65,48,70,82,38,34,260,87,0,14,57,42,1,4,0,14,0,14,0,14,56,42,0,14
2024,06037214600,Census Tract 2146,Los Angeles,Los Angeles County,California,LosAngeles,1025,126,61,64,0,14,0,14,35,56,0,14,26,29,0,14,369,115,119,81,70,63,50,39,46,62,84,71,0,14,430,119,121,80,19,21,36,31,34,42,205,83,15,21,165,74,12,19,22,33,4,7,8,12,110,65,9,14
2024,06037214700,Census Tract 2147,Los Angeles,Los Angeles County,California,LosAngeles,770,127,66,60,0,14,0,14,14,25,0,14,52,52,0,14,181,76,0,14,59,70,8,14,56,43,39,35,19,27,439,105,69,62,53,43,35,35,8,12,270,98,4,7,84,43,0,14,21,25,0,14,0,14,54,33,9,14
2024,06037214800,Census Tract 2148,Los Angeles,Los Angeles County,California,LosAngeles,1249,205,0,14,0,14,0,14,0,14,0,14,0,14,0,14,444,141,99,70,75,58,14,24,12,18,226,113,18,27,548,156,126,68,137,79,47,42,85,107,153,83,0,14,257,172,19,24,10,16,10,17,24,27,181,173,13,20
2024,06037214902,Census Tract 2149.02,Los Angeles,Los Angeles County,California,LosAngeles,1231,209,27,24,0,14,0,14,0,14,0,14,27,24,0,14,540,184,162,128,59,44,24,30,152,118,118,66,25,28,509,146,66,44,17,18,52,38,23,37,224,132,127,20,155,63,8,13,0,14,8,12,0,14,132,58,7,12
2024,06037214903,Census Tract 2149.03,Los Angeles,Los Angeles County,California,LosAngeles,974,295,30,35,17,26,0,14,0,14,0,14,13,25,0,14,332,118,15,25,95,93,0,14,15,23,207,102,0,14,452,258,65,55,13,20,48,42,0,14,326,247,0,14,160,152,11,17,0,14,0,14,0,14,149,153,0,14
2024,06037214904,Census Tract 2149.04,Los Angeles,Los Angeles County,California,LosAngeles,710,152,21,27,0,14,0,14,0,14,0,14,12,19,9,18,440,137,59,70,98,58,111,96,30,33,142,101,0,14,188,91,59,42,51,49,11,17,22,28,45,52,0,14,61,46,11,17,0,14,0,14,0,14,40,38,10,18
2024,06037215101,Census Tract 2151.01,Los Angeles,Los Angeles County,California,LosAngeles,2001,212,158,115,0,14,66,98,11,18,0,14,81,64,0,14,760,171,199,119,36,30,78,62,106,83,293,139,48,66,971,185,332,111,109,59,46,38,179,97,296,137,9,14,112,73,0,14,8,13,9,15,0,14,95,69,0,14
2024,06037215102,Census Tract 2151.02,Los Angeles,Los Angeles County,California,LosAngeles,2122,230,80,71,0,14,35,57,0,14,0,14,29,34,16,26,622,222,183,139,43,37,169,85,55,54,172,126,0,14,1339,277,240,132,208,158,53,42,332,229,479,183,27,32,81,82,0,14,0,14,0,14,20,33,16,26,45,71
2024,06037216100,Census Tract 2161,Los Angeles,Los Angeles County,California,LosAngeles,408,124,0,14,0,14,0,14,0,14,0,14,0,14,0,14,68,57,39,52,0,14,0,14,2,8,13,20,14,22,321,113,52,45,46,47,30,36,29,47,164,96,0,14,19,27,0,14,0,14,12,21,0,14,7,13,0,14
2024,06037216201,Census Tract 2162.01,Los Angeles,Los Angeles County,California,LosAngeles,1131,197,101,82,0,14,34,53,0,14,0,14,67,58,0,14,325,152,88,68,92,106,12,19,0,14,133,105,0,14,593,192,120,69,55,46,27,27,36,39,288,167,67,76,112,69,23,25,0,14,0,14,0,14,80,64,9,16
2024,06037216202,Census Tract 2162.02,Los Angeles,Los Angeles County,California,LosAngeles,1156,184,52,47,0,14,0,14,0,14,0,14,52,47,0,14,148,84,65,64,0,14,10,16,33,37,40,37,0,14,931,197,247,152,131,82,68,52,12,18,454,163,19,30,25,32,12,20,0,14,0,14,0,14,13,22,0,14
2024,06037216301,Census Tract 2163.01,Los Angeles,Los Angeles County,California,LosAngeles,253,116,0,14,0,14,0,14,0,14,0,14,0,14,0,14,61,61,0,14,0,14,0,14,0,14,61,61,0,14,123,113,0,14,30,45,20,31,0,14,63,90,10,16,69,49,7,11,0,14,16,26,7,13,39,38,0,14
2024,06037216302,Census Tract 2163.02,Los Angeles,Los Angeles County,California,LosAngeles,1521,183,14,24,0,14,0,14,0,14,0,14,14,24,0,14,420,140,35,33,123,88,65,52,68,60,129,76,0,14,732,137,283,116,63,57,44,42,77,55,261,118,4,11,355,135,43,66,27,34,68,72,24,27,193,107,0,14
2024,06037216401,Census Tract 2164.01,Los Angeles,Los Angeles County,California,LosAngeles,1933,265,148,144,0,14,0,14,0,14,0,14,148,144,0,14,813,245,74,76,216,188,148,120,83,96,292,154,0,14,638,185,196,129,13,20,56,46,53,60,291,128,29,44,334,172,13,26,69,104,0,14,103,129,149,108,0,14
2024,06037216402,Census Tract 2164.02,Los Angeles,Los Angeles County,California,LosAngeles,1000,157,10,15,0,14,0,14,0,14,0,14,10,15,0,14,254,87,69,55,0,14,22,23,57,59,106,56,0,14,580,156,124,65,53,34,54,64,20,25,293,124,36,31,156,72,28,39,55,49,0,14,0,14,63,42,10,16
2024,06037216700,Census Tract 2167,Los Angeles,Los Angeles County,California,LosAngeles,987,168,142,109,48,76,0,14,0,14,0,14,94,78,0,14,275,108,65,59,54,36,46,38,0,14,110,74,0,14,476,142,79,55,23,34,87,80,5,8,263,116,19,22,94,54,1,8,0,14,0,14,10,16,83,53,0,14
2024,06037216800,Census Tract 2168,Los Angeles,Los Angeles County,California,LosAngeles,910,167,7,12,0,14,0,14,0,14,0,14,7,12,0,14,240,105,47,40,28,32,25,26,41,41,99,73,0,14,529,138,165,80,65,60,76,48,15,18,186,102,22,24,134,77,7,12,17,19,0,14,20,31,90,65,0,14
2024,06037216901,Census Tract 2169.01,Los Angeles,Los Angeles County,California,LosAngeles,693,194,0,14,0,14,0,14,0,14,0,14,0,14,0,14,264,120,56,51,0,14,19,28,29,42,160,95,0,14,405,194,114,125,18,29,4,10,0,14,192,123,77,106,24,29,11,21,0,14,0,14,0,14,13,21,0,14
2024,06037216902,Census Tract 2169.02,Los Angeles,Los Angeles County,California,LosAngeles,937,243,0,14,0,14,0,14,0,14,0,14,0,14,0,14,352,173,31,36,104,119,35,28,0,14,109,82,73,91,420,192,75,52,52,46,75,57,39,47,154,177,25,25,165,89,14,23,16,20,11,17,8,16,116,87,0,14
2024,06037217001,Census Tract 2170.01,Los Angeles,Los Angeles County,California,LosAngeles,723,141,19,22,0,14,0,14,0,14,0,14,19,22,0,14,123,63,56,42,19,29,41,41,0,14,7,10,0,14,409,138,72,60,45,36,58,44,107,107,111,69,16,26,172,97,20,27,0,14,0,14,0,14,152,94,0,14
2024,06037217002,Census Tract 2170.02,Los Angeles,Los Angeles County,California,LosAngeles,1823,279,208,168,18,28,24,34,0,14,144,156,22,37,0,14,590,239,58,61,106,91,160,142,31,52,235,142,0,14,693,242,102,87,183,175,52,67,100,92,237,160,19,29,332,162,10,16,5,8,0,14,55,76,262,164,0,14
2024,06037217101,Census Tract 2171.01,Los Angeles,Los Angeles County,California,LosAngeles,809,275,0,14,0,14,0,14,0,14,0,14,0,14,0,14,179,86,0,14,52,50,27,33,0,14,94,63,6,12,549,255,246,259,27,30,49,53,0,14,190,69,37,40,81,50,28,36,3,5,5,9,0,14,37,34,8,14
2024,06037217102,Census Tract 2171.02,Los Angeles,Los Angeles County,California,LosAngeles,931,125,61,75,0,14,0,14,0,14,0,14,61,75,0,14,265,74,52,37,23,26,32,31,20,25,138,70,0,14,462,134,97,55,88,84,25,42,36,41,188,111,28,28,143,77,62,60,7,11,0,14,0,14,74,78,0,14
2024,06037217200,Census Tract 2172,Los Angeles,Los Angeles County,California,LosAngeles,1233,262,0,14,0,14,0,14,0,14,0,14,0,14,0,14,310,113,36,43,98,68,27,32,38,48,111,91,0,14,631,160,155,56,77,76,107,80,10,17,253,111,29,33,292,176,36,44,12,19,0,14,118,185,105,77,21,24
2024,06037218110,Census Tract 2181.10,Los Angeles,Los Angeles County,California,LosAngeles,1024,209,25,39,0,14,0,14,0,14,25,39,0,14,0,14,198,103,0,14,0,14,11,17,0,14,187,102,0,14,663,188,172,107,23,25,109,54,43,41,273,122,43,46,138,68,0,14,17,26,0,14,21,27,68,46,32,49
2024,06037218120,Census Tract 2181.20,Los Angeles,Los Angeles County,California,LosAngeles,1125,253,117,92,52,61,0,14,0,14,36,53,29,44,0,14,330,224,129,105,11,22,137,184,0,14,53,51,0,14,537,110,128,77,43,50,59,55,48,54,222,102,37,38,141,82,0,14,0,14,2,8,9,14,113,75,17,18
2024,06037218210,Census Tract 2182.10,Los Angeles,Los Angeles County,California,LosAngeles,1095,183,67,67,0,14,0,14,27,40,12,20,10,15,18,32,314,102,140,72,36,38,16,27,14,21,108,78,0,14,605,174,145,84,14,20,42,43,125,115,279,130,0,14,109,89,3,5,33,33,52,84,8,13,13,17,0,14
2024,06037218220,Census Tract 2182.20,Los Angeles,Los Angeles County,California,LosAngeles,974,203,43,57,0,14,0,14,0,14,0,14,43,57,0,14,272,116,22,24,12,19,34,53,18,27,171,100,15,24,530,192,220,140,43,49,63,72,19,24,185,103,0,14,129,62,0,14,0,14,20,23,12,18,97,55,0,14
2024,06037218300,Census Tract 2183,Los Angeles,Los Angeles County,California,LosAngeles,1689,423,71,100,0,14,0,14,0,14,0,14,71,100,0,14,697,386,83,74,244,310,0,14,82,121,288,196,0,14,803,213,224,123,72,65,139,122,58,73,283,163,27,37,118,82,0,14,18,32,37,46,0,14,28,40,35,42
2024,06037218400,Census Tract 2184,Los Angeles,Los Angeles County,California,LosAngeles,943,154,47,67,0,14,0,14,47,67,0,14,0,14,0,14,433,128,188,79,58,57,0,14,42,62,135,90,10,16,434,150,59,41,57,64,0,14,28,33,280,123,10,17,29,30,7,14,0,14,0,14,0,14,15,24,7,11
2024,06037218500,Census Tract 2185,Los Angeles,Los Angeles County,California,LosAngeles,721,136,29,28,15,24,0,14,0,14,0,14,6,9,8,12,204,58,47,42,22,21,27,25,0,14,103,43,5,7,377,118,76,43,18,17,32,26,82,60,169,107,0,14,111,66,30,44,0,14,0,14,0,14,74,44,7,11
2024,06037218600,Census Tract 2186,Los Angeles,Los Angeles County,California,LosAngeles,664,161,21,32,0,14,0,14,0,14,7,14,14,27,0,14,243,141,45,48,13,20,0,14,0,14,185,143,0,14,351,96,114,58,28,27,12,21,4,16,141,76,52,68,49,34,15,23,0,14,11,18,7,13,16,23,0,14
2024,06037218701,Census Tract 2187.01,Los Angeles,Los Angeles County,California,LosAngeles,432,106,36,48,0,14,0,14,0,14,0,14,30,47,6,10,84,56,20,26,0,14,20,30,0,14,44,48,0,14,297,94,32,35,13,18,10,15,10,17,190,90,42,45,15,18,0,14,0,14,0,14,0,14,15,18,0,14
2024,06037218702,Census Tract 2187.02,Los Angeles,Los Angeles County,California,LosAngeles,655,111,35,30,22,25,0,14,0,14,5,7,8,14,0,14,210,96,13,14,27,35,30,28,53,49,68,57,19,30,362,93,63,46,26,19,29,36,50,43,134,60,60,70,48,28,6,9,0,14,0,14,16,16,26,25,0,14
2024,06037218800,Census Tract 2188,Los Angeles,Los Angeles County,California,LosAngeles,696,147,0,14,0,14,0,14,0,14,0,14,0,14,0,14,89,49,7,11,16,17,0,14,19,20,47,39,0,14,326,72,39,33,15,21,38,29,29,22,199,78,6,9,281,138,0,14,0,14,14,22,18,18,241,138,8,12
2024,06037218900,Census Tract 2189,Los Angeles,Los Angeles County,California,LosAngeles,1855,274,113,130,24,38,0,19,0,19,0,19,0,19,89,128,638,254,158,126,5,8,109,176,68,86,298,171,0,19,937,233,135,108,120,132,45,63,57,45,554,216,26,43,167,151,22,33,92,138,9,17,0,19,44,51,0,19
2024,06037219010,Census Tract 2190.10,Los Angeles,Los Angeles County,California,LosAngeles,529,101,0,14,0,14,0,14,0,14,0,14,0,14,0,14,156,72,13,16,0,14,0,14,14,26,129,68,0,14,305,101,71,61,18,20,91,60,54,44,71,39,0,14,68,42,0,14,11,17,0,14,0,14,49,35,8,14
2024,06037219020,Census Tract 2190.20,Los Angeles,Los Angeles County,California,LosAngeles,584,154,47,52,0,14,0,14,0,14,0,14,32,48,15,22,148,101,40,39,0,14,0,14,41,66,36,52,31,49,311,122,13,20,84,78,26,28,44,67,144,82,0,14,78,69,3,5,0,14,0,14,0,14,59,65,16,24
2024,06037219300,Census Tract 2193,Los Angeles,Los Angeles County,California,LosAngeles,1082,200,0,14,0,14,0,14,0,14,0,14,0,14,0,14,272,161,89,126,0,14,20,34,21,34,142,87,0,14,691,167,106,77,88,51,95,101,17,20,385,124,0,14,119,60,8,12,23,36,0,14,33,37,55,33,0,14
2024,06037219500,Census Tract 2195,Los Angeles,Los Angeles County,California,LosAngeles,278,102,0,14,0,14,0,14,0,14,0,14,0,14,0,14,63,49,6,9,6,9,0,14,45,50,6,10,0,14,183,94,50,63,56,55,7,10,0,14,24,20,46,48,32,37,1,3,25,37,0,14,0,14,6,9,0,14
2024,06037219700,Census Tract 2197,Los Angeles,Los Angeles County,California,LosAngeles,724,190,46,54,0,14,0,14,0,14,0,14,46,54,0,14,149,83,42,38,0,14,20,24,18,30,69,64,0,14,404,134,71,65,76,93,60,53,21,32,159,91,17,19,125,81,38,57,23,27,8,12,13,21,30,40,13,20
2024,06037219800,Census Tract 2198,Los Angeles,Los Angeles County,California,LosAngeles,695,131,6,9,0,14,0,14,0,14,0,14,6,9,0,14,137,85,39,40,11,17,31,44,34,53,16,18,6,9,444,104,138,64,80,69,62,56,19,23,145,87,0,14,108,50,14,21,0,14,51,39,0,14,34,28,9,16
2024,06037219901,Census Tract 2199.01,Los Angeles,Los Angeles County,California,LosAngeles,1282,244,17,28,17,28,0,14,0,14,0,14,0,14,0,14,577,247,57,42,9,14,63,79,131,103,317,216,0,14,582,144,147,82,11,24,8,12,82,62,256,106,78,66,106,89,9,21,0,14,0,14,0,14,97,87,0,14
2024,06037219902,Census Tract 2199.02,Los Angeles,Los Angeles County,California,LosAngeles,1105,184,45,52,0,14,22,36,0,14,0,14,23,39,0,14,685,203,113,74,46,47,0,14,29,50,417,205,80,127,340,158,143,121,47,52,41,43,54,62,35,39,20,32,35,47,14,28,0,14,0,14,0,14,21,33,0,14
2024,06037220000,Census Tract 2200,Los Angeles,Los Angeles County,California,LosAngeles,1445,427,44,73,0,19,0,19,0,19,44,73,0,19,0,19,486,383,74,81,0,19,0,19,56,68,356,370,0,19,437,185,116,127,39,63,20,31,66,107,179,118,17,31,478,149,118,123,71,65,0,19,20,32,269,154,0,19
2024,06037220100,Census Tract 2201,Los Angeles,Los Angeles County,California,LosAngeles,621,137,0,14,0,14,0,14,0,14,0,14,0,14,0,14,72,67,32,48,0,14,0,14,0,14,6,11,34,43,366,146,124,87,0,14,39,47,0,14,134,83,69,92,183,91,26,37,0,14,33,28,7,11,117,79,0,14
2024,06037221110,Census Tract 2211.10,Los Angeles,Los Angeles County,California,LosAngeles,984,166,48,52,28,42,0,14,0,14,0,14,20,32,0,14,65,55,22,35,0,14,0,14,9,13,34,34,0,14,685,207,217,123,23,38,199,145,20,29,207,112,19,30,186,80,36,40,0,14,0,14,7,11,143,68,0,14
2024,06037221120,Census Tract 2211.20,Los Angeles,Los Angeles County,California,LosAngeles,691,79,25,24,25,24,0,14,0,14,0,14,0,14,0,14,140,66,29,31,51,49,7,11,0,14,53,35,0,14,424,90,68,54,78,46,11,18,59,41,208,58,0,14,102,50,0,14,18,26,5,8,13,17,63,39,3,6
2024,06037221210,Census Tract 2212.10,Los Angeles,Los Angeles County,California,LosAngeles,675,124,11,16,0,14,0,14,0,14,0,14,11,16,0,14,172,76,73,46,0,14,23,24,19,27,57,59,0,14,345,118,32,32,24,24,82,61,58,49,136,77,13,21,147,68,37,29,22,30,0,14,0,14,77,57,11,17
2024,06037221220,Census Tract 2212.20,Los Angeles,Los Angeles County,California,LosAngeles,809,97,51,45,0,14,23,30,0,14,8,13,20,33,0,14,159,77,16,27,42,37,14,24,0,14,87,55,0,14,382,111,94,61,15,23,65,49,42,46,103,58,63,63,217,86,12,19,8,12,10,15,0,14,187,82,0,14
2024,06037221302,Census Tract 2213.02,Los Angeles,Los Angeles County,California,LosAngeles,1086,197,22,28,0,14,0,14,10,18,0,14,12,22,0,14,173,111,10,15,0,14,85,103,53,68,25,25,0,14,707,229,16,21,110,83,61,75,0,14,498,232,22,25,184,89,39,42,8,14,9,15,3,5,104,75,21,32
2024,06037221303,Census Tract 2213.03,Los Angeles,Los Angeles County,California,LosAngeles,631,89,27,25,6,8,0,14,0,14,0,14,8,11,13,21,105,60,17,27,16,25,0,14,19,30,39,34,14,20,393,110,112,60,17,28,33,30,14,22,206,93,11,17,106,49,13,21,13,22,40,30,0,14,31,34,9,14
2024,06037221304,Census Tract 2213.04,Los Angeles,Los Angeles County,California,LosAngeles,1003,112,63,51,5,13,0,14,0,14,0,14,58,51,0,14,173,105,0,14,10,15,0,14,33,54,104,86,26,39,596,110,129,72,65,52,73,62,97,71,219,92,13,22,171,67,59,52,0,14,12,19,11,18,89,60,0,14
2024,06037221401,Census Tract 2214.01,Los Angeles,Los Angeles County,California,LosAngeles,1120,193,6,10,0,14,0,14,0,14,0,14,0,14,6,10,212,128,6,12,15,25,17,25,17,16,157,115,0,14,586,141,24,35,58,66,76,70,113,105,270,88,45,53,316,118,107,88,23,38,6,10,68,54,99,75,13,20
2024,06037221402,Census Tract 2214.02,Los Angeles,Los Angeles County,California,LosAngeles,830,122,48,40,1,10,0,14,0,14,4,9,43,36,0,14,74,48,42,37,12,13,0,14,0,14,20,22,0,14,450,135,125,75,57,50,11,11,22,23,213,116,22,25,258,66,20,23,8,12,61,46,50,49,99,53,20,22
2024,06037221500,Census Tract 2215,Los Angeles,Los Angeles County,California,LosAngeles,1019,112,58,54,0,14,32,38,0,14,0,14,26,40,0,14,160,96,33,44,0,14,33,52,35,51,59,58,0,14,534,126,104,70,81,64,110,76,44,52,172,79,23,26,267,92,20,17,26,32,62,56,13,22,146,75,0,14
2024,06037221601,Census Tract 2216.01,Los Angeles,Los Angeles County,California,LosAngeles,699,140,74,85,0,14,0,14,0,14,0,14,74,85,0,14,63,36,28,25,0,14,0,14,10,15,25,23,0,14,489,146,86,56,128,98,10,15,22,34,211,109,32,41,73,47,14,22,11,17,0,14,9,15,20,20,19,22
2024,06037221602,Census Tract 2216.02,Los Angeles,Los Angeles County,California,LosAngeles,689,113,38,41,26,40,0,14,6,9,0,14,6,8,0,14,79,47,45,42,0,14,13,22,4,9,17,19,0,14,388,114,133,77,7,10,27,29,58,48,163,78,0,14,184,59,28,28,0,14,15,18,42,36,99,43,0,14
2024,06037221710,Census Tract 2217.10,Los Angeles,Los Angeles County,California,LosAngeles,692,126,151,72,0,14,0,14,5,8,23,26,115,73,8,11,125,55,7,10,38,35,20,22,0,14,54,33,6,9,264,89,73,69,19,20,12,19,37,29,109,47,14,22,152,61,2,3,19,30,40,40,26,26,65,46,0,14
2024,06037221810,Census Tract 2218.10,Los Angeles,Los Angeles County,California,LosAngeles,883,116,212,85,0,14,0,14,0,14,21,20,173,78,18,31,245,81,27,29,19,23,20,25,13,17,149,76,17,27,316,91,33,32,15,25,83,53,20,22,91,41,74,64,110,46,14,15,10,17,13,21,0,14,73,46,0,14
2024,06037221820,Census Tract 2218.20,Los Angeles,Los Angeles County,California,LosAngeles,909,152,451,108,8,14,0,14,0,14,36,59,332,96,75,54,269,110,22,27,35,43,0,14,0,14,166,81,46,46,159,113,4,10,25,20,20,23,10,16,100,102,0,14,30,34,3,4,0,14,0,14,0,14,25,34,2,9
2024,06037221900,Census Tract 2219,Los Angeles,Los Angeles County,California,LosAngeles,932,132,305,84,28,33,0,14,0,14,15,24,247,87,15,17,268,116,47,63,8,27,46,50,33,41,112,88,22,27,134,52,82,33,7,12,0,14,0,14,45,36,0,14,225,55,68,53,0,14,13,22,99,64,36,31,9,13
2024,06037222001,Census Tract 2220.01,Los Angeles,Los Angeles County,California,LosAngeles,466,125,0,14,0,14,0,14,0,14,0,14,0,14,0,14,128,80,29,46,52,75,0,14,0,14,47,37,0,14,270,96,22,19,12,19,27,32,19,29,158,90,32,31,68,46,33,32,0,14,0,14,0,14,35,35,0,14
2024,06037222002,Census Tract 2220.02,Los Angeles,Los Angeles County,California,LosAngeles,889,194,66,100,0,14,0,14,0,14,0,14,66,100,0,14,230,109,46,53,24,36,50,58,27,45,38,45,45,56,497,159,132,84,38,43,31,37,14,22,247,135,35,56,96,65,0,14,0,14,9,14,25,41,26,24,36,47
2024,06037222100,Census Tract 2221,Los Angeles,Los Angeles County,California,LosAngeles,948,178,89,78,0,14,0,14,0,14,41,65,31,36,17,29,135,90,20,32,0,14,0,14,0,14,107,84,8,13,695,180,78,74,45,67,88,73,82,113,331,164,71,94,29,31,0,14,0,14,0,14,0,14,17,20,12,23
2024,06037222200,Census Tract 2222,Los Angeles,Los Angeles County,California,LosAngeles,950,159,99,91,0,14,0,14,0,14,0,14,99,91,0,14,171,107,89,73,0,14,0,14,0,14,82,81,0,14,590,169,179,103,33,50,45,53,39,63,236,136,58,93,90,63,9,14,0,14,0,14,0,14,64,55,17,25
2024,06037222500,Census Tract 2225,Los Angeles,Los Angeles County,California,LosAngeles,953,169,0,14,0,14,0,14,0,14,0,14,0,14,0,14,191,104,0,14,34,37,62,72,0,14,95,68,0,14,661,152,58,45,204,118,71,71,75,85,215,88,38,41,101,69,16,24,0,14,29,33,8,16,48,56,0,14
2024,06037222600,Census Tract 2226,Los Angeles,Los Angeles County,California,LosAngeles,1376,168,527,113,22,25,13,20,0,14,34,58,349,108,109,77,248,108,0,14,63,58,13,23,36,54,91,69,45,59,420,158,148,115,49,55,94,71,0,14,73,56,56,55,181,98,61,49,0,14,0,14,0,14,120,84,0,14
2024,06037222700,Census Tract 2227,Los Angeles,Los Angeles County,California,LosAngeles,170,46,141,45,0,14,6,10,7,10,22,24,92,44,14,21,7,10,7,10,0,14,0,14,0,14,0,14,0,14,22,24,16,23,0,14,0,14,0,14,6,8,0,14,0,14,0,14,0,14,0,14,0,14,0,14,0,14
2024,06037224010,Census Tract 2240.10,Los Angeles,Los Angeles County,California,LosAngeles,1804,188,252,143,100,112,0,14,0,14,54,67,31,44,67,71,619,198,33,42,63,66,10,15,76,77,336,165,101,88,581,155,117,82,98,81,43,41,22,26,283,123,18,28,352,108,124,87,14,22,44,67,71,60,99,84,0,14
2024,06037224020,Census Tract 2240.20,Los Angeles,Los Angeles County,California,LosAngeles,1025,107,164,75,0,14,12,21,0,14,0,14,152,77,0,14,169,75,0,14,28,35,0,14,28,31,46,42,67,58,667,133,41,42,119,87,43,50,128,80,336,117,0,14,25,26,10,13,0,14,0,14,0,14,15,23,0,14
2024,06037224200,Census Tract 2242,Los Angeles,Los Angeles County,California,LosAngeles,656,153,42,41,0,14,0,14,0,14,0,14,26,32,16,25,101,49,4,7,38,29,0,14,27,31,32,31,0,14,436,156,159,73,30,27,36,58,60,47,151,127,0,14,77,49,0,14,25,28,0,14,18,26,18,19,16,25
2024,06037224310,Census Tract 2243.10,Los Angeles,Los Angeles County,California,LosAngeles,512,71,26,28,0,14,0,14,0,14,0,14,26,28,0,14,82,46,0,14,32,37,0,14,20,25,22,19,8,12,359,84,120,69,33,37,55,42,35,34,98,56,18,30,45,38,0,14,0,14,26,25,0,14,19,31,0,14
2024,06037224320,Census Tract 2243.20,Los Angeles,Los Angeles County,California,LosAngeles,1097,189,5,11,0,14,0,14,0,14,5,11,0,14,0,14,268,113,37,47,52,57,0,14,0,14,124,93,55,53,586,191,21,23,104,98,72,52,6,12,334,181,49,44,238,133,58,48,0,14,24,36,0,14,156,133,0,14
2024,06037224410,Census Tract 2244.10,Los Angeles,Los Angeles County,California,LosAngeles,845,172,175,71,0,14,17,20,15,25,0,14,121,57,22,26,288,142,15,25,27,31,0,14,75,113,137,94,34,31,233,99,50,47,0,14,45,55,13,24,116,60,9,16,149,68,70,70,0,14,0,14,47,47,32,33,0,14
2024,06037224420,Census Tract 2244.20,Los Angeles,Los Angeles County,California,LosAngeles,858,168,14,22,0,14,0,14,0,14,0,14,14,22,0,14,48,31,11,18,13,18,0,14,0,14,24,19,0,14,575,157,114,49,73,43,27,27,50,42,259,144,52,48,221,123,0,14,15,24,43,38,75,100,80,46,8,12
2024,06037224600,Census Tract 2246,Los Angeles,Los Angeles County,California,LosAngeles,696,85,17,24,0,14,0,14,0,14,0,14,17,24,0,14,134,62,23,28,13,19,0,14,38,43,60,40,0,14,442,99,76,39,32,34,61,49,63,34,194,85,16,18,103,57,19,22,13,14,0,14,21,33,50,37,0,14
2024,06037224701,Census Tract 2247.01,Los Angeles,Los Angeles County,California,LosAngeles,476,64,211,67,5,9,0,14,6,10,0,14,179,71,21,28,168,60,43,35,12,14,0,14,7,12,78,48,28,34,80,49,0,14,36,40,15,2,14,22,15,13,0,14,17,15,12,13,0,14,0,14,0,14,0,14,5,9
2024,06037224702,Census Tract 2247.02,Los Angeles,Los Angeles County,California,LosAngeles,777,139,650,135,21,24,0,14,0,14,7,12,448,131,174,100,71,49,0,14,0,14,13,19,0,14,51,46,7,10,43,33,34,30,0,14,0,14,0,14,9,14,0,14,13,12,0,14,0,14,6,11,7,11,0,14,0,14
2024,06037226001,Census Tract 2260.01,Los Angeles,Los Angeles County,California,LosAngeles,538,103,28,32,0,14,0,14,0,14,0,14,28,32,0,14,143,82,0,14,14,23,0,14,21,31,92,68,16,28,336,86,76,46,7,11,0,14,62,59,174,68,17,25,31,33,0,14,0,14,0,14,0,14,31,33,0,14
2024,06037226002,Census Tract 2260.02,Los Angeles,Los Angeles County,California,LosAngeles,1079,132,195,122,20,21,0,14,0,14,64,78,58,55,53,82,259,115,33,30,27,25,29,40,19,23,151,98,0,14,539,155,57,44,68,72,102,95,8,13,294,133,10,16,86,71,21,29,0,14,0,14,0,14,65,68,0,14
2024,06037226410,Census Tract 2264.10,Los Angeles,Los Angeles County,California,LosAngeles,756,82,0,14,0,14,0,14,0,14,0,14,0,14,0,14,85,46,6,8,18,23,11,18,0,14,50,38,0,14,543,88,135,64,55,40,64,46,44,30,237,82,8,12,128,60,37,29,0,14,46,44,18,26,27,30,0,14
2024,06037226420,Census Tract 2264.20,Los Angeles,Los Angeles County,California,LosAngeles,1028,172,8,13,0,14,0,14,0,14,0,14,8,13,0,14,109,66,18,29,0,14,21,32,21,35,49,45,0,14,672,144,184,83,15,23,39,43,76,56,358,131,0,14,239,101,0,14,0,14,8,13,34,35,190,101,7,11
2024,06037226701,Census Tract 2267.01,Los Angeles,Los Angeles County,California,LosAngeles,388,98,0,14,0,14,0,14,0,14,0,14,0,14,0,14,49,41,0,14,0,14,11,17,0,14,11,22,27,31,321,102,23,32,33,36,61,60,0,14,204,81,0,14,18,22,0,14,0,14,0,14,0,14,15,21,3,6
2024,06037226702,Census Tract 2267.02,Los Angeles,Los Angeles County,California,LosAngeles,527,101,0,14,0,14,0,14,0,14,0,14,0,14,0,14,144,69,22,24,31,46,15,22,13,18,46,54,17,28,342,71,100,57,49,44,0,14,68,43,125,67,0,14,41,67,41,67,0,14,0,14,0,14,0,14,0,14
2024,06037227010,Census Tract 2270.10,Los Angeles,Los Angeles County,California,LosAngeles,877,235,0,14,0,14,0,14,0,14,0,14,0,14,0,14,127,81,6,21,32,41,0,14,32,42,57,58,0,14,718,235,142,92,37,42,175,198,76,65,288,140,0,14,32,42,32,42,0,14,0,14,0,14,0,14,0,14
2024,06037227020,Census Tract 2270.20,Los Angeles,Los Angeles County,California,LosAngeles,464,125,7,11,0,14,0,14,0,14,7,11,0,14,0,14,185,105,59,44,1,14,0,14,5,16,120,93,0,14,261,70,54,40,13,22,16,23,16,24,162,72,0,14,11,15,0,14,0,14,0,14,0,14,11,15,0,14
2024,06037228100,Census Tract 2281,Los Angeles,Los Angeles County,California,LosAngeles,760,149,61,93,0,14,0,14,0,14,0,14,61,93,0,14,77,68,39,54,0,14,18,28,0,14,20,39,0,14,529,118,130,93,12,19,73,81,72,82,191,102,51,76,93,77,0,14,31,47,0,14,0,14,62,67,0,14
2024,06037228210,Census Tract 2282.10,Los Angeles,Los Angeles County,California,LosAngeles,716,114,0,14,0,14,0,14,0,14,0,14,0,14,0,14,120,65,17,24,0,14,0,14,7,12,96,54,0,14,474,118,77,40,10,15,21,34,142,96,215,81,9,13,122,49,7,13,5,8,0,14,8,11,102,48,0,14
2024,06037228220,Census Tract 2282.20,Los Angeles,Los Angeles County,California,LosAngeles,752,114,38,35,12,17,0,14,0,14,0,14,26,29,0,14,79,45,17,18,20,23,0,14,0,14,21,26,21,30,516,125,103,79,37,37,45,44,15,22,304,85,12,17,119,53,7,10,0,14,22,33,53,45,37,34,0,14
2024,06037228310,Census Tract 2283.10,Los Angeles,Los Angeles County,California,LosAngeles,843,126,13,18,0,14,0,14,0,14,0,14,13,18,0,14,98,71,0,14,28,47,0,14,21,33,49,47,0,14,673,125,177,95,52,53,0,14,37,37,376,127,31,48,59,55,20,31,0,14,0,14,22,34,0,14,17,27
2024,06037228320,Census Tract 2283.20,Los Angeles,Los Angeles County,California,LosAngeles,592,133,7,11,7,11,0,14,0,14,0,14,0,14,0,14,41,47,23,37,11,24,0,14,0,14,7,12,0,14,468,134,30,28,34,32,104,45,28,40,272,112,0,14,76,48,0,14,32,48,0,14,0,14,44,54,0,14
2024,06037228410,Census Tract 2284.10,Los Angeles,Los Angeles County,California,LosAngeles,569,110,4,7,4,7,0,14,0,14,0,14,0,14,0,14,78,49,28,26,8,12,0,14,0,14,32,35,10,16,415,111,93,56,11,16,84,47,9,15,218,112,0,14,72,42,28,29,0,14,0,14,8,12,36,29,0,14
2024,06037228420,Census Tract 2284.20,Los Angeles,Los Angeles County,California,LosAngeles,525,77,6,10,0,14,0,14,6,10,0,14,0,14,0,14,91,48,13,18,0,14,23,24,14,23,31,30,10,15,395,81,125,55,28,30,22,33,32,34,188,64,0,14,33,35,0,14,16,21,0,14,0,14,17,26,0,14
2024,06037228500,Census Tract 2285,Los Angeles,Los Angeles County,California,LosAngeles,875,151,45,55,0,14,0,14,0,14,0,14,45,55,0,14,64,53,0,14,0,14,10,18,0,14,44,52,10,21,661,166,94,73,51,42,35,43,49,49,395,162,37,48,105,68,42,40,0,14,26,47,0,14,25,37,12,24
2024,06037228600,Census Tract 2286,Los Angeles,Los Angeles County,California,LosAngeles,776,166,0,14,0,14,0,14,0,14,0,14,0,14,0,14,71,53,0,14,0,14,0,14,0,14,71,53,0,14,518,135,154,91,0,14,22,28,14,23,307,106,21,35,187,140,21,31,0,14,82,133,29,45,55,52,0,14
2024,06037228710,Census Tract 2287.10,Los Angeles,Los Angeles County,California,LosAngeles,577,132,53,59,0,14,0,14,35,52,0,14,18,26,0,14,148,94,37,43,34,53,0,14,10,14,67,70,0,14,297,108,24,38,22,32,14,20,35,43,202,112,0,14,79,58,0,14,0,14,8,13,0,14,71,57,0,14
2024,06037228720,Census Tract 2287.20,Los Angeles,Los Angeles County,California,LosAngeles,809,153,35,34,0,14,0,14,0,14,0,14,35,34,0,14,126,71,20,23,27,42,0,14,0,14,69,58,10,17,530,171,172,131,73,49,33,39,29,31,223,89,0,14,118,68,58,59,0,14,0,14,0,14,44,36,16,25
2024,06037228800,Census Tract 2288,Los Angeles,Los Angeles County,California,LosAngeles,873,168,21,34,0,19,0,19,21,34,0,19,0,19,0,19,70,80,22,38,0,19,0,19,0,19,48,71,0,19,691,188,184,102,0,19,38,41,57,46,412,146,0,19,91,68,7,11,0,19,22,34,35,53,27,30,0,19
2024,06037228900,Census Tract 2289,Los Angeles,Los Angeles County,California,LosAngeles,860,109,0,14,0,14,0,14,0,14,0,14,0,14,0,14,202,112,24,36,8,13,35,57,42,57,93,89,0,14,431,113,88,70,37,48,75,67,38,41,185,78,8,13,227,107,28,31,29,35,10,17,24,35,88,77,48,70
2024,06037229100,Census Tract 2291,Los Angeles,Los Angeles County,California,LosAngeles,684,85,18,27,0,14,0,14,0,14,0,14,18,27,0,14,141,72,5,7,34,36,16,27,30,37,46,44,10,16,500,96,71,51,41,37,38,43,47,43,297,84,6,9,25,25,9,11,0,14,16,24,0,14,0,14,0,14
2024,06037229200,Census Tract 2292,Los Angeles,Los Angeles County,California,LosAngeles,975,144,17,29,0,14,0,14,0,14,17,29,0,14,0,14,65,57,0,14,0,14,0,14,0,14,65,57,0,14,680,186,9,17,39,49,65,101,117,104,441,145,9,13,213,133,41,55,24,30,59,69,22,35,67,84,0,14
2024,06037229300,Census Tract 2293,Los Angeles,Los Angeles County,California,LosAngeles,1096,194,44,51,0,19,0,19,28,37,0,19,16,31,0,19,167,105,11,18,22,38,25,40,30,40,79,70,0,19,830,209,96,92,102,106,130,94,47,49,437,171,18,30,55,49,19,35,0,19,0,19,0,19,36,38,0,19
2024,06037229410,Census Tract 2294.10,Los Angeles,Los Angeles County,California,LosAngeles,665,139,19,25,19,25,0,14,0,14,0,14,0,14,0,14,164,107,26,29,6,10,6,13,12,17,114,111,0,14,439,94,61,39,25,29,19,31,25,22,309,100,0,14,43,34,14,19,4,11,0,14,0,14,25,26,0,14
2024,06037229420,Census Tract 2294.20,Los Angeles,Los Angeles County,California,LosAngeles,801,104,53,55,0,14,0,14,0,14,0,14,53,55,0,14,172,95,25,36,0,14,0,14,19,32,106,66,22,29,552,125,103,73,32,41,158,108,43,48,192,94,24,35,24,32,14,28,0,14,0,14,0,14,10,16,0,14
2024,06037231100,Census Tract 2311,Los Angeles,Los Angeles County,California,LosAngeles,576,111,24,34,0,14,0,14,0,14,0,14,5,8,19,32,145,74,16,20,59,59,5,8,20,25,38,30,7,10,321,86,63,55,30,32,84,64,16,26,115,64,13,15,86,62,21,28,0,14,0,14,0,14,65,58,0,14
2024,06037231210,Census Tract 2312.10,Los Angeles,Los Angeles County,California,LosAngeles,1123,153,180,91,0,14,19,29,0,14,20,28,124,75,17,27,159,93,66,55,10,16,57,63,0,14,26,41,0,14,609,153,124,80,37,38,33,38,40,45,375,156,0,14,175,113,7,12,35,55,0,14,25,39,108,94,0,14
2024,06037231220,Census Tract 2312.20,Los Angeles,Los Angeles County,California,LosAngeles,1273,235,71,58,0,14,22,35,0,14,0,14,49,48,0,14,193,98,54,61,17,26,8,13,21,33,87,85,6,10,675,210,63,44,59,46,18,28,155,128,372,163,8,14,334,123,64,68,68,76,57,53,45,51,100,69,0,14
2024,06037231301,Census Tract 2313.01,Los Angeles,Los Angeles County,California,LosAngeles,517,58,24,29,0,14,0,14,0,14,0,14,24,29,0,14,33,32,0,14,0,14,5,8,5,8,23,29,0,14,393,66,68,44,64,47,19,25,31,30,199,76,12,18,67,45,0,14,0,14,5,10,0,14,62,44,0,14
2024,06037231302,Census Tract 2313.02,Los Angeles,Los Angeles County,California,LosAngeles,451,158,0,14,0,14,0,14,0,14,0,14,0,14,0,14,87,62,26,39,20,34,0,14,6,9,35,39,0,14,316,154,6,10,78,94,24,38,0,14,208,124,0,14,48,39,0,14,0,14,0,14,23,34,25,20,0,14
2024,06037231400,Census Tract 2314,Los Angeles,Los Angeles County,California,LosAngeles,930,210,35,38,0,14,0,14,0,14,35,38,0,14,0,14,83,77,0,14,0,14,0,14,31,46,52,62,0,14,633,210,55,46,33,44,97,87,104,94,332,173,12,19,179,93,12,19,40,64,0,14,45,70,68,50,14,21
2024,06037231500,Census Tract 2315,Los Angeles,Los Angeles County,California,LosAngeles,571,163,16,25,0,19,0,19,16,25,0,19,0,19,0,19,45,51,34,50,0,19,11,18,0,19,0,19,0,19,476,164,73,77,65,98,28,45,47,73,232,126,31,46,34,32,0,19,18,28,0,19,0,19,16,18,0,19
2024,06037231601,Census Tract 2316.01,Los Angeles,Los Angeles County,California,LosAngeles,476,178,16,23,0,14,0,14,16,23,0,14,0,14,0,14,27,30,0,14,0,14,0,14,0,14,27,30,0,14,378,177,180,174,30,46,26,42,0,14,124,65,18,27,55,43,0,14,14,20,0,14,16,25,25,29,0,14
2024,06037231602,Census Tract 2316.02,Los Angeles,Los Angeles County,California,LosAngeles,362,58,16,27,0,14,16,27,0,14,0,14,0,14,0,14,27,32,0,14,0,14,0,14,0,14,16,27,11,17,250,68,19,20,39,35,22,33,54,40,116,56,0,14,69,42,0,14,0,14,14,21,0,14,47,41,8,12
2024,06037231603,Census Tract 2316.03,Los Angeles,Los Angeles County,California,LosAngeles,671,139,0,14,0,14,0,14,0,14,0,14,0,14,0,14,222,138,73,55,15,22,0,14,22,29,91,114,21,33,294,74,79,48,0,14,23,28,22,34,170,71,0,14,155,63,34,27,16,24,35,41,25,39,28,36,17,28
2024,06037231710,Census Tract 2317.10,Los Angeles,Los Angeles County,California,LosAngeles,1091,193,0,14,0,14,0,14,0,14,0,14,0,14,0,14,232,107,19,30,16,24,43,70,0,14,104,68,50,53,650,187,145,131,160,93,31,38,104,82,199,87,11,19,209,104,14,23,0,14,33,54,19,31,143,67,0,14
2024,06037231720,Census Tract 2317.20,Los Angeles,Los Angeles County,California,LosAngeles,1276,194,13,21,0,19,0,19,0,19,13,21,0,19,0,19,214,89,26,40,29,35,42,34,24,39,93,67,0,19,647,134,108,72,27,42,60,59,54,61,355,142,43,60,402,218,31,37,30,38,10,17,11,17,171,89,149,195
2024,06037231800,Census Tract 2318,Los Angeles,Los Angeles County,California,LosAngeles,1100,184,0,14,0,14,0,14,0,14,0,14,0,14,0,14,142,71,20,31,21,35,0,14,0,14,85,51,16,24,895,190,123,90,29,36,130,80,90,65,483,144,40,32,63,46,0,14,14,22,0,14,0,14,49,43,0,14
2024,06037231901,Census Tract 2319.01,Los Angeles,Los Angeles County,California,LosAngeles,459,148,0,14,0,14,0,14,0,14,0,14,0,14,0,14,71,57,0,14,0,14,22,30,0,14,49,46,0,14,315,158,40,36,113,137,57,60,25,38,80,52,0,14,73,47,0,14,11,17,40,45,0,14,22,23,0,14
2024,06037231902,Census Tract 2319.02,Los Angeles,Los Angeles County,California,LosAngeles,576,88,42,47,0,14,0,14,26,42,16,25,0,14,0,14,127,76,19,28,4,16,0,14,23,37,81,51,0,14,348,115,23,27,66,48,56,42,29,36,165,91,9,14,59,48,0,14,11,20,0,14,0,14,23,35,25,25
2024,06037232110,Census Tract 2321.10,Los Angeles,Los Angeles County,California,LosAngeles,604,85,30,35,0,14,0,14,0,14,22,30,8,12,0,14,85,54,17,25,21,25,15,27,0,14,32,30,0,14,468,92,24,24,23,21,110,63,51,47,241,71,19,20,21,29,0,14,0,14,0,14,0,14,21,29,0,14
2024,06037232120,Census Tract 2321.20,Los Angeles,Los Angeles County,California,LosAngeles,1247,232,23,34,0,19,0,19,0,19,0,19,23,34,0,19,251,123,72,67,29,46,0,19,54,54,65,57,31,45,898,241,159,90,195,196,39,46,115,84,374,155,16,28,75,53,0,19,0,19,3,11,0,19,72,56,0,19
2024,06037232200,Census Tract 2322,Los Angeles,Los Angeles County,California,LosAngeles,560,124,14,22,0,14,14,22,0,14,0,14,0,14,0,14,123,71,29,30,20,31,19,33,5,8,50,52,0,14,304,92,51,62,35,31,45,52,49,42,91,54,33,32,119,92,5,8,0,14,65,92,0,14,13,22,36,36
2024,06037232300,Census Tract 2323,Los Angeles,Los Angeles County,California,LosAngeles,705,181,10,16,0,14,0,14,0,14,0,14,10,16,0,14,178,128,70,73,0,14,0,14,0,14,50,54,58,95,419,148,125,105,0,14,99,88,29,50,114,82,52,62,98,77,9,14,0,14,0,14,0,14,89,76,0,14
2024,06037232401,Census Tract 2324.01,Los Angeles,Los Angeles County,California,LosAngeles,605,130,62,55,0,14,0,14,0,14,28,42,34,37,0,14,106,54,0,14,0,14,0,14,0,14,106,54,0,14,388,135,69,81,33,39,20,28,0,14,256,105,10,16,49,38,0,14,0,14,19,24,0,14,30,27,0,14
2024,06037232402,Census Tract 2324.02,Los Angeles,Los Angeles County,California,LosAngeles,456,119,0,14,0,14,0,14,0,14,0,14,0,14,0,14,52,58,0,14,35,52,0,14,0,14,17,26,0,14,313,116,115,79,16,25,38,36,0,14,106,72,38,41,91,53,33,33,20,26,7,11,25,40,6,10,0,14
2024,06037232500,Census Tract 2325,Los Angeles,Los Angeles County,California,LosAngeles,954,153,32,51,0,14,0,14,0,14,32,51,0,14,0,14,118,69,0,14,0,14,0,14,51,41,67,55,0,14,593,163,117,99,68,97,12,21,51,70,330,127,15,24,211,96,18,23,0,14,18,20,77,55,98,72,0,14
2024,06037232601,Census Tract 2326.01,Los Angeles,Los Angeles County,California,LosAngeles,396,94,13,18,0,14,0,14,13,18,0,14,0,14,0,14,54,34,23,27,0,14,12,20,0,14,19,35,0,14,319,100,79,66,29,46,16,17,8,13,161,89,26,40,10,19,0,14,0,14,0,14,0,14,10,19,0,14
2024,06037232602,Census Tract 2326.02,Los Angeles,Los Angeles County,California,LosAngeles,795,172,72,91,0,19,0,19,72,91,0,19,0,19,0,19,44,41,0,19,29,34,0,19,0,19,15,27,0,19,588,185,115,94,58,41,6,11,11,20,360,127,38,46,91,101,0,19,91,101,0,19,0,19,0,19,0,19
2024,06037232701,Census Tract 2327.01,Los Angeles,Los Angeles County,California,LosAngeles,316,62,16,25,0,14,13,23,0,14,0,14,3,7,0,14,44,42,31,35,0,14,0,14,0,14,13,22,0,14,198,59,65,54,32,33,12,18,0,14,89,49,0,14,58,43,0,14,0,14,9,19,0,14,26,29,23,26
2024,06037232702,Census Tract 2327.02,Los Angeles,Los Angeles County,California,LosAngeles,629,143,0,14,0,14,0,14,0,14,0,14,0,14,0,14,64,55,7,15,0,14,0,14,0,14,57,52,0,14,442,135,88,82,42,58,16,19,50,44,224,117,22,35,123,74,20,31,8,12,0,14,12,20,73,67,10,18
2024,06037232800,Census Tract 2328,Los Angeles,Los Angeles County,California,LosAngeles,599,115,0,14,0,14,0,14,0,14,0,14,0,14,0,14,119,64,56,50,0,14,7,10,0,14,56,46,0,14,398,113,65,53,43,40,26,36,42,38,213,82,9,14,82,60,10,17,0,14,26,39,0,14,46,46,0,14
2024,06037234001,Census Tract 2340.01,Los Angeles,Los Angeles County,California,LosAngeles,348,120,0,14,0,14,0,14,0,14,0,14,0,14,0,14,62,68,41,64,0,14,0,14,0,14,12,14,9,14,202,103,6,9,70,73,45,56,8,12,53,44,20,29,84,74,5,9,0,14,20,30,0,14,18,29,41,58
2024,06037234002,Census Tract 2340.02,Los Angeles,Los Angeles County,California,LosAngeles,646,129,7,11,0,14,0,14,0,14,0,14,7,11,0,14,91,64,0,14,9,14,0,14,0,14,82,68,0,14,432,129,117,82,48,38,16,19,0,14,243,114,8,12,116,63,7,10,6,11,52,59,9,14,42,38,0,14
2024,06037234200,Census Tract 2342,Los Angeles,Los Angeles County,California,LosAngeles,365,128,0,14,0,14,0,14,0,14,0,14,0,14,0,14,77,68,0,14,0,14,29,46,0,14,48,57,0,14,231,106,27,35,19,34,38,57,0,14,109,67,38,58,57,61,0,14,0,14,0,14,0,14,57,61,0,14
2024,06037234301,Census Tract 2343.01,Los Angeles,Los Angeles County,California,LosAngeles,825,101,40,64,0,14,0,14,0,14,0,14,40,64,0,14,143,90,0,14,13,21,0,14,27,34,24,28,79,78,429,79,68,86,0,14,3,11,46,76,312,130,0,14,213,36,13,14,8,11,0,14,59,48,97,42,36,37
2024,06037234302,Census Tract 2343.02,Los Angeles,Los Angeles County,California,LosAngeles,1146,215,0,14,0,14,0,14,0,14,0,14,0,14,0,14,164,89,21,36,14,22,0,14,20,32,109,69,0,14,695,232,195,102,98,89,4,10,71,94,257,136,70,115,287,97,36,45,32,44,7,13,8,16,204,112,0,14
2024,06037234501,Census Tract 2345.01,Los Angeles,Los Angeles County,California,LosAngeles,368,141,0,14,0,14,0,14,0,14,0,14,0,14,0,14,74,99,0,14,0,14,0,14,0,14,74,99,0,14,255,114,69,68,42,45,14,17,0,14,130,81,0,14,39,35,18,30,8,12,0,14,0,14,13,14,0,14
2024,06037234502,Census Tract 2345.02,Los Angeles,Los Angeles County,California,LosAngeles,690,167,0,14,0,14,0,14,0,14,0,14,0,14,0,14,136,87,0,14,6,20,21,34,0,14,109,88,0,14,279,134,78,59,9,15,43,51,9,16,140,125,0,14,275,90,34,36,0,14,10,15,20,24,194,87,17,29
2024,06037234600,Census Tract 2346,Los Angeles,Los Angeles County,California,LosAngeles,540,169,15,24,0,14,15,24,0,14,0,14,0,14,0,14,59,57,0,14,0,14,0,14,0,14,50,55,9,15,398,165,34,40,37,41,6,11,20,33,301,157,0,14,68,51,0,14,0,14,28,32,0,14,40,42,0,14
2024,06037234700,Census Tract 2347,Los Angeles,Los Angeles County,California,LosAngeles,493,159,27,41,0,14,0,14,0,14,0,14,27,41,0,14,164,117,0,14,18,35,22,37,40,64,84,96,0,14,223,112,53,84,35,41,0,14,0,14,90,66,45,55,79,46,8,12,18,23,0,14,12,18,33,34,8,13
2024,06037234800,Census Tract 2348,Los Angeles,Los Angeles County,California,LosAngeles,442,158,0,14,0,14,0,14,0,14,0,14,0,14,0,14,126,112,0,14,0,14,91,110,0,14,35,36,0,14,250,108,17,29,0,14,29,45,10,16,185,91,9,15,66,64,50,67,0,14,0,14,7,13,9,15,0,14
2024,06037234901,Census Tract 2349.01,Los Angeles,Los Angeles County,California,LosAngeles,1089,295,45,66,0,14,0,14,37,60,0,14,8,24,0,14,264,120,97,99,27,43,79,96,61,73,0,14,0,14,572,271,173,176,0,14,134,211,8,14,249,111,8,13,208,123,7,11,25,37,0,14,0,14,148,108,28,41
2024,06037234902,Census Tract 2349.02,Los Angeles,Los Angeles County,California,LosAngeles,1908,459,60,68,3,6,0,14,36,56,21,33,0,14,0,14,142,93,74,77,1,15,35,50,19,28,0,14,13,21,1196,435,53,61,10,20,47,47,148,110,908,439,30,49,510,232,15,19,0,14,76,103,55,52,364,207,0,14
2024,06037235100,Census Tract 2351,Los Angeles,Los Angeles County,California,LosAngeles,467,129,13,23,0,14,0,14,0,14,0,14,0,14,13,23,70,67,42,59,0,14,18,30,0,14,10,16,0,14,291,109,82,69,57,59,21,24,11,17,107,87,13,21,93,57,0,14,0,14,0,14,0,14,76,49,17,24
2024,06037235201,Census Tract 2352.01,Los Angeles,Los Angeles County,California,LosAngeles,291,82,30,33,15,24,0,14,15,22,0,14,0,14,0,14,10,16,0,14,0,14,0,14,0,14,10,16,0,14,192,76,4,8,14,15,0,14,0,14,174,74,0,14,59,38,11,14,0,14,0,14,0,14,48,41,0,14
2024,06037235202,Census Tract 2352.02,Los Angeles,Los Angeles County,California,LosAngeles,1083,168,39,47,0,14,0,14,0,14,25,42,14,23,0,14,157,79,38,44,0,14,0,14,48,54,52,54,19,32,509,159,14,22,0,14,32,52,37,46,390,167,36,38,378,118,35,42,37,36,35,57,14,22,209,74,48,53
2024,06037236001,Census Tract 2360.01,Los Angeles,Los Angeles County,California,LosAngeles,387,149,0,14,0,14,0,14,0,14,0,14,0,14,0,14,39,57,39,57,0,14,0,14,0,14,0,14,0,14,212,107,33,36,0,14,26,32,18,32,135,85,0,14,136,117,0,14,0,14,74,107,0,14,52,49,10,15
2024,06037236101,Census Tract 2361.01,Los Angeles,Los Angeles County,California,LosAngeles,920,244,0,14,0,14,0,14,0,14,0,14,0,14,0,14,99,70,0,14,0,14,8,13,13,20,78,67,0,14,337,133,28,45,0,14,17,20,32,37,253,117,7,12,484,230,55,56,14,23,96,65,0,14,289,211,30,49
2024,06037236102,Census Tract 2361.02,Los Angeles,Los Angeles County,California,LosAngeles,1513,403,0,14,0,14,0,14,0,14,0,14,0,14,0,14,295,303,15,25,38,56,21,34,0,14,221,313,0,14,888,292,237,159,44,57,91,59,0,14,516,270,0,14,330,152,122,99,0,14,61,74,29,42,109,109,9,14
2024,06037236203,Census Tract 2362.03,Los Angeles,Los Angeles County,California,LosAngeles,1357,192,22,29,0,14,8,14,0,14,0,14,14,24,0,14,263,130,25,28,30,36,0,14,12,20,196,122,0,14,735,175,98,63,0,14,24,38,93,71,464,159,56,67,337,88,74,75,27,31,48,46,11,21,177,88,0,14
2024,06037236204,Census Tract 2362.04,Los Angeles,Los Angeles County,California,LosAngeles,1262,143,57,45,29,41,0,14,0,14,11,17,17,25,0,14,222,125,27,43,13,21,9,15,51,56,122,114,0,14,772,155,119,77,84,91,130,68,71,53,347,124,21,34,211,84,0,14,0,14,0,14,0,14,192,84,19,30
2024,06037236205,Census Tract 2362.05,Los Angeles,Los Angeles County,California,LosAngeles,1149,148,0,14,0,14,0,14,0,14,0,14,0,14,0,14,378,151,95,89,40,60,0,14,0,14,243,154,0,14,544,148,59,65,102,80,50,42,9,21,255,125,69,67,227,77,40,43,0,14,74,73,16,28,97,73,0,14
2024,06037236206,Census Tract 2362.06,Los Angeles,Los Angeles County,California,LosAngeles,1275,293,0,14,0,14,0,14,0,14,0,14,0,14,0,14,170,93,0,14,78,55,40,60,12,20,40,48,0,14,703,246,81,59,172,189,94,75,70,87,246,125,40,61,402,192,63,61,13,21,39,45,15,24,256,178,16,26
2024,06037236400,Census Tract 2364,Los Angeles,Los Angeles County,California,LosAngeles,969,190,22,36,0,14,0,14,0,14,0,14,22,36,0,14,202,136,0,14,0,14,27,41,51,81,124,93,0,14,626,180,252,139,94,84,100,109,10,16,161,101,9,16,119,65,35,34,0,14,2,4,0,14,82,53,0,14
2024,06037237101,Census Tract 2371.01,Los Angeles,Los Angeles County,California,LosAngeles,664,98,29,37,21,34,0,14,0,14,0,14,8,13,0,14,39,44,18,29,0,14,0,14,0,14,21,33,0,14,395,111,15,23,11,17,39,44,26,42,274,111,30,49,201,96,104,77,40,45,0,14,0,14,57,51,0,14
2024,06037237102,Census Tract 2371.02,Los Angeles,Los Angeles County,California,LosAngeles,744,127,0,14,0,14,0,14,0,14,0,14,0,14,0,14,145,62,0,14,13,21,30,35,8,14,82,56,12,19,522,135,37,37,49,44,78,48,10,14,269,137,79,51,77,37,14,16,0,14,21,23,0,14,22,20,20,22
2024,06037237201,Census Tract 2372.01,Los Angeles,Los Angeles County,California,LosAngeles,563,140,15,22,0,14,0,14,0,14,15,22,0,14,0,14,96,59,0,14,32,35,0,14,16,24,26,37,22,35,422,123,84,48,67,57,56,60,34,29,161,89,20,24,30,31,0,14,0,14,0,14,0,14,30,31,0,14
2024,06037237202,Census Tract 2372.02,Los Angeles,Los Angeles County,California,LosAngeles,662,174,0,14,0,14,0,14,0,14,0,14,0,14,0,14,90,72,0,14,0,14,0,14,30,49,60,58,0,14,439,172,27,40,0,14,19,31,0,14,382,160,11,18,133,91,0,14,0,14,0,14,10,16,123,89,0,14
2024,06037237300,Census Tract 2373,Los Angeles,Los Angeles County,California,LosAngeles,807,197,0,19,0,19,0,19,0,19,0,19,0,19,0,19,171,115,63,69,29,46,12,19,12,19,48,64,7,11,440,158,71,70,0,19,54,61,48,55,171,102,96,94,196,110,13,19,0,19,0,19,0,19,183,109,0,19
2024,06037237401,Census Tract 2374.01,Los Angeles,Los Angeles County,California,LosAngeles,344,89,19,27,19,27,0,14,0,14,0,14,0,14,0,14,97,71,0,14,6,12,0,14,0,14,84,56,7,14,168,74,42,40,36,53,0,14,6,10,84,60,0,14,60,39,10,24,0,14,0,14,7,15,43,39,0,14
2024,06037237402,Census Tract 2374.02,Los Angeles,Los Angeles County,California,LosAngeles,363,118,0,14,0,14,0,14,0,14,0,14,0,14,0,14,56,59,0,14,0,14,0,14,0,14,56,59,0,14,180,102,35,43,36,59,42,52,0,14,67,68,0,14,127,62,0,14,0,14,0,14,0,14,127,62,0,14
2024,06037237500,Census Tract 2375,Los Angeles,Los Angeles County,California,LosAngeles,615,91,9,15,0,14,0,14,0,14,0,14,9,15,0,14,90,57,6,9,0,14,0,14,25,34,52,42,7,10,389,97,54,48,76,46,15,21,16,26,224,72,4,8,127,63,0,14,8,14,9,12,21,26,72,48,17,21
2024,06037237600,Census Tract 2376,Los Angeles,Los Angeles County,California,LosAngeles,941,134,0,14,0,14,0,14,0,14,0,14,0,14,0,14,141,70,0,14,80,64,16,26,0,14,45,50,0,14,560,145,72,83,0,14,57,62,102,93,311,117,18,28,240,86,69,47,21,34,39,37,49,48,62,45,0,14
2024,06037237710,Census Tract 2377.10,Los Angeles,Los Angeles County,California,LosAngeles,791,160,38,49,0,14,11,18,0,14,0,14,27,45,0,14,154,105,39,53,32,48,0,14,0,14,61,70,22,28,512,146,73,52,18,27,12,20,111,93,272,107,26,40,87,80,0,14,0,14,0,14,0,14,47,60,40,48
2024,06037237720,Census Tract 2377.20,Los Angeles,Los Angeles County,California,LosAngeles,804,154,47,36,0,14,30,30,0,14,0,14,17,28,0,14,276,127,29,33,49,42,0,14,0,14,198,114,0,14,387,107,64,40,31,27,6,15,100,59,186,92,0,14,94,51,0,14,8,13,0,14,9,14,49,44,28,42
2024,06037237800,Census Tract 2378,Los Angeles,Los Angeles County,California,LosAngeles,363,133,15,26,0,14,0,14,0,14,15,26,0,14,0,14,85,95,0,14,0,14,32,48,36,57,17,29,0,14,263,108,30,48,31,50,0,14,17,20,185,92,0,14,0,14,0,14,0,14,0,14,0,14,0,14,0,14
2024,06037237900,Census Tract 2379,Los Angeles,Los Angeles County,California,LosAngeles,356,155,17,26,0,14,0,14,17,26,0,14,0,14,0,14,141,119,0,14,0,14,0,14,0,14,141,119,0,14,146,100,0,14,0,14,68,75,0,14,33,37,45,70,52,62,0,14,37,58,0,14,0,14,15,20,0,14
2024,06037238000,Census Tract 2380,Los Angeles,Los Angeles County,California,LosAngeles,818,363,22,31,7,12,0,19,0,19,0,19,15,30,0,19,32,43,0,19,0,19,0,19,0,19,32,43,0,19,616,362,82,104,41,52,17,52,0,19,476,348,0,19,148,99,0,19,13,27,21,34,15,24,99,81,0,19
2024,06037238100,Census Tract 2381,Los Angeles,Los Angeles County,California,LosAngeles,1238,517,0,14,0,14,0,14,0,14,0,14,0,14,0,14,330,281,193,265,0,14,45,72,0,14,82,75,10,19,691,373,176,135,0,14,13,26,38,60,383,339,81,76,217,138,0,14,62,99,11,17,0,14,144,77,0,14
2024,06037238200,Census Tract 2382,Los Angeles,Los Angeles County,California,LosAngeles,1538,311,28,50,0,19,0,19,0,19,0,19,28,50,0,19,65,80,0,19,0,19,0,19,0,19,65,80,0,19,853,297,253,209,145,127,35,39,0,19,420,175,0,19,592,253,34,55,47,56,83,87,72,90,356,221,0,19
2024,06037238310,Census Tract 2383.10,Los Angeles,Los Angeles County,California,LosAngeles,1176,148,35,38,0,19,0,19,0,19,0,19,35,38,0,19,289,130,122,102,0,19,25,40,0,19,142,86,0,19,727,163,138,88,90,46,24,33,43,39,418,135,14,21,125,63,15,22,0,19,0,19,0,19,110,61,0,19
2024,06037238320,Census Tract 2383.20,Los Angeles,Los Angeles County,California,LosAngeles,982,138,75,60,0,14,0,14,0,14,0,14,63,52,12,22,256,119,62,62,0,14,19,30,6,11,169,102,0,14,576,118,40,44,124,75,42,44,23,27,300,128,47,52,75,54,26,37,15,23,0,14,0,14,34,29,0,14
2024,06037238400,Census Tract 2384,Los Angeles,Los Angeles County,California,LosAngeles,582,158,0,14,0,14,0,14,0,14,0,14,0,14,0,14,42,67,0,14,0,14,0,14,0,14,42,67,0,14,308,128,68,78,10,15,0,14,36,55,145,99,49,67,232,99,20,21,0,14,31,48,0,14,162,79,19,22
2024,06037239201,Census Tract 2392.01,Los Angeles,Los Angeles County,California,LosAngeles,590,92,6,10,0,14,0,14,0,14,0,14,6,10,0,14,152,68,72,55,0,14,22,27,0,14,58,48,0,14,372,113,38,35,26,32,12,15,53,43,224,100,19,26,60,44,21,26,0,14,0,14,0,14,39,37,0,14
2024,06037239202,Census Tract 2392.02,Los Angeles,Los Angeles County,California,LosAngeles,947,191,49,55,49,55,0,19,0,19,0,19,0,19,0,19,262,116,82,88,33,52,29,48,24,39,64,66,30,50,576,211,152,123,0,19,139,117,26,46,253,89,6,10,60,61,0,19,0,19,0,19,0,19,43,51,17,31
2024,06037239310,Census Tract 2393.10,Los Angeles,Los Angeles County,California,LosAngeles,771,165,41,46,22,33,19,29,0,14,0,14,0,14,0,14,114,87,0,14,0,14,0,14,0,14,114,87,0,14,550,176,50,62,117,84,115,91,59,58,162,116,47,56,66,52,8,15,0,14,0,14,0,14,58,51,0,14
2024,06037239320,Census Tract 2393.20,Los Angeles,Los Angeles County,California,LosAngeles,517,90,11,16,0,14,0,14,0,14,0,14,11,16,0,14,65,50,17,20,0,14,29,34,0,14,19,29,0,14,416,96,43,40,33,31,32,29,13,19,257,74,38,48,25,23,0,14,0,14,0,14,0,14,14,15,11,18
2024,06037239330,Census Tract 2393.30,Los Angeles,Los Angeles County,California,LosAngeles,543,108,37,35,18,28,0,14,0,14,0,14,19,22,0,14,128,96,0,14,85,88,15,24,0,14,28,31,0,14,324,81,109,64,44,36,46,34,10,18,115,57,0,14,54,29,26,26,0,14,0,14,25,26,3,13,0,14
2024,06037239501,Census Tract 2395.01,Los Angeles,Los Angeles County,California,LosAngeles,712,109,11,18,11,18,0,14,0,14,0,14,0,14,0,14,140,71,0,14,12,19,11,17,4,6,69,65,44,69,471,115,46,42,58,57,26,30,82,81,233,90,26,28,90,56,20,23,12,17,13,20,0,14,37,41,8,11
2024,06037239502,Census Tract 2395.02,Los Angeles,Los Angeles County,California,LosAngeles,475,122,20,21,0,14,0,14,0,14,0,14,20,21,0,14,61,61,6,10,0,14,0,14,8,13,47,60,0,14,349,94,15,24,53,37,69,60,11,18,192,77,9,15,45,56,0,14,0,14,0,14,34,55,11,16,0,14
2024,06037239601,Census Tract 2396.01,Los Angeles,Los Angeles County,California,LosAngeles,690,93,0,14,0,14,0,14,0,14,0,14,0,14,0,14,186,76,24,32,6,9,16,26,22,34,118,68,0,14,421,110,94,55,58,50,39,37,47,48,139,61,44,50,83,52,19,22,35,43,0,14,0,14,18,29,11,17
2024,06037239602,Census Tract 2396.02,Los Angeles,Los Angeles County,California,LosAngeles,698,106,0,14,0,14,0,14,0,14,0,14,0,14,0,14,99,61,25,37,0,14,0,14,0,14,62,46,12,18,494,94,90,55,53,34,68,44,34,35,249,87,0,14,105,77,0,14,20,26,18,24,0,14,67,67,0,14
2024,06037239701,Census Tract 2397.01,Los Angeles,Los Angeles County,California,LosAngeles,725,192,0,14,0,14,0,14,0,14,0,14,0,14,0,14,84,85,13,30,0,14,0,14,0,14,16,28,55,85,585,196,33,52,16,35,101,103,21,32,371,184,43,68,56,48,0,14,0,14,0,14,0,14,34,34,22,35
2024,06037239702,Census Tract 2397.02,Los Angeles,Los Angeles County,California,LosAngeles,823,146,28,32,12,19,0,14,0,14,0,14,16,25,0,14,76,44,0,14,0,14,23,40,6,10,47,43,0,14,668,147,89,67,116,98,99,98,75,73,289,114,0,14,51,51,0,14,0,14,15,25,0,14,36,45,0,14
2024,06037239801,Census Tract 2398.01,Los Angeles,Los Angeles County,California,LosAngeles,581,110,43,40,14,23,0,14,0,14,19,29,10,18,0,14,140,78,37,32,13,20,0,14,11,16,79,63,0,14,355,90,57,38,36,33,9,14,7,10,197,82,49,30,43,31,0,14,10,12,0,14,0,14,33,35,0,14
2024,06037239802,Census Tract 2398.02,Los Angeles,Los Angeles County,California,LosAngeles,1052,126,82,76,19,31,19,31,0,19,0,19,44,50,0,19,79,61,9,24,0,19,21,34,0,19,49,46,0,19,751,127,108,71,17,26,45,54,44,40,464,134,73,68,140,72,40,45,0,19,11,19,5,10,84,71,0,19
2024,06037240010,Census Tract 2400.10,Los Angeles,Los Angeles County,California,LosAngeles,880,88,43,34,0,14,0,14,23,36,0,14,20,19,0,14,103,69,25,30,0,14,21,32,0,14,57,53,0,14,677,96,74,41,61,56,81,55,0,14,438,114,23,36,57,32,0,14,0,14,14,23,11,13,32,23,0,14
2024,06037240020,Census Tract 2400.20,Los Angeles,Los Angeles County,California,LosAngeles,764,159,41,46,0,19,0,19,0,19,0,19,41,46,0,19,60,55,0,19,14,24,0,19,0,19,46,52,0,19,533,165,22,35,31,49,98,94,0,19,369,149,13,20,130,78,0,19,32,30,0,19,5,10,83,81,10,15
2024,06037240200,Census Tract 2402,Los Angeles,Los Angeles County,California,LosAngeles,943,159,13,24,0,19,0,19,0,19,0,19,13,24,0,19,181,81,7,11,16,25,26,40,37,45,95,58,0,19,683,165,131,97,17,30,72,69,16,29,358,119,89,73,66,59,0,19,0,19,0,19,0,19,66,59,0,19
2024,06037240301,Census Tract 2403.01,Los Angeles,Los Angeles County,California,LosAngeles,655,191,0,14,0,14,0,14,0,14,0,14,0,14,0,14,120,65,0,14,28,32,37,42,12,21,43,42,0,14,488,186,129,80,125,147,13,16,0,14,221,88,0,14,47,33,0,14,8,12,0,14,15,16,24,24,0,14
2024,06037240302,Census Tract 2403.02,Los Angeles,Los Angeles County,California,LosAngeles,425,139,20,36,0,14,0,14,0,14,0,14,20,36,0,14,32,32,0,14,0,14,2,11,13,19,17,23,0,14,318,118,70,53,0,14,14,22,18,27,216,111,0,14,55,39,12,18,0,14,0,14,7,11,36,33,0,14
2024,06037240401,Census Tract 2404.01,Los Angeles,Los Angeles County,California,LosAngeles,1188,220,11,16,0,19,0,19,11,16,0,19,0,19,0,19,183,116,44,37,0,19,0,19,46,52,93,86,0,19,751,188,29,46,87,67,36,43,59,55,540,178,0,19,243,166,0,19,26,41,23,38,0,19,105,77,89,142
2024,06037240402,Census Tract 2404.02,Los Angeles,Los Angeles County,California,LosAngeles,521,153,0,14,0,14,0,14,0,14,0,14,0,14,0,14,69,61,0,14,10,16,0,14,0,14,32,47,27,43,345,169,5,30,9,14,4,21,26,42,234,142,67,76,107,68,30,48,0,14,17,20,12,19,48,45,0,14
2024,06037240500,Census Tract 2405,Los Angeles,Los Angeles County,California,LosAngeles,1255,201,121,94,0,19,65,89,17,28,0,19,0,19,39,44,182,104,77,71,15,23,0,19,0,19,69,71,21,36,715,205,73,46,26,42,76,81,142,144,398,135,0,19,237,98,0,19,35,48,13,24,0,19,189,92,0,19
2024,06037240600,Census Tract 2406,Los Angeles,Los Angeles County,California,LosAngeles,764,159,33,49,0,14,0,14,0,14,0,14,33,49,0,14,222,112,0,14,0,14,26,21,26,32,146,90,24,38,399,112,98,56,21,34,28,33,17,29,235,105,0,14,110,64,0,14,64,47,19,31,0,14,11,20,16,27
2024,06037240700,Census Tract 2407,Los Angeles,Los Angeles County,California,LosAngeles,753,182,27,44,0,19,27,44,0,19,0,19,0,19,0,19,149,95,0,19,35,52,0,19,0,19,114,80,0,19,459,182,88,71,10,16,41,50,17,29,303,154,0,19,118,92,0,19,16,26,0,19,0,19,102,88,0,19
2024,06037240800,Census Tract 2408,Los Angeles,Los Angeles County,California,LosAngeles,566,147,0,14,0,14,0,14,0,14,0,14,0,14,0,14,164,83,0,14,32,45,19,34,40,60,70,68,3,9,402,147,50,54,23,33,40,44,9,22,259,132,21,31,0,14,0,14,0,14,0,14,0,14,0,14,0,14
2024,06037240901,Census Tract 2409.01,Los Angeles,Los Angeles County,California,LosAngeles,211,70,0,14,0,14,0,14,0,14,0,14,0,14,0,14,34,28,8,13,5,10,16,24,0,14,5,10,0,14,130,57,0,14,6,9,13,19,14,22,97,53,0,14,47,44,6,10,0,14,0,14,0,14,26,33,15,23
2024,06037240902,Census Tract 2409.02,Los Angeles,Los Angeles County,California,LosAngeles,464,95,0,14,0,14,0,14,0,14,0,14,0,14,0,14,67,64,22,26,34,54,0,14,0,14,11,18,0,14,331,75,31,43,36,37,10,16,0,14,176,85,78,52,66,56,8,13,0,14,0,14,8,12,50,58,0,14
2024,06037241001,Census Tract 2410.01,Los Angeles,Los Angeles County,California,LosAngeles,574,140,10,16,0,19,0,19,0,19,0,19,10,16,0,19,178,102,87,76,47,55,28,45,0,19,16,20,0,19,358,142,143,94,43,54,70,77,0,19,102,84,0,19,28,43,27,43,0,19,0,19,0,19,1,2,0,19
2024,06037241002,Census Tract 2410.02,Los Angeles,Los Angeles County,California,LosAngeles,673,125,0,14,0,14,0,14,0,14,0,14,0,14,0,14,142,83,21,32,0,14,0,14,0,14,121,78,0,14,446,125,103,68,46,44,9,15,12,21,262,110,14,18,85,60,1,4,0,14,0,14,19,32,32,40,33,37
2024,06037241110,Census Tract 2411.10,Los Angeles,Los Angeles County,California,LosAngeles,540,120,28,30,9,14,0,14,0,14,0,14,19,28,0,14,116,58,6,9,0,14,27,26,13,22,70,49,0,14,331,98,28,33,56,46,14,15,24,27,200,90,9,15,65,45,13,21,13,19,0,14,0,14,39,37,0,14
2024,06037241120,Census Tract 2411.20,Los Angeles,Los Angeles County,California,LosAngeles,1039,220,0,14,0,14,0,14,0,14,0,14,0,14,0,14,136,78,0,14,18,32,0,14,34,40,84,68,0,14,638,146,54,53,33,50,97,82,21,23,433,157,0,14,265,215,35,48,0,14,26,42,0,14,204,207,0,14
2024,06037241201,Census Tract 2412.01,Los Angeles,Los Angeles County,California,LosAngeles,392,81,17,27,0,14,0,14,0,14,0,14,17,27,0,14,56,39,0,14,0,14,0,14,8,12,48,39,0,14,309,91,49,36,14,24,0,14,43,66,203,71,0,14,10,12,0,14,0,14,0,14,0,14,0,14,10,12
2024,06037241202,Census Tract 2412.02,Los Angeles,Los Angeles County,California,LosAngeles,1023,251,43,49,0,19,0,19,0,19,18,31,25,39,0,19,294,216,39,41,35,60,0,19,0,19,220,205,0,19,517,136,12,20,54,53,74,53,20,33,317,136,40,47,169,149,0,19,22,34,0,19,0,19,112,141,35,44
2024,06037241300,Census Tract 2413,Los Angeles,Los Angeles County,California,LosAngeles,382,79,41,43,0,14,0,14,0,14,0,14,41,43,0,14,11,15,0,14,0,14,0,14,11,15,0,14,0,14,256,81,38,38,36,31,14,23,42,33,126,56,0,14,74,48,0,14,0,14,0,14,21,33,53,39,0,14
2024,06037241400,Census Tract 2414,Los Angeles,Los Angeles County,California,LosAngeles,529,93,0,14,0,14,0,14,0,14,0,14,0,14,0,14,34,34,28,33,0,14,0,14,0,14,6,9,0,14,438,101,107,66,25,34,0,14,0,14,256,90,50,34,57,42,18,20,0,14,0,14,0,14,39,37,0,14
2024,06037242000,Census Tract 2420,Los Angeles,Los Angeles County,California,LosAngeles,871,158,0,14,0,14,0,14,0,14,0,14,0,14,0,14,107,91,0,14,0,14,0,14,0,14,107,91,0,14,568,140,74,73,101,70,18,22,64,67,281,124,30,31,196,82,52,55,16,26,17,24,54,46,47,41,10,16
2024,06037242100,Census Tract 2421,Los Angeles,Los Angeles County,California,LosAngeles,700,145,19,23,8,12,0,14,0,14,0,14,11,19,0,14,97,48,17,23,16,24,0,14,0,14,64,45,0,14,481,135,73,45,58,90,69,53,44,39,209,97,28,45,103,46,0,14,29,32,16,25,0,14,58,43,0,14
2024,06037242201,Census Tract 2422.01,Los Angeles,Los Angeles County,California,LosAngeles,614,157,45,71,0,14,0,14,45,71,0,14,0,14,0,14,149,92,108,93,13,22,7,12,0,14,21,32,0,14,270,89,51,49,37,44,0,14,0,14,152,77,30,35,150,118,0,14,26,41,0,14,13,22,111,110,0,14
2024,06037242202,Census Tract 2422.02,Los Angeles,Los Angeles County,California,LosAngeles,579,95,0,14,0,14,0,14,0,14,0,14,0,14,0,14,92,48,15,24,15,15,0,14,22,24,40,38,0,14,353,110,36,42,21,34,7,13,18,21,244,110,27,29,134,60,26,27,0,14,6,9,8,12,94,63,0,14
2024,06037242300,Census Tract 2423,Los Angeles,Los Angeles County,California,LosAngeles,905,194,102,82,0,14,0,14,0,14,0,14,102,82,0,14,185,110,35,55,14,22,37,59,0,14,99,82,0,14,444,140,48,66,89,84,0,14,26,39,272,94,9,16,174,130,77,99,24,41,49,67,24,30,0,14,0,14
2024,06037242600,Census Tract 2426,Los Angeles,Los Angeles County,California,LosAngeles,1428,211,0,14,0,14,0,14,0,14,0,14,0,14,0,14,442,164,26,43,24,42,25,38,23,35,244,119,100,119,830,234,174,101,0,14,107,124,42,62,412,176,95,100,156,106,0,14,0,14,30,44,48,61,42,51,36,58
2024,06037242700,Census Tract 2427,Los Angeles,Los Angeles County,California,LosAngeles,638,192,23,40,0,14,0,14,0,14,23,40,0,14,0,14,68,65,38,49,0,14,0,14,0,14,30,46,0,14,369,181,68,67,16,23,37,45,45,57,203,151,0,14,178,91,0,14,0,14,12,20,79,78,68,68,19,31
2024,06037243001,Census Tract 2430.01,Los Angeles,Los Angeles County,California,LosAngeles,367,128,16,24,0,14,0,14,0,14,16,24,0,14,0,14,46,39,12,20,0,14,0,14,0,14,34,36,0,14,305,138,26,37,20,31,24,22,0,14,235,128,0,14,0,14,0,14,0,14,0,14,0,14,0,14,0,14
2024,06037243002,Census Tract 2430.02,Los Angeles,Los Angeles County,California,LosAngeles,262,69,0,14,0,14,0,14,0,14,0,14,0,14,0,14,48,43,0,14,24,40,0,14,0,14,24,28,0,14,152,76,19,31,46,53,0,14,0,14,87,50,0,14,62,49,0,14,0,14,25,40,0,14,37,51,0,14
2024,06037243100,Census Tract 2431,Los Angeles,Los Angeles County,California,LosAngeles,1081,212,0,19,0,19,0,19,0,19,0,19,0,19,0,19,196,127,50,46,56,88,0,19,0,19,47,51,43,70,736,212,43,51,95,74,0,19,29,42,548,201,21,34,149,85,0,19,0,19,0,19,30,31,119,77,0,19
2024,06037261102,Census Tract 2611.02,Los Angeles,Los Angeles County,California,LosAngeles,113,67,0,14,0,14,0,14,0,14,0,14,0,14,0,14,0,14,0,14,0,14,0,14,0,14,0,14,0,14,105,64,42,41,0,14,0,14,9,15,54,47,0,14,8,14,0,14,0,14,0,14,0,14,0,14,8,14
2024,06037261103,Census Tract 2611.03,Los Angeles,Los Angeles County,California,LosAngeles,59,33,0,14,0,14,0,14,0,14,0,14,0,14,0,14,0,14,0,14,0,14,0,14,0,14,0,14,0,14,49,31,8,13,0,14,0,14,7,11,34,28,0,14,10,14,0,14,0,14,0,14,0,14,10,14,0,14
2024,06037261104,Census Tract 2611.04,Los Angeles,Los Angeles County,California,LosAngeles,205,84,0,14,0,14,0,14,0,14,0,14,0,14,0,14,34,43,6,9,0,14,0,14,0,14,28,42,0,14,120,75,6,12,0,14,0,14,41,54,27,27,46,58,51,53,0,14,0,14,0,14,0,14,13,23,38,51
2024,06037261200,Census Tract 2612,Los Angeles,Los Angeles County,California,LosAngeles,233,119,26,45,0,14,0,14,0,14,0,14,26,45,0,14,46,63,0,14,4,6,0,14,0,14,42,63,0,14,124,85,8,11,22,34,0,14,0,14,48,46,46,58,37,55,0,14,0,14,0,14,0,14,0,14,37,55
2024,06037262100,Census Tract 2621,Los Angeles,Los Angeles County,California,LosAngeles,139,99,0,14,0,14,0,14,0,14,0,14,0,14,0,14,10,17,0,14,0,14,0,14,0,14,10,17,0,14,87,96,56,85,0,14,0,14,0,14,31,40,0,14,42,39,17,28,0,14,13,21,0,14,12,20,0,14
2024,06037262200,Census Tract 2622,Los Angeles,Los Angeles County,California,LosAngeles,500,186,86,99,0,14,86,99,0,14,0,14,0,14,0,14,112,114,0,14,0,14,6,11,13,22,93,108,0,14,272,120,103,103,54,45,0,14,14,18,101,87,0,14,30,29,0,14,0,14,0,14,0,14,19,25,11,17
2024,06037262301,Census Tract 2623.01,Los Angeles,Los Angeles County,California,LosAngeles,96,54,0,14,0,14,0,14,0,14,0,14,0,14,0,14,16,28,16,28,0,14,0,14,0,14,0,14,0,14,49,40,9,13,0,14,0,14,0,14,32,36,8,12,31,26,0,14,0,14,0,14,4,6,13,14,14,23
2024,06037262302,Census Tract 2623.02,Los Angeles,Los Angeles County,California,LosAngeles,355,118,0,14,0,14,0,14,0,14,0,14,0,14,0,14,71,52,37,38,0,14,0,14,0,14,34,37,0,14,232,120,68,51,55,86,67,60,18,28,24,28,0,14,52,41,9,14,0,14,0,14,0,14,43,38,0,14
2024,06037262303,Census Tract 2623.03,Los Angeles,Los Angeles County,California,LosAngeles,20,25,0,14,0,14,0,14,0,14,0,14,0,14,0,14,0,14,0,14,0,14,0,14,0,14,0,14,0,14,20,25,8,14,0,14,0,14,0,14,0,14,12,19,0,14,0,14,0,14,0,14,0,14,0,14,0,14
2024,06037262400,Census Tract 2624,Los Angeles,Los Angeles County,California,LosAngeles,118,93,0,14,0,14,0,14,0,14,0,14,0,14,0,14,0,14,0,14,0,14,0,14,0,14,0,14,0,14,61,43,35,27,0,14,0,14,0,14,26,30,0,14,57,85,0,14,0,14,0,14,0,14,57,85,0,14
2024,06037262501,Census Tract 2625.01,Los Angeles,Los Angeles County,California,LosAngeles,181,91,0,14,0,14,0,14,0,14,0,14,0,14,0,14,8,15,0,14,0,14,0,14,0,14,0,14,8,15,105,69,25,32,12,19,0,14,0,14,68,58,0,14,68,59,7,14,0,14,12,21,0,14,16,25,33,49
2024,06037262601,Census Tract 2626.01,Los Angeles,Los Angeles County,California,LosAngeles,78,55,0,14,0,14,0,14,0,14,0,14,0,14,0,14,0,14,0,14,0,14,0,14,0,14,0,14,0,14,29,32,7,12,10,17,0,14,0,14,12,21,0,14,49,46,0,14,15,22,0,14,0,14,2,3,32,40
2024,06037262604,Census Tract 2626.04,Los Angeles,Los Angeles County,California,LosAngeles,563,217,0,19,0,19,0,19,0,19,0,19,0,19,0,19,138,121,29,49,0,19,109,115,0,19,0,19,0,19,217,152,101,104,0,19,0,19,0,19,116,113,0,19,208,165,0,19,61,72,0,19,0,19,147,143,0,19
2024,06037262704,Census Tract 2627.04,Los Angeles,Los Angeles County,California,LosAngeles,459,116,27,30,0,14,0,14,0,14,0,14,27,30,0,14,47,46,32,43,0,14,0,14,0,14,0,14,15,18,266,91,53,37,0,14,45,50,25,26,143,68,0,14,119,79,69,72,0,14,0,14,0,14,50,43,0,14
2024,06037262706,Census Tract 2627.06,Los Angeles,Los Angeles County,California,LosAngeles,337,110,0,14,0,14,0,14,0,14,0,14,0,14,0,14,41,33,8,14,22,24,0,14,0,14,11,17,0,14,213,93,38,35,12,18,17,19,8,18,124,76,14,21,83,54,0,14,25,38,0,14,9,15,41,32,8,13
2024,06037262802,Census Tract 2628.02,Los Angeles,Los Angeles County,California,LosAngeles,115,65,0,14,0,14,0,14,0,14,0,14,0,14,0,14,26,28,0,14,0,14,0,14,0,14,26,28,0,14,45,48,0,14,0,14,0,14,6,9,0,14,39,47,44,37,0,14,0,14,0,14,0,14,44,37,0,14
2024,06037264000,Census Tract 2640,Los Angeles,Los Angeles County,California,LosAngeles,251,88,0,14,0,14,0,14,0,14,0,14,0,14,0,14,58,46,0,14,8,12,0,14,25,36,4,10,21,25,173,78,51,59,9,15,0,14,50,55,63,34,0,14,20,22,11,17,0,14,0,14,0,14,0,14,9,14
2024,06037264102,Census Tract 2641.02,Los Angeles,Los Angeles County,California,LosAngeles,1186,169,0,14,0,14,0,14,0,14,0,14,0,14,0,14,422,161,151,116,62,71,84,71,13,20,112,87,0,14,544,163,225,134,81,70,16,24,39,42,120,61,63,61,220,111,0,14,0,14,49,78,0,14,122,59,49,77
2024,06037264103,Census Tract 2641.03,Los Angeles,Los Angeles County,California,LosAngeles,1170,153,76,53,0,14,0,14,0,14,23,34,53,49,0,14,504,144,178,110,40,47,99,88,58,69,120,90,9,14,475,161,210,118,82,80,20,24,74,72,89,58,0,14,115,71,11,18,18,21,8,14,0,14,68,63,10,15
2024,06037264303,Census Tract 2643.03,Los Angeles,Los Angeles County,California,LosAngeles,1220,191,98,95,0,14,0,14,0,14,0,14,57,67,41,67,763,189,304,147,150,109,108,76,86,78,105,86,10,17,276,126,59,76,24,28,10,17,11,19,162,97,10,15,83,50,0,14,0,14,13,20,0,14,70,46,0,14
2024,06037264304,Census Tract 2643.04,Los Angeles,Los Angeles County,California,LosAngeles,1234,117,71,74,0,14,0,14,10,16,0,14,61,72,0,14,474,126,165,86,27,30,72,79,15,17,195,104,0,14,523,164,182,86,119,88,28,33,34,33,128,99,32,32,166,91,26,27,11,18,9,16,10,16,110,97,0,14
2024,06037264305,Census Tract 2643.05,Los Angeles,Los Angeles County,California,LosAngeles,907,157,12,19,0,14,0,14,0,14,0,14,12,19,0,14,335,135,172,91,62,48,57,85,0,14,44,43,0,14,436,117,111,82,59,52,23,27,57,49,152,73,34,40,124,68,48,45,0,14,0,14,10,16,51,41,15,24
2024,06037264306,Census Tract 2643.06,Los Angeles,Los Angeles County,California,LosAngeles,587,136,9,16,0,14,0,14,0,14,0,14,9,16,0,14,180,90,47,43,37,43,0,14,60,56,36,34,0,14,294,110,87,63,9,16,67,73,12,18,119,78,0,14,104,81,0,14,0,14,0,14,32,48,72,65,0,14
2024,06037265100,Census Tract 2651,Los Angeles,Los Angeles County,California,LosAngeles,648,181,0,14,0,14,0,14,0,14,0,14,0,14,0,14,14,22,14,22,0,14,0,14,0,14,0,14,0,14,226,122,32,28,115,104,10,18,0,14,69,46,0,14,408,141,32,50,0,14,4,7,0,14,351,136,21,23
2024,06037265201,Census Tract 2652.01,Los Angeles,Los Angeles County,California,LosAngeles,186,75,34,27,0,14,0,14,4,6,0,14,26,25,4,7,51,50,15,14,7,14,0,14,0,14,29,43,0,14,35,26,0,14,13,14,5,8,0,14,17,21,0,14,66,50,5,8,9,11,0,14,0,14,38,42,14,23
2024,06037265203,Census Tract 2652.03,Los Angeles,Los Angeles County,California,LosAngeles,709,136,118,71,0,14,0,14,0,14,0,14,109,69,9,15,198,105,11,19,84,41,0,14,10,17,93,97,0,14,191,124,51,66,0,14,20,32,12,18,108,108,0,14,202,99,38,57,10,16,0,14,0,14,146,101,8,15
2024,06037265204,Census Tract 2652.04,Los Angeles,Los Angeles County,California,LosAngeles,584,99,287,86,23,33,0,14,14,21,0,14,222,90,28,21,159,67,12,15,0,14,6,9,21,19,109,64,11,11,101,48,16,17,13,16,5,8,16,12,44,43,7,10,37,40,31,38,0,14,0,14,0,14,6,9,0,14
2024,06037265301,Census Tract 2653.01,Los Angeles,Los Angeles County,California,LosAngeles,0,21,0,21,0,21,0,21,0,21,0,21,0,21,0,21,0,21,0,21,0,21,0,21,0,21,0,21,0,21,0,21,0,21,0,21,0,21,0,21,0,21,0,21,0,21,0,21,0,21,0,21,0,21,0,21,0,21
2024,06037265303,Census Tract 2653.03,Los Angeles,Los Angeles County,California,LosAngeles,1523,206,1085,165,40,45,0,14,28,33,0,14,952,176,65,50,194,100,10,15,0,14,50,68,38,38,68,41,28,45,202,105,0,14,26,25,0,14,0,14,122,86,54,53,42,66,42,66,0,14,0,14,0,14,0,14,0,14
2024,06037265304,Census Tract 2653.04,Los Angeles,Los Angeles County,California,LosAngeles,967,140,686,142,103,81,0,14,0,14,0,14,571,142,12,18,183,110,0,14,0,14,0,14,0,14,140,92,43,68,79,58,16,24,0,14,0,14,11,19,33,32,19,22,19,22,0,14,0,14,0,14,0,14,19,22,0,14
2024,06037265306,Census Tract 2653.06,Los Angeles,Los Angeles County,California,LosAngeles,367,96,268,83,18,21,0,14,6,7,20,26,174,81,50,43,61,42,34,29,0,14,0,14,0,14,27,33,0,14,34,25,0,14,7,2,0,14,22,22,5,9,0,14,4,3,0,14,0,14,4,3,0,14,0,14,0,14
2024,06037265307,Census Tract 2653.07,Los Angeles,Los Angeles County,California,LosAngeles,924,257,392,208,0,14,14,23,0,14,3,7,317,204,58,55,392,173,9,15,32,43,30,37,35,38,261,158,25,23,113,65,21,27,38,32,0,14,0,14,54,45,0,14,27,38,10,17,0,14,17,34,0,14,0,14,0,14
2024,06037265410,Census Tract 2654.10,Los Angeles,Los Angeles County,California,LosAngeles,213,91,0,14,0,14,0,14,0,14,0,14,0,14,0,14,67,46,6,11,10,15,0,14,0,14,51,46,0,14,70,53,7,10,0,14,8,13,0,14,20,16,35,49,76,44,4,6,0,14,17,24,3,5,45,37,7,10
2024,06037265420,Census Tract 2654.20,Los Angeles,Los Angeles County,California,LosAngeles,187,72,23,35,0,14,0,14,0,14,0,14,23,35,0,14,24,17,0,14,0,14,11,11,6,10,7,11,0,14,126,65,37,26,43,41,0,14,0,14,46,42,0,14,14,13,0,14,0,14,3,5,0,14,11,12,0,14
2024,06037265521,Census Tract 2655.21,Los Angeles,Los Angeles County,California,LosAngeles,1030,173,217,87,0,14,9,14,11,19,0,14,167,85,30,46,436,146,116,86,19,24,57,70,62,86,182,77,0,14,301,112,84,35,41,61,37,42,0,14,76,52,63,66,76,72,0,14,0,14,0,14,31,50,45,51,0,14
2024,06037265522,Census Tract 2655.22,Los Angeles,Los Angeles County,California,LosAngeles,776,154,152,90,0,14,0,14,0,14,0,14,142,88,10,16,379,144,115,112,27,32,28,31,51,60,146,80,12,20,156,82,49,42,0,14,0,14,13,34,57,47,37,41,89,63,7,11,0,14,8,14,0,14,74,63,0,14
2024,06037265523,Census Tract 2655.23,Los Angeles,Los Angeles County,California,LosAngeles,847,440,38,38,0,14,0,14,0,14,0,14,38,38,0,14,453,370,62,54,54,51,0,14,29,32,308,363,0,14,334,241,95,73,10,11,18,22,0,14,211,229,0,14,22,17,10,11,0,14,6,10,0,14,6,9,0,14
2024,06037265524,Census Tract 2655.24,Los Angeles,Los Angeles County,California,LosAngeles,1082,199,46,31,0,14,0,14,0,14,0,14,46,31,0,14,297,170,39,33,35,35,11,18,10,17,202,166,0,14,542,109,69,57,119,69,113,84,84,74,157,85,0,14,197,92,27,37,22,23,16,25,0,14,117,78,15,23
2024,06037265601,Census Tract 2656.01,Los Angeles,Los Angeles County,California,LosAngeles,655,144,58,62,0,14,0,14,0,14,0,14,58,62,0,14,161,69,38,37,9,15,35,33,0,14,40,32,39,51,202,86,50,38,38,35,37,34,0,14,77,47,0,14,234,114,31,51,10,17,16,23,24,28,124,97,29,32
2024,06037265602,Census Tract 2656.02,Los Angeles,Los Angeles County,California,LosAngeles,543,145,71,74,0,14,0,14,0,14,0,14,71,74,0,14,165,89,52,62,0,14,17,27,0,14,96,63,0,14,97,61,0,14,36,45,0,14,0,14,36,32,25,28,210,115,0,14,0,14,0,14,8,13,152,96,50,50
2024,06037265701,Census Tract 2657.01,Los Angeles,Los Angeles County,California,LosAngeles,446,85,71,61,38,53,0,14,0,14,0,14,33,28,0,14,87,52,52,34,24,30,0,14,6,9,5,9,0,14,192,69,32,29,23,32,15,24,5,8,87,57,30,46,96,49,40,45,5,9,0,14,0,14,45,42,6,9
2024,06037265702,Census Tract 2657.02,Los Angeles,Los Angeles County,California,LosAngeles,801,278,50,79,0,14,0,14,0,14,0,14,50,79,0,14,61,84,0,14,0,14,0,14,13,24,48,80,0,14,404,209,107,85,32,56,0,14,43,58,222,179,0,14,286,162,0,14,36,37,0,14,12,20,238,156,0,14
2024,06037267101,Census Tract 2671.01,Los Angeles,Los Angeles County,California,LosAngeles,914,230,98,75,0,14,0,14,0,14,32,52,66,54,0,14,377,165,113,116,24,29,15,25,0,14,225,127,0,14,380,159,131,64,16,23,40,39,53,64,126,136,14,16,59,51,0,14,0,14,0,14,0,14,59,51,0,14
2024,06037267102,Census Tract 2671.02,Los Angeles,Los Angeles County,California,LosAngeles,751,163,152,149,0,14,0,14,0,14,37,55,115,139,0,14,151,100,0,14,22,33,40,38,0,14,89,86,0,14,365,142,149,106,15,23,16,27,0,14,131,92,54,45,83,84,0,14,0,14,0,14,10,15,73,83,0,14
2024,06037267201,Census Tract 2672.01,Los Angeles,Los Angeles County,California,LosAngeles,969,234,10,16,10,16,0,14,0,14,0,14,0,14,0,14,315,107,59,42,60,57,44,39,19,26,98,72,35,54,339,115,134,88,26,29,31,37,45,61,92,81,11,18,305,232,5,9,22,26,10,17,0,14,268,231,0,14
2024,06037267202,Census Tract 2672.02,Los Angeles,Los Angeles County,California,LosAngeles,1054,258,163,124,0,14,0,14,0,14,45,67,71,100,47,61,252,162,2,10,18,25,0,14,26,31,206,157,0,14,540,158,160,100,94,63,20,24,20,29,231,113,15,23,99,54,19,21,0,14,0,14,0,14,70,47,10,18
2024,06037267300,Census Tract 2673,Los Angeles,Los Angeles County,California,LosAngeles,2013,289,72,57,0,14,0,14,0,14,14,23,40,43,18,30,945,290,265,164,99,134,100,91,136,98,137,117,208,162,792,260,341,203,38,40,39,46,36,41,338,204,0,14,204,142,120,114,18,29,0,14,0,14,66,65,0,14
2024,06037267403,Census Tract 2674.03,Los Angeles,Los Angeles County,California,LosAngeles,1743,341,162,104,0,14,0,14,60,84,9,14,93,73,0,14,591,273,143,59,59,41,210,262,23,26,127,75,29,30,834,187,157,91,174,90,19,22,34,36,406,153,44,53,156,74,19,21,0,14,0,14,0,14,137,67,0,14
2024,06037267404,Census Tract 2674.04,Los Angeles,Los Angeles County,California,LosAngeles,1541,205,201,155,0,14,0,14,0,14,11,18,163,149,27,42,367,146,65,63,0,14,15,23,143,107,129,86,15,26,838,240,201,140,29,35,29,33,218,186,287,153,74,86,135,92,0,14,14,23,13,22,41,63,67,59,0,14
2024,06037267405,Census Tract 2674.05,Los Angeles,Los Angeles County,California,LosAngeles,1259,184,122,103,14,22,61,92,0,14,0,14,47,45,0,14,719,200,268,147,56,45,106,74,77,114,184,109,28,31,260,103,32,32,25,36,37,40,34,39,132,63,0,14,158,76,13,21,0,14,19,27,0,14,114,60,12,19
2024,06037267406,Census Tract 2674.06,Los Angeles,Los Angeles County,California,LosAngeles,935,152,99,84,0,14,48,74,8,15,0,14,43,44,0,14,317,101,87,57,89,64,18,24,62,45,61,60,0,14,388,116,85,50,36,44,0,14,86,63,157,71,24,38,131,74,0,14,7,13,9,14,11,18,75,52,29,46
2024,06037267502,Census Tract 2675.02,Los Angeles,Los Angeles County,California,LosAngeles,1173,143,68,43,8,13,0,14,0,14,0,14,60,43,0,14,605,144,103,67,43,34,91,53,133,99,215,114,20,27,368,103,74,51,78,43,48,36,41,38,127,76,0,14,132,64,10,17,19,23,0,14,0,14,85,59,18,21
2024,06037267503,Census Tract 2675.03,Los Angeles,Los Angeles County,California,LosAngeles,988,402,113,78,8,13,0,14,0,14,72,80,33,32,0,14,450,381,345,367,29,31,54,45,9,14,13,28,0,14,317,139,77,54,11,15,38,44,13,19,178,149,0,14,108,47,41,51,0,14,0,14,0,14,67,52,0,14
2024,06037267504,Census Tract 2675.04,Los Angeles,Los Angeles County,California,LosAngeles,1568,198,101,58,0,14,0,14,0,14,0,14,101,58,0,14,556,178,221,115,12,20,89,76,24,39,210,108,0,14,755,186,321,180,66,47,11,17,54,58,286,121,17,21,156,89,10,16,0,14,0,14,0,14,136,95,10,18
2024,06037267600,Census Tract 2676,Los Angeles,Los Angeles County,California,LosAngeles,946,172,48,42,11,18,12,18,0,14,0,14,25,29,0,14,286,104,120,65,25,28,54,41,15,24,72,47,0,14,389,124,147,82,38,36,39,35,20,18,121,96,24,25,223,121,0,14,0,14,12,19,0,14,173,109,38,57
2024,06037267700,Census Tract 2677,Los Angeles,Los Angeles County,California,LosAngeles,1479,208,237,149,113,128,0,14,0,14,50,57,74,62,0,14,729,201,323,161,111,64,26,43,66,81,189,130,14,22,429,195,153,110,32,43,77,118,77,68,71,57,19,22,84,61,29,34,0,14,19,30,0,14,36,41,0,14
2024,06037267800,Census Tract 2678,Los Angeles,Los Angeles County,California,LosAngeles,863,145,63,72,0,14,0,14,0,14,0,14,21,25,42,67,414,158,70,50,26,40,95,83,12,20,199,123,12,20,252,110,23,34,49,45,11,18,22,34,88,72,59,76,134,68,29,27,24,27,0,14,17,27,64,48,0,14
2024,06037267901,Census Tract 2679.01,Los Angeles,Los Angeles County,California,LosAngeles,742,283,0,14,0,14,0,14,0,14,0,14,0,14,0,14,76,93,36,59,0,14,0,14,0,14,40,67,0,14,328,197,86,96,0,14,7,11,0,14,108,102,127,199,338,224,0,14,0,14,0,14,0,14,166,126,172,196
2024,06037267902,Census Tract 2679.02,Los Angeles,Los Angeles County,California,LosAngeles,981,263,108,74,11,18,0,14,29,35,30,44,38,43,0,14,302,133,34,31,87,72,32,36,41,56,108,70,0,14,418,228,85,57,34,26,191,207,7,12,79,64,22,24,153,116,15,23,0,14,24,26,0,14,114,113,0,14
2024,06037269000,Census Tract 2690,Los Angeles,Los Angeles County,California,LosAngeles,893,283,32,36,32,36,0,14,0,14,0,14,0,14,0,14,184,133,17,28,14,22,74,101,37,46,42,41,0,14,589,288,128,80,153,235,47,60,58,90,134,87,69,105,88,66,0,14,0,14,16,30,38,43,34,40,0,14
2024,06037269100,Census Tract 2691,Los Angeles,Los Angeles County,California,LosAngeles,1226,236,87,82,0,14,0,14,0,14,0,14,87,82,0,14,310,131,36,40,0,14,54,45,0,14,213,121,7,11,556,210,200,185,0,14,56,55,44,44,235,129,21,33,273,96,30,35,0,14,0,14,0,14,220,91,23,26
2024,06037269300,Census Tract 2693,Los Angeles,Los Angeles County,California,LosAngeles,235,91,0,14,0,14,0,14,0,14,0,14,0,14,0,14,32,32,13,22,0,14,0,14,9,15,10,16,0,14,173,81,23,26,51,52,0,14,4,9,85,57,10,17,30,26,10,16,0,14,0,14,0,14,20,20,0,14
2024,06037269500,Census Tract 2695,Los Angeles,Los Angeles County,California,LosAngeles,54,53,0,14,0,14,0,14,0,14,0,14,0,14,0,14,14,20,0,14,0,14,0,14,0,14,0,14,14,20,30,46,30,46,0,14,0,14,0,14,0,14,0,14,10,16,0,14,0,14,0,14,0,14,10,16,0,14
2024,06037269601,Census Tract 2696.01,Los Angeles,Los Angeles County,California,LosAngeles,929,139,104,81,5,8,0,14,38,38,0,14,61,61,0,14,185,94,43,45,0,14,0,14,50,69,92,68,0,14,522,182,75,54,32,37,75,76,43,35,297,155,0,14,118,82,23,32,13,22,0,14,0,14,46,63,36,55
2024,06037269602,Census Tract 2696.02,Los Angeles,Los Angeles County,California,LosAngeles,652,109,109,77,0,14,0,14,0,14,8,13,101,77,0,14,229,99,83,60,23,22,54,68,13,16,56,54,0,14,261,116,43,53,54,73,8,18,17,21,131,88,8,13,53,54,6,9,0,14,0,14,0,14,47,53,0,14
2024,06037269700,Census Tract 2697,Los Angeles,Los Angeles County,California,LosAngeles,845,175,0,14,0,14,0,14,0,14,0,14,0,14,0,14,477,164,211,125,99,67,41,49,28,26,91,51,7,10,265,88,65,48,86,55,0,14,8,12,89,53,17,28,103,68,22,26,0,14,9,14,0,14,33,30,39,61
2024,06037269800,Census Tract 2698,Los Angeles,Los Angeles County,California,LosAngeles,1154,160,33,34,0,14,13,22,0,14,0,14,20,29,0,14,565,157,162,97,89,76,44,33,56,74,214,94,0,14,447,130,168,103,33,49,51,44,8,14,131,59,56,45,109,58,17,27,0,14,0,14,10,15,82,49,0,14
2024,06037269903,Census Tract 2699.03,Los Angeles,Los Angeles County,California,LosAngeles,2015,188,119,85,13,21,20,21,0,14,10,18,76,77,0,14,1036,252,118,71,246,167,249,178,166,97,257,91,0,14,731,170,220,133,77,60,118,96,144,125,136,67,36,46,129,38,12,15,0,14,0,14,9,15,108,34,0,14
2024,06037269905,Census Tract 2699.05,Los Angeles,Los Angeles County,California,LosAngeles,1363,137,59,56,0,14,9,15,0,14,0,14,50,56,0,14,557,132,214,94,69,45,55,40,49,40,170,76,0,14,625,142,170,77,65,52,114,71,118,88,158,68,0,14,122,49,0,14,20,21,0,14,0,14,94,41,8,12
2024,06037269906,Census Tract 2699.06,Los Angeles,Los Angeles County,California,LosAngeles,1551,219,79,62,0,14,0,14,0,14,0,14,79,62,0,14,851,207,205,77,241,118,178,136,34,27,193,100,0,14,512,114,190,63,111,69,0,14,11,17,186,103,14,16,109,64,26,22,25,42,11,17,0,14,47,39,0,14
2024,06037269907,Census Tract 2699.07,Los Angeles,Los Angeles County,California,LosAngeles,1427,116,63,43,14,22,11,17,0,14,8,13,30,34,0,14,624,137,184,85,94,65,62,46,127,72,112,77,45,42,643,129,145,66,98,71,51,46,117,73,188,77,44,46,97,68,25,28,0,14,24,36,9,15,10,11,29,47
2024,06037269908,Census Tract 2699.08,Los Angeles,Los Angeles County,California,LosAngeles,1307,304,41,58,0,14,0,14,35,57,0,14,6,9,0,14,456,212,41,49,60,36,89,74,55,40,211,184,0,14,544,114,135,79,90,65,49,39,61,60,209,86,0,14,266,203,91,76,0,14,113,181,18,22,44,39,0,14
2024,06037269909,Census Tract 2699.09,Los Angeles,Los Angeles County,California,LosAngeles,1356,347,78,71,0,14,9,15,0,14,10,17,59,66,0,14,222,78,71,49,68,57,60,52,10,16,13,20,0,14,872,241,119,86,103,89,109,83,94,88,447,259,0,14,184,265,11,27,164,262,9,14,0,14,0,14,0,14
2024,06037270101,Census Tract 2701.01,Los Angeles,Los Angeles County,California,LosAngeles,958,130,52,41,0,14,23,26,0,14,0,14,29,32,0,14,370,95,88,52,55,40,23,28,38,35,166,82,0,14,449,145,59,39,80,61,44,38,120,93,146,88,0,14,87,66,12,19,12,20,0,14,13,20,50,57,0,14
2024,06037270102,Census Tract 2701.02,Los Angeles,Los Angeles County,California,LosAngeles,1006,153,77,62,41,59,0,14,9,15,0,14,27,26,0,14,443,138,250,130,29,31,45,35,10,15,109,58,0,14,405,108,111,67,110,69,50,34,15,22,110,75,9,14,81,46,34,28,0,14,0,14,0,14,47,36,0,14
2024,06037270200,Census Tract 2702,Los Angeles,Los Angeles County,California,LosAngeles,836,264,55,39,0,14,0,14,0,14,0,14,48,36,7,13,172,82,43,36,0,14,14,23,7,14,108,73,0,14,499,243,112,71,35,43,30,31,23,22,299,243,0,14,110,71,0,14,16,29,9,14,15,22,70,62,0,14
2024,06037270300,Census Tract 2703,Los Angeles,Los Angeles County,California,LosAngeles,370,110,7,11,0,14,0,14,0,14,0,14,7,11,0,14,120,77,6,9,77,69,6,10,6,9,7,11,18,26,197,76,65,38,4,7,26,37,0,14,102,56,0,14,46,34,16,16,0,14,0,14,2,4,28,30,0,14
2024,06037271100,Census Tract 2711,Los Angeles,Los Angeles County,California,LosAngeles,364,104,10,17,0,14,0,14,10,17,0,14,0,14,0,14,114,65,22,23,23,26,0,14,25,22,44,53,0,14,235,98,95,58,0,14,11,17,0,14,123,84,6,8,5,7,0,14,0,14,0,14,0,14,5,7,0,14
2024,06037271200,Census Tract 2712,Los Angeles,Los Angeles County,California,LosAngeles,1131,159,32,30,0,14,0,14,0,14,0,14,22,25,10,17,568,140,206,133,25,28,111,86,0,14,226,95,0,14,404,137,104,59,60,62,0,14,12,20,228,125,0,14,127,55,29,26,0,14,0,14,0,14,96,51,2,5
2024,06037271300,Census Tract 2713,Los Angeles,Los Angeles County,California,LosAngeles,997,196,0,14,0,14,0,14,0,14,0,14,0,14,0,14,413,173,88,86,0,14,0,14,0,14,284,212,41,67,480,162,150,97,0,14,75,80,56,59,184,111,15,25,104,81,0,14,0,14,0,14,0,14,104,81,0,14
2024,06037271400,Census Tract 2714,Los Angeles,Los Angeles County,California,LosAngeles,143,96,0,14,0,14,0,14,0,14,0,14,0,14,0,14,29,24,12,19,7,13,10,16,0,14,0,14,0,14,92,91,0,14,16,25,0,14,0,14,66,87,10,15,22,23,8,13,0,14,0,14,0,14,14,18,0,14
2024,06037271500,Census Tract 2715,Los Angeles,Los Angeles County,California,LosAngeles,578,119,0,14,0,14,0,14,0,14,0,14,0,14,0,14,145,69,11,17,39,31,18,16,0,14,77,62,0,14,255,89,86,52,55,46,7,12,39,56,68,70,0,14,178,109,20,23,0,14,17,20,0,14,141,102,0,14
2024,06037271600,Census Tract 2716,Los Angeles,Los Angeles County,California,LosAngeles,1457,209,68,61,0,19,0,19,9,14,0,19,59,59,0,19,884,223,239,109,84,51,96,60,30,29,266,191,169,104,473,123,188,107,42,32,61,61,0,19,153,63,29,22,32,26,6,9,0,19,8,11,0,19,18,21,0,19
2024,06037271702,Census Tract 2717.02,Los Angeles,Los Angeles County,California,LosAngeles,1332,186,118,87,0,14,0,14,0,14,40,57,78,71,0,14,709,179,183,75,87,65,85,63,84,69,229,111,41,46,449,120,119,64,116,64,6,11,0,14,208,99,0,14,56,51,0,14,28,45,0,14,0,14,28,27,0,14
2024,06037271703,Census Tract 2717.03,Los Angeles,Los Angeles County,California,LosAngeles,979,144,74,69,0,14,0,14,12,19,0,14,62,67,0,14,359,117,113,73,95,73,82,88,0,14,69,63,0,14,445,127,100,62,52,59,125,87,9,14,159,75,0,14,101,65,0,14,0,14,0,14,0,14,101,65,0,14
2024,06037271704,Census Tract 2717.04,Los Angeles,Los Angeles County,California,LosAngeles,1117,252,105,87,29,44,0,14,0,14,10,17,66,75,0,14,492,163,25,28,164,145,114,91,38,36,137,85,14,21,489,212,242,190,74,60,80,69,14,23,49,49,30,39,31,27,0,14,0,14,0,14,0,14,31,27,0,14
2024,06037271801,Census Tract 2718.01,Los Angeles,Los Angeles County,California,LosAngeles,1577,209,80,64,0,14,0,14,8,13,0,14,64,63,8,13,611,179,224,135,42,38,101,78,24,29,220,113,0,14,786,230,58,47,60,57,113,84,102,105,453,185,0,14,100,52,31,28,0,14,0,14,31,29,38,36,0,14
2024,06037271803,Census Tract 2718.03,Los Angeles,Los Angeles County,California,LosAngeles,1593,214,80,60,0,14,41,51,0,14,0,14,28,30,11,19,458,138,110,72,32,39,39,41,202,112,75,68,0,14,966,209,274,131,39,37,136,139,66,54,430,162,21,24,89,112,0,14,0,14,0,14,12,16,77,110,0,14
2024,06037271804,Census Tract 2718.04,Los Angeles,Los Angeles County,California,LosAngeles,766,162,85,92,32,44,0,14,0,14,0,14,53,79,0,14,233,100,95,76,41,38,0,14,0,14,97,62,0,14,409,119,123,89,67,59,0,14,0,14,219,101,0,14,39,31,7,13,0,14,0,14,24,21,8,15,0,14
2024,06037271901,Census Tract 2719.01,Los Angeles,Los Angeles County,California,LosAngeles,956,197,32,41,24,39,0,14,8,12,0,14,0,14,0,14,406,165,69,40,65,51,28,26,45,40,191,159,8,13,468,169,167,144,91,69,47,51,37,43,126,87,0,14,50,38,22,29,0,14,0,14,0,14,17,19,11,17
2024,06037271902,Census Tract 2719.02,Los Angeles,Los Angeles County,California,LosAngeles,1289,210,15,16,0,14,0,14,0,14,0,14,15,16,0,14,483,102,137,78,94,57,76,49,0,14,154,69,22,33,683,222,95,53,52,62,112,112,52,39,355,152,17,22,108,66,8,12,19,20,9,14,0,14,39,49,33,46
2024,06037272100,Census Tract 2721,Los Angeles,Los Angeles County,California,LosAngeles,614,142,9,14,0,14,9,14,0,14,0,14,0,14,0,14,214,98,68,65,18,27,38,45,27,29,63,50,0,14,331,129,30,31,56,48,20,22,0,14,225,113,0,14,60,58,0,14,45,53,0,14,0,14,15,23,0,14
2024,06037272201,Census Tract 2722.01,Los Angeles,Los Angeles County,California,LosAngeles,765,133,60,65,30,48,0,14,0,14,0,14,30,45,0,14,262,98,131,70,33,31,17,23,62,58,19,23,0,14,368,99,79,50,66,45,29,26,18,21,139,58,37,47,75,54,0,14,0,14,0,14,5,14,22,23,48,51
2024,06037272202,Census Tract 2722.02,Los Angeles,Los Angeles County,California,LosAngeles,1260,224,21,24,0,14,0,14,21,24,0,14,0,14,0,14,429,183,128,60,38,34,91,63,22,34,150,158,0,14,640,180,143,82,78,68,104,76,0,14,279,124,36,40,170,85,15,23,19,29,8,13,6,14,104,72,18,20
2024,06037272301,Census Tract 2723.01,Los Angeles,Los Angeles County,California,LosAngeles,931,183,49,68,0,14,0,14,49,68,0,14,0,14,0,14,269,97,62,43,50,47,27,31,39,58,91,60,0,14,423,118,123,79,79,60,67,37,13,20,111,64,30,38,190,150,0,14,0,14,43,53,0,14,109,127,38,58
2024,06037272302,Census Tract 2723.02,Los Angeles,Los Angeles County,California,LosAngeles,1769,116,30,34,0,14,0,14,0,14,0,14,30,34,0,14,391,179,141,86,12,14,124,130,24,33,71,59,19,25,1020,190,316,155,97,65,200,111,90,76,305,122,12,19,328,119,76,63,0,14,54,43,7,11,183,89,8,15
2024,06037273100,Census Tract 2731,Los Angeles,Los Angeles County,California,LosAngeles,833,110,45,35,18,25,0,14,0,14,0,14,15,16,12,18,319,103,85,54,32,26,68,55,48,45,86,60,0,14,428,136,102,74,61,46,45,56,8,12,212,96,0,14,41,41,0,14,0,14,8,12,0,14,7,11,26,37
2024,06037273200,Census Tract 2732,Los Angeles,Los Angeles County,California,LosAngeles,988,166,30,39,0,14,0,14,0,14,0,14,30,39,0,14,397,138,117,93,52,53,76,68,39,38,103,74,10,15,445,131,140,65,65,68,60,82,7,13,140,92,33,53,116,66,26,39,41,43,10,17,0,14,39,39,0,14
2024,06037273300,Census Tract 2733,Los Angeles,Los Angeles County,California,LosAngeles,1113,219,26,32,0,14,0,14,0,14,0,14,26,32,0,14,274,90,71,52,15,24,36,29,34,33,118,81,0,14,650,199,163,86,27,31,61,46,81,67,275,167,43,50,163,88,64,55,0,14,14,24,0,14,85,63,0,14
2024,06037273403,Census Tract 2734.03,Los Angeles,Los Angeles County,California,LosAngeles,771,257,0,14,0,14,0,14,0,14,0,14,0,14,0,14,324,186,46,52,71,78,5,8,26,23,176,173,0,14,279,155,151,141,26,32,0,14,5,9,97,64,0,14,168,84,24,31,0,14,28,35,13,15,103,76,0,14
2024,06037273404,Census Tract 2734.04,Los Angeles,Los Angeles County,California,LosAngeles,964,266,51,42,0,14,0,14,0,14,0,14,51,42,0,14,239,94,77,66,12,20,41,64,0,14,96,56,13,21,527,258,112,83,24,27,0,14,189,230,189,115,13,23,147,66,0,14,37,38,0,14,0,14,110,71,0,14
2024,06037273502,Census Tract 2735.02,Los Angeles,Los Angeles County,California,LosAngeles,1342,267,31,29,12,18,0,14,0,14,0,14,19,21,0,14,437,123,143,60,4,9,52,49,54,55,171,83,13,20,803,284,277,129,67,50,229,223,17,26,205,96,8,13,71,54,10,16,0,14,9,15,0,14,43,46,9,15
2024,06037273600,Census Tract 2736,Los Angeles,Los Angeles County,California,LosAngeles,543,171,0,14,0,14,0,14,0,14,0,14,0,14,0,14,81,64,67,60,0,14,0,14,0,14,14,22,0,14,413,165,33,26,104,100,46,70,36,45,194,107,0,14,49,41,15,24,0,14,6,9,0,14,28,33,0,14
2024,06037273700,Census Tract 2737,Los Angeles,Los Angeles County,California,LosAngeles,708,128,0,14,0,14,0,14,0,14,0,14,0,14,0,14,116,64,31,27,19,23,0,14,16,18,41,47,9,15,546,134,139,87,94,69,58,67,37,52,218,109,0,14,46,55,32,52,0,14,0,14,10,15,4,10,0,14
2024,06037273800,Census Tract 2738,Los Angeles,Los Angeles County,California,LosAngeles,1073,173,79,81,0,14,20,31,0,14,0,14,59,80,0,14,322,117,57,41,73,63,19,22,99,115,74,38,0,14,610,159,127,63,42,35,119,92,108,78,205,96,9,14,62,39,16,18,13,20,0,14,0,14,29,23,4,9
2024,06037273902,Census Tract 2739.02,Los Angeles,Los Angeles County,California,LosAngeles,1357,248,47,78,0,14,0,14,0,14,0,14,47,78,0,14,221,123,51,57,0,14,21,34,67,81,67,72,15,24,845,271,291,203,76,70,40,46,0,14,408,221,30,34,244,114,16,26,13,21,13,20,56,69,115,89,31,40
2024,06037274100,Census Tract 2741,Los Angeles,Los Angeles County,California,LosAngeles,1219,305,131,106,0,14,0,14,0,14,20,35,111,103,0,14,437,140,59,53,52,49,36,49,93,104,197,125,0,14,522,287,94,108,71,78,0,14,63,68,258,229,36,52,129,82,38,40,0,14,0,14,0,14,91,74,0,14
2024,06037274202,Census Tract 2742.02,Los Angeles,Los Angeles County,California,LosAngeles,1335,280,19,30,0,14,0,14,0,14,0,14,19,30,0,14,329,158,122,93,0,14,0,14,103,82,104,106,0,14,589,213,344,196,40,46,48,64,0,14,157,98,0,14,398,166,74,82,13,21,142,130,10,17,141,98,18,27
2024,06037275101,Census Tract 2751.01,Los Angeles,Los Angeles County,California,LosAngeles,286,76,7,10,0,14,7,10,0,14,0,14,0,14,0,14,42,32,32,31,6,8,0,14,4,7,0,14,0,14,172,75,98,67,8,11,0,14,0,14,66,47,0,14,65,43,0,14,0,14,0,14,29,32,36,30,0,14
2024,06037275102,Census Tract 2751.02,Los Angeles,Los Angeles County,California,LosAngeles,895,154,25,38,0,14,0,14,0,14,0,14,25,38,0,14,425,167,110,80,111,103,0,14,22,30,182,134,0,14,397,126,32,28,85,66,55,35,87,70,138,90,0,14,48,48,0,14,0,14,0,14,9,16,3,6,36,44
2024,06037275200,Census Tract 2752,Los Angeles,Los Angeles County,California,LosAngeles,1267,130,61,60,0,14,0,14,13,22,0,14,48,56,0,14,512,119,238,120,49,42,77,53,23,28,89,57,36,56,466,92,120,69,116,71,22,26,35,28,173,76,0,14,228,116,62,69,71,62,13,21,0,14,37,37,45,48
2024,06037275311,Census Tract 2753.11,Los Angeles,Los Angeles County,California,LosAngeles,1487,343,42,50,0,19,0,19,0,19,23,39,19,30,0,19,671,286,17,27,243,244,88,66,40,45,283,140,0,19,660,205,160,97,182,166,20,32,44,51,200,111,54,88,114,87,19,30,0,19,12,19,0,19,19,31,64,74
2024,06037275312,Census Tract 2753.12,Los Angeles,Los Angeles County,California,LosAngeles,540,131,14,22,0,14,0,14,0,14,0,14,14,22,0,14,339,114,92,77,101,82,28,22,34,28,84,45,0,14,167,98,92,80,14,23,0,14,21,24,40,60,0,14,20,22,0,14,10,14,0,14,0,14,10,15,0,14
2024,06037275313,Census Tract 2753.13,Los Angeles,Los Angeles County,California,LosAngeles,474,138,0,14,0,14,0,14,0,14,0,14,0,14,0,14,202,121,101,65,10,16,26,27,0,14,65,100,0,14,226,69,63,53,30,41,25,28,22,23,86,61,0,14,46,28,0,14,8,14,7,14,8,14,16,18,7,11
2024,06037275400,Census Tract 2754,Los Angeles,Los Angeles County,California,LosAngeles,1423,395,52,82,0,14,0,14,0,14,0,14,52,82,0,14,307,136,133,95,41,49,12,19,14,25,107,90,0,14,955,382,212,157,190,169,36,34,0,14,503,335,14,23,109,83,13,23,44,69,19,31,9,26,24,42,0,14
2024,06037275500,Census Tract 2755,Los Angeles,Los Angeles County,California,LosAngeles,1415,171,78,64,0,19,16,31,0,19,0,19,34,33,28,42,259,109,87,57,39,29,17,21,46,50,70,68,0,19,649,154,144,88,24,20,81,65,71,70,280,116,49,43,429,126,144,92,48,49,116,68,70,57,43,47,8,12
2024,06037275603,Census Tract 2756.03,Los Angeles,Los Angeles County,California,LosAngeles,610,177,0,14,0,14,0,14,0,14,0,14,0,14,0,14,316,141,63,47,10,16,10,17,19,24,214,144,0,14,260,113,154,95,37,45,0,14,0,14,69,48,0,14,34,34,9,16,19,29,0,14,0,14,6,11,0,14
2024,06037275604,Census Tract 2756.04,Los Angeles,Los Angeles County,California,LosAngeles,3248,370,98,120,0,19,0,19,0,19,0,19,98,120,0,19,1118,336,176,124,73,74,203,225,37,62,519,246,110,130,1563,362,405,209,255,217,34,56,264,157,490,236,115,87,469,222,113,116,27,45,85,112,0,19,218,164,26,41
2024,06037275605,Census Tract 2756.05,Los Angeles,Los Angeles County,California,LosAngeles,1477,185,191,108,0,14,0,14,38,62,0,14,108,81,45,71,418,149,103,59,60,55,40,49,67,61,148,111,0,14,802,229,163,90,116,108,182,120,97,135,192,107,52,54,66,36,0,14,0,14,28,26,0,14,38,31,0,14
2024,06037276000,Census Tract 2760,Los Angeles,Los Angeles County,California,LosAngeles,1341,251,96,85,0,19,0,19,0,19,0,19,70,82,26,31,468,209,78,91,96,115,30,36,109,94,137,126,18,30,716,256,141,83,101,93,113,79,0,19,203,151,158,150,61,48,0,19,0,19,0,19,0,19,36,39,25,29
2024,06037276101,Census Tract 2761.01,Los Angeles,Los Angeles County,California,LosAngeles,1881,312,181,177,0,14,0,14,0,14,0,14,140,171,41,46,727,260,98,74,218,172,84,76,84,126,243,157,0,14,891,250,238,183,111,95,83,79,80,87,379,183,0,14,82,60,9,20,0,14,0,14,13,22,60,57,0,14
2024,06037276102,Census Tract 2761.02,Los Angeles,Los Angeles County,California,LosAngeles,1157,282,78,82,0,14,0,14,9,20,0,14,69,78,0,14,317,140,113,109,53,47,0,14,0,14,120,78,31,46,588,250,132,189,95,71,11,20,16,27,323,136,11,18,174,90,10,20,0,14,0,14,41,57,123,75,0,14
2024,06037276400,Census Tract 2764,Los Angeles,Los Angeles County,California,LosAngeles,357,132,66,72,0,14,0,14,0,14,0,14,66,72,0,14,30,47,30,47,0,14,0,14,0,14,0,14,0,14,228,92,69,44,0,14,76,60,66,81,11,18,6,22,33,30,0,14,0,14,4,9,0,14,29,29,0,14
2024,06037276500,Census Tract 2765,Los Angeles,Los Angeles County,California,LosAngeles,263,84,67,42,0,19,0,19,0,19,0,19,67,42,0,19,15,18,0,19,0,19,0,19,9,16,6,9,0,19,157,71,62,43,7,12,25,24,28,44,26,20,9,14,24,16,0,19,4,6,0,19,5,7,15,13,0,19
2024,06037276601,Census Tract 2766.01,Los Angeles,Los Angeles County,California,LosAngeles,689,128,59,50,0,14,0,14,0,14,0,14,59,50,0,14,106,60,40,36,22,23,0,14,5,8,39,39,0,14,443,118,190,88,59,48,17,19,27,24,145,88,5,7,81,68,0,14,0,14,9,15,0,14,52,64,20,21
2024,06037276605,Census Tract 2766.05,Los Angeles,Los Angeles County,California,LosAngeles,813,240,36,41,0,14,0,14,9,14,19,36,0,14,8,13,294,94,57,48,60,50,94,59,35,54,48,42,0,14,283,93,61,50,17,21,60,48,29,49,108,65,8,13,200,220,31,30,12,20,0,14,0,14,157,215,0,14
2024,06037276606,Census Tract 2766.06,Los Angeles,Los Angeles County,California,LosAngeles,1134,159,100,79,12,19,11,16,0,14,9,16,68,76,0,14,351,111,166,80,40,32,75,49,13,20,57,60,0,14,552,132,151,85,89,87,13,21,18,21,269,121,12,19,131,78,22,25,0,14,0,14,0,14,102,73,7,12
2024,06037276607,Census Tract 2766.07,Los Angeles,Los Angeles County,California,LosAngeles,958,164,258,123,10,16,0,14,0,14,16,25,202,117,30,48,337,136,70,69,69,70,25,28,0,14,173,102,0,14,316,166,33,40,42,51,10,18,0,14,210,156,21,32,47,38,11,17,0,14,13,19,0,14,23,28,0,14
2024,06037276608,Census Tract 2766.08,Los Angeles,Los Angeles County,California,LosAngeles,666,154,43,46,0,14,0,14,0,14,0,14,28,38,15,23,90,59,6,10,17,26,37,41,0,14,30,36,0,14,449,181,115,134,17,28,12,20,96,96,192,141,17,28,84,92,0,14,71,90,0,14,0,14,13,21,0,14
2024,06037277000,Census Tract 2770,Los Angeles,Los Angeles County,California,LosAngeles,649,304,27,44,0,19,0,19,0,19,0,19,27,44,0,19,122,94,0,19,24,39,41,45,0,19,24,39,33,53,462,284,95,78,31,49,52,70,83,73,201,254,0,19,38,41,0,19,0,19,0,19,0,19,29,35,9,18
2024,06037277100,Census Tract 2771,Los Angeles,Los Angeles County,California,LosAngeles,230,140,9,15,0,14,0,14,0,14,0,14,9,15,0,14,84,69,48,59,0,14,0,14,0,14,27,31,9,14,96,118,75,115,0,14,0,14,0,14,21,25,0,14,41,43,0,14,0,14,0,14,0,14,31,39,10,15
2024,06037277200,Census Tract 2772,Los Angeles,Los Angeles County,California,LosAngeles,799,172,69,52,0,14,0,14,0,14,0,14,69,52,0,14,154,79,37,37,10,12,18,26,8,11,81,63,0,14,350,112,33,25,28,21,35,42,55,50,199,107,0,14,226,131,9,12,11,17,4,8,0,14,191,133,11,17
2024,06037277400,Census Tract 2774,Los Angeles,Los Angeles County,California,LosAngeles,0,14,0,14,0,14,0,14,0,14,0,14,0,14,0,14,0,14,0,14,0,14,0,14,0,14,0,14,0,14,0,14,0,14,0,14,0,14,0,14,0,14,0,14,0,14,0,14,0,14,0,14,0,14,0,14,0,14
2024,06037278001,Census Tract 2780.01,Los Angeles,Los Angeles County,California,LosAngeles,507,92,48,51,0,14,0,14,0,14,0,14,48,51,0,14,91,64,10,16,28,34,0,14,10,18,43,43,0,14,308,80,50,53,52,58,8,14,28,35,170,82,0,14,60,37,36,26,11,16,0,14,0,14,13,21,0,14
2024,06037278102,Census Tract 2781.02,Los Angeles,Los Angeles County,California,LosAngeles,714,137,9,17,0,14,0,14,9,17,0,14,0,14,0,14,265,103,114,85,53,64,45,50,43,56,10,16,0,14,354,111,145,92,46,43,35,37,6,11,122,77,0,14,86,56,0,14,18,29,0,14,0,14,68,47,0,14
2024,06037291110,Census Tract 2911.10,Los Angeles,Los Angeles County,California,LosAngeles,1047,211,0,14,0,14,0,14,0,14,0,14,0,14,0,14,170,109,42,78,0,14,33,58,0,14,95,83,0,14,817,208,306,196,101,105,133,93,28,36,194,106,55,56,60,50,0,14,0,14,24,38,0,14,36,32,0,14
2024,06037291120,Census Tract 2911.20,Los Angeles,Los Angeles County,California,LosAngeles,469,79,0,14,0,14,0,14,0,14,0,14,0,14,0,14,120,58,35,31,0,14,0,14,16,21,69,50,0,14,334,89,67,55,63,52,26,31,21,21,151,57,6,10,15,17,0,14,0,14,0,14,0,14,15,17,0,14
2024,06037291130,Census Tract 2911.30,Los Angeles,Los Angeles County,California,LosAngeles,300,97,0,14,0,14,0,14,0,14,0,14,0,14,0,14,95,78,46,67,17,25,0,14,0,14,26,30,6,10,125,64,22,23,28,46,35,29,17,19,23,36,0,14,80,43,7,12,0,14,5,7,0,14,52,36,16,14
2024,06037291210,Census Tract 2912.10,Los Angeles,Los Angeles County,California,LosAngeles,838,188,8,14,0,14,0,14,0,14,0,14,8,14,0,14,288,161,76,80,80,86,0,14,0,14,132,132,0,14,478,155,109,94,87,75,55,54,37,61,190,112,0,14,64,56,0,14,0,14,0,14,0,14,64,56,0,14
2024,06037291220,Census Tract 2912.20,Los Angeles,Los Angeles County,California,LosAngeles,587,111,16,17,0,14,16,17,0,14,0,14,0,14,0,14,64,63,19,31,1,9,0,14,0,14,44,55,0,14,400,148,138,114,44,42,0,14,13,23,196,91,9,16,107,81,26,38,12,19,30,33,32,46,0,14,7,9
2024,06037291300,Census Tract 2913,Los Angeles,Los Angeles County,California,LosAngeles,234,82,0,14,0,14,0,14,0,14,0,14,0,14,0,14,26,29,0,14,12,20,14,21,0,14,0,14,0,14,192,87,76,79,7,13,46,60,0,14,63,39,0,14,16,15,0,14,6,10,0,14,0,14,2,3,8,12
2024,06037292001,Census Tract 2920.01,Los Angeles,Los Angeles County,California,LosAngeles,1196,155,44,27,0,14,0,14,0,14,37,34,7,18,0,14,205,104,38,57,38,37,10,18,26,40,54,40,39,63,746,162,119,75,91,72,56,47,67,72,413,126,0,14,201,122,0,14,19,29,20,24,33,49,129,108,0,14
2024,06037292002,Census Tract 2920.02,Los Angeles,Los Angeles County,California,LosAngeles,156,78,0,14,0,14,0,14,0,14,0,14,0,14,0,14,27,23,19,20,0,14,0,14,0,14,8,12,0,14,106,73,16,19,8,13,0,14,48,75,21,19,13,20,23,29,6,11,0,14,17,27,0,14,0,14,0,14
2024,06037293203,Census Tract 2932.03,Los Angeles,Los Angeles County,California,LosAngeles,679,124,56,50,0,14,0,14,0,14,19,29,37,42,0,14,166,96,27,31,0,14,23,36,20,26,96,86,0,14,415,143,72,62,0,14,5,12,49,48,283,128,6,9,42,38,0,14,14,27,0,14,0,14,28,29,0,14
2024,06037293204,Census Tract 2932.04,Los Angeles,Los Angeles County,California,LosAngeles,649,181,36,57,0,14,0,14,0,14,36,57,0,14,0,14,86,82,57,71,0,14,0,14,18,27,11,22,0,14,428,192,80,130,80,77,50,60,18,21,144,91,56,45,99,82,0,14,33,52,7,11,0,14,59,61,0,14
2024,06037293205,Census Tract 2932.05,Los Angeles,Los Angeles County,California,LosAngeles,1050,155,76,72,0,14,0,14,0,14,45,66,31,37,0,14,301,151,93,72,19,21,45,69,23,25,121,97,0,14,624,141,75,57,63,58,16,19,76,57,386,118,8,16,49,42,0,14,0,14,0,14,0,14,49,42,0,14
2024,06037293206,Census Tract 2932.06,Los Angeles,Los Angeles County,California,LosAngeles,592,86,38,36,0,14,0,14,0,14,0,14,38,36,0,14,44,42,9,15,0,14,0,14,0,14,35,39,0,14,350,111,62,60,23,26,54,42,16,26,195,86,0,14,160,56,32,27,14,21,0,14,6,9,96,49,12,20
2024,06037293301,Census Tract 2933.01,Los Angeles,Los Angeles County,California,LosAngeles,205,85,0,14,0,14,0,14,0,14,0,14,0,14,0,14,28,33,7,16,21,29,0,14,0,14,0,14,0,14,145,78,27,27,9,14,20,23,0,14,89,75,0,14,32,23,10,15,0,14,10,14,12,18,0,14,0,14
2024,06037293302,Census Tract 2933.02,Los Angeles,Los Angeles County,California,LosAngeles,611,186,16,25,0,14,0,14,16,25,0,14,0,14,0,14,89,67,17,20,12,20,0,14,8,13,52,57,0,14,421,166,98,77,70,82,16,26,31,47,206,164,0,14,85,60,12,21,0,14,0,14,0,14,61,55,12,19
2024,06037293304,Census Tract 2933.04,Los Angeles,Los Angeles County,California,LosAngeles,1080,201,31,40,0,14,0,14,0,14,0,14,12,21,19,31,258,100,13,23,43,55,0,14,51,58,116,67,35,43,601,204,130,85,91,69,0,14,151,136,194,144,35,55,190,76,63,61,7,10,0,14,13,18,98,69,9,14
2024,06037293306,Census Tract 2933.06,Los Angeles,Los Angeles County,California,LosAngeles,220,81,0,14,0,14,0,14,0,14,0,14,0,14,0,14,48,44,44,44,0,14,0,14,0,14,4,7,0,14,154,73,28,37,66,53,10,15,8,13,42,40,0,14,18,25,0,14,0,14,0,14,0,14,18,25,0,14
2024,06037293307,Census Tract 2933.07,Los Angeles,Los Angeles County,California,LosAngeles,673,165,20,28,20,28,0,14,0,14,0,14,0,14,0,14,143,100,48,72,42,53,5,8,0,14,48,44,0,14,483,167,71,50,40,40,59,50,36,37,268,157,9,13,27,31,0,14,0,14,0,14,17,27,10,15,0,14
2024,06037294110,Census Tract 2941.10,Los Angeles,Los Angeles County,California,LosAngeles,472,129,0,14,0,14,0,14,0,14,0,14,0,14,0,14,114,87,7,12,15,18,49,55,0,14,43,62,0,14,280,107,59,66,39,42,29,40,40,48,113,78,0,14,78,69,11,18,0,14,0,14,39,54,28,46,0,14
2024,06037294120,Census Tract 2941.20,Los Angeles,Los Angeles County,California,LosAngeles,370,124,16,27,0,14,0,14,0,14,0,14,16,27,0,14,15,16,0,14,0,14,0,14,0,14,15,16,0,14,264,134,65,42,17,25,43,41,0,14,139,128,0,14,75,51,18,26,22,33,0,14,6,9,29,33,0,14
2024,06037294200,Census Tract 2942,Los Angeles,Los Angeles County,California,LosAngeles,563,180,16,13,8,12,0,14,0,14,8,13,0,14,0,14,62,61,33,51,20,36,0,14,9,14,0,14,0,14,384,162,88,62,27,44,0,14,24,32,222,141,23,34,101,64,0,14,29,37,8,15,0,14,64,57,0,14
2024,06037294301,Census Tract 2943.01,Los Angeles,Los Angeles County,California,LosAngeles,147,54,0,14,0,14,0,14,0,14,0,14,0,14,0,14,31,39,0,14,0,14,0,14,0,14,31,39,0,14,83,46,10,15,0,14,7,10,8,12,58,43,0,14,33,27,0,14,0,14,7,10,0,14,26,25,0,14
2024,06037294302,Census Tract 2943.02,Los Angeles,Los Angeles County,California,LosAngeles,631,149,10,15,0,14,0,14,0,14,0,14,10,15,0,14,229,104,33,50,29,46,0,14,35,54,132,81,0,14,330,144,58,54,16,26,35,40,65,102,150,91,6,10,62,57,0,14,0,14,2,3,25,40,35,43,0,14
2024,06037294410,Census Tract 2944.10,Los Angeles,Los Angeles County,California,LosAngeles,873,134,38,40,0,19,0,19,12,20,0,19,26,33,0,19,137,97,0,19,0,19,25,39,0,19,48,56,64,75,551,148,138,85,88,65,50,52,74,84,201,95,0,19,147,95,52,68,19,22,15,23,51,42,10,14,0,19
2024,06037294421,Census Tract 2944.21,Los Angeles,Los Angeles County,California,LosAngeles,512,174,39,40,0,14,0,14,12,21,0,14,27,34,0,14,45,37,0,14,0,14,0,14,6,9,28,32,11,19,358,154,54,38,24,26,34,24,28,39,216,158,2,11,70,46,24,28,29,28,0,14,0,14,17,26,0,14
2024,06037294510,Census Tract 2945.10,Los Angeles,Los Angeles County,California,LosAngeles,671,160,47,41,0,14,0,14,0,14,17,27,28,32,2,7,179,113,50,81,62,57,36,53,0,14,13,21,18,30,382,154,30,29,58,55,36,44,32,48,213,131,13,24,63,47,0,14,0,14,0,14,0,14,63,47,0,14
2024,06037294520,Census Tract 2945.20,Los Angeles,Los Angeles County,California,LosAngeles,595,87,9,14,0,14,0,14,0,14,0,14,0,14,9,14,48,34,6,9,0,14,4,7,0,14,38,32,0,14,513,84,81,44,57,41,40,31,40,31,271,89,24,26,25,22,2,5,0,14,0,14,0,14,23,22,0,14
2024,06037294610,Census Tract 2946.10,Los Angeles,Los Angeles County,California,LosAngeles,853,145,26,39,0,14,0,14,0,14,0,14,26,39,0,14,209,76,77,62,9,17,24,23,17,28,82,57,0,14,464,163,113,122,8,13,71,54,24,21,248,104,0,14,154,80,21,30,0,14,73,57,17,20,15,19,28,31
2024,06037294620,Census Tract 2946.20,Los Angeles,Los Angeles County,California,LosAngeles,551,158,7,13,7,13,0,14,0,14,0,14,0,14,0,14,28,45,0,14,28,45,0,14,0,14,0,14,0,14,333,148,55,52,57,67,50,57,0,14,83,84,88,93,183,82,25,40,4,6,33,42,0,14,109,79,12,20
2024,06037294701,Census Tract 2947.01,Los Angeles,Los Angeles County,California,LosAngeles,784,84,40,40,13,19,0,14,0,14,0,14,27,34,0,14,117,62,27,31,4,7,5,7,0,14,63,50,18,30,457,93,35,26,33,30,13,17,24,24,288,87,64,46,170,75,16,21,0,14,0,14,14,23,130,71,10,14
2024,06037294810,Census Tract 2948.10,Los Angeles,Los Angeles County,California,LosAngeles,819,123,12,22,0,14,0,14,0,14,0,14,12,22,0,14,175,87,35,40,19,26,0,14,14,22,107,69,0,14,582,136,101,77,36,41,0,14,30,49,406,112,9,14,50,44,0,14,7,17,14,24,0,14,29,35,0,14
2024,06037294820,Census Tract 2948.20,Los Angeles,Los Angeles County,California,LosAngeles,893,109,14,23,0,14,0,14,0,14,0,14,14,23,0,14,213,66,36,32,2,9,18,21,24,29,133,66,0,14,611,124,82,51,72,58,67,47,59,39,331,123,0,14,55,41,0,14,0,14,0,14,0,14,35,31,20,30
2024,06037294830,Census Tract 2948.30,Los Angeles,Los Angeles County,California,LosAngeles,746,116,14,25,0,14,14,25,0,14,0,14,0,14,0,14,187,86,62,69,20,31,2,4,0,14,103,62,0,14,461,132,108,72,68,61,54,47,25,28,195,105,11,19,84,65,25,33,0,14,0,14,0,14,59,60,0,14
2024,06037294900,Census Tract 2949,Los Angeles,Los Angeles County,California,LosAngeles,763,87,13,20,0,14,0,14,0,14,0,14,13,20,0,14,134,66,12,13,0,14,14,23,0,14,80,47,28,40,471,102,101,63,6,9,69,45,39,37,256,94,0,14,145,63,0,14,23,27,30,31,27,25,65,65,0,14
2024,06037295103,Census Tract 2951.03,Los Angeles,Los Angeles County,California,LosAngeles,584,205,25,40,25,40,0,14,0,14,0,14,0,14,0,14,29,46,0,14,0,14,0,14,29,46,0,14,0,14,368,159,86,77,0,14,61,56,104,91,117,100,0,14,162,140,18,29,16,25,0,14,13,21,102,131,13,23
2024,06037296210,Census Tract 2962.10,Los Angeles,Los Angeles County,California,LosAngeles,851,112,3,5,0,14,0,14,0,14,0,14,3,5,0,14,129,66,6,12,45,43,0,14,0,14,74,47,4,6,635,121,87,51,100,54,4,6,92,65,312,124,40,46,84,50,0,14,0,14,17,27,0,14,67,39,0,14
2024,06037296220,Census Tract 2962.20,Los Angeles,Los Angeles County,California,LosAngeles,1955,195,88,79,0,14,0,14,0,14,0,14,88,79,0,14,433,205,33,39,28,34,224,134,2,9,146,117,0,14,706,224,152,110,0,14,27,51,19,32,482,238,26,52,728,237,176,159,87,91,44,46,168,145,253,170,0,14
2024,06037296300,Census Tract 2963,Los Angeles,Los Angeles County,California,LosAngeles,849,191,66,72,0,19,0,19,0,19,19,34,47,67,0,19,107,106,0,19,7,11,0,19,0,19,16,28,84,103,502,201,91,63,95,103,39,48,19,32,258,136,0,19,174,100,4,6,39,57,46,55,17,28,68,68,0,19
2024,06037296401,Census Tract 2964.01,Los Angeles,Los Angeles County,California,LosAngeles,179,99,10,15,0,14,0,14,0,14,0,14,10,15,0,14,11,17,0,14,0,14,0,14,0,14,11,17,0,14,67,71,0,14,0,14,32,38,0,14,35,45,0,14,91,72,15,23,12,18,0,14,0,14,64,66,0,14
2024,06037296402,Census Tract 2964.02,Los Angeles,Los Angeles County,California,LosAngeles,241,87,0,14,0,14,0,14,0,14,0,14,0,14,0,14,22,28,11,19,0,14,0,14,0,14,11,20,0,14,184,84,48,65,75,48,0,14,33,33,28,27,0,14,35,31,0,14,0,14,0,14,0,14,35,31,0,14
2024,06037296500,Census Tract 2965,Los Angeles,Los Angeles County,California,LosAngeles,784,146,7,11,0,14,0,14,0,14,0,14,7,11,0,14,257,121,94,82,0,14,58,64,0,14,105,74,0,14,385,137,122,104,55,52,54,57,23,28,116,74,15,22,135,100,64,84,0,14,17,28,0,14,44,47,10,17
2024,06037296600,Census Tract 2966,Los Angeles,Los Angeles County,California,LosAngeles,1682,360,10,17,0,19,0,19,0,19,0,19,10,17,0,19,323,144,118,112,69,63,35,55,10,15,91,65,0,19,1111,403,93,100,71,68,25,30,36,40,821,407,65,93,238,98,41,40,14,22,25,28,0,19,143,77,15,25
2024,06037296901,Census Tract 2969.01,Los Angeles,Los Angeles County,California,LosAngeles,1314,203,9,15,0,14,0,14,0,14,9,15,0,14,0,14,396,190,173,171,26,38,25,35,29,43,143,82,0,14,723,155,85,66,79,66,124,94,36,41,372,139,27,43,186,74,29,32,22,33,36,44,0,14,60,49,39,46
2024,06037296902,Census Tract 2969.02,Los Angeles,Los Angeles County,California,LosAngeles,1242,141,11,18,0,14,0,14,0,14,0,14,11,18,0,14,161,90,48,52,50,51,0,14,15,26,48,54,0,14,840,156,161,83,25,23,60,72,27,28,558,160,9,14,230,83,47,56,0,14,0,14,0,14,183,68,0,14
2024,06037297001,Census Tract 2970.01,Los Angeles,Los Angeles County,California,LosAngeles,157,58,0,14,0,14,0,14,0,14,0,14,0,14,0,14,51,47,16,25,0,14,0,14,0,14,35,44,0,14,89,49,28,26,5,9,17,26,0,14,31,30,8,15,17,11,0,14,0,14,0,14,0,14,17,11,0,14
2024,06037297002,Census Tract 2970.02,Los Angeles,Los Angeles County,California,LosAngeles,879,170,36,55,0,14,0,14,0,14,0,14,36,55,0,14,186,94,37,53,46,57,12,19,0,14,91,74,0,14,550,172,203,92,180,132,19,24,0,14,137,96,11,19,107,57,38,39,0,14,17,22,18,29,34,34,0,14
2024,06037297110,Census Tract 2971.10,Los Angeles,Los Angeles County,California,LosAngeles,1265,201,13,18,0,14,0,14,0,14,0,14,13,18,0,14,187,92,31,35,40,64,0,14,28,47,88,68,0,14,793,216,123,88,83,71,129,100,113,76,304,157,41,35,272,125,45,50,57,72,6,10,16,22,139,84,9,14
2024,06037297120,Census Tract 2971.20,Los Angeles,Los Angeles County,California,LosAngeles,662,139,12,19,0,14,0,14,0,14,0,14,12,19,0,14,109,85,0,14,0,14,0,14,44,57,65,76,0,14,502,143,109,69,0,14,50,57,60,59,276,116,7,13,39,47,0,14,0,14,0,14,0,14,39,47,0,14
2024,06037297201,Census Tract 2972.01,Los Angeles,Los Angeles County,California,LosAngeles,889,180,9,15,0,14,0,14,9,15,0,14,0,14,0,14,124,73,64,54,0,14,27,46,17,26,16,20,0,14,605,194,92,65,123,85,33,38,19,31,324,165,14,24,151,91,16,17,0,14,0,14,0,14,126,90,9,15
2024,06037297202,Census Tract 2972.02,Los Angeles,Los Angeles County,California,LosAngeles,970,214,12,21,0,14,0,14,0,14,0,14,12,21,0,14,175,102,57,50,0,14,87,79,0,14,31,36,0,14,608,171,180,133,36,37,108,69,30,35,254,125,0,14,175,175,0,14,11,19,19,23,0,14,25,28,120,165
2024,06037297300,Census Tract 2973,Los Angeles,Los Angeles County,California,LosAngeles,376,67,0,14,0,14,0,14,0,14,0,14,0,14,0,14,102,51,0,14,0,14,68,50,0,14,34,20,0,14,188,59,15,16,29,34,16,16,22,25,89,47,17,24,86,56,5,7,0,14,7,10,11,12,63,54,0,14
2024,06037297400,Census Tract 2974,Los Angeles,Los Angeles County,California,LosAngeles,237,102,0,14,0,14,0,14,0,14,0,14,0,14,0,14,20,33,20,33,0,14,0,14,0,14,0,14,0,14,133,92,53,58,0,14,9,14,0,14,19,23,52,51,84,49,0,14,0,14,0,14,10,15,57,43,17,19
2024,06037297501,Census Tract 2975.01,Los Angeles,Los Angeles County,California,LosAngeles,203,83,0,14,0,14,0,14,0,14,0,14,0,14,0,14,13,21,0,14,0,14,0,14,0,14,13,21,0,14,92,57,33,47,40,41,13,20,0,14,0,14,6,15,98,54,29,38,0,14,8,13,10,16,51,43,0,14
2024,06037297502,Census Tract 2975.02,Los Angeles,Los Angeles County,California,LosAngeles,513,148,20,29,0,14,0,14,0,14,0,14,20,29,0,14,101,117,0,14,20,32,0,14,0,14,81,116,0,14,304,130,93,55,79,107,19,22,24,36,89,67,0,14,88,49,0,14,13,20,13,22,0,14,62,49,0,14
2024,06037297601,Census Tract 2976.01,Los Angeles,Los Angeles County,California,LosAngeles,1055,166,13,20,0,14,0,14,0,14,13,20,0,14,0,14,326,147,88,82,44,49,24,26,18,31,152,126,0,14,461,175,64,76,39,39,37,36,63,65,225,125,33,51,255,98,65,73,17,24,31,30,23,27,119,81,0,14
2024,06037297602,Census Tract 2976.02,Los Angeles,Los Angeles County,California,LosAngeles,1021,208,14,24,0,14,0,14,0,14,0,14,14,24,0,14,135,77,10,15,13,22,0,14,71,73,41,43,0,14,673,180,135,80,160,83,118,102,26,31,222,111,12,18,199,91,23,26,41,52,35,48,53,61,35,31,12,19
2024,06037301702,Census Tract 3017.02,Los Angeles,Los Angeles County,California,LosAngeles,1576,229,37,57,0,19,0,19,0,19,0,19,37,57,0,19,364,152,29,34,62,73,5,16,43,44,225,125,0,19,886,237,189,129,59,59,85,84,36,58,450,203,67,74,289,139,117,87,0,19,50,53,11,24,111,89,0,19
2024,06037320102,Census Tract 3201.02,Los Angeles,Los Angeles County,California,LosAngeles,271,92,0,14,0,14,0,14,0,14,0,14,0,14,0,14,20,23,3,7,0,14,4,8,0,14,13,20,0,14,197,82,4,7,18,21,30,31,0,14,145,74,0,14,54,44,7,11,0,14,6,10,10,15,0,14,31,37
2024,06037930400,Census Tract 9304,Los Angeles,Los Angeles County,California,LosAngeles,93,50,0,14,0,14,0,14,0,14,0,14,0,14,0,14,16,26,0,14,0,14,0,14,16,26,0,14,0,14,41,34,21,24,0,14,0,14,0,14,0,14,20,24,36,30,9,12,0,14,22,25,0,14,5,8,0,14
2024,06037980008,Census Tract 9800.08,Los Angeles,Los Angeles County,California,LosAngeles,25,31,0,14,0,14,0,14,0,14,0,14,0,14,0,14,20,33,0,14,0,14,0,14,0,14,20,33,0,14,0,14,0,14,0,14,0,14,0,14,0,14,0,14,5,7,5,7,0,14,0,14,0,14,0,14,0,14
2024,06037980009,Census Tract 9800.09,Los Angeles,Los Angeles County,California,LosAngeles,0,14,0,14,0,14,0,14,0,14,0,14,0,14,0,14,0,14,0,14,0,14,0,14,0,14,0,14,0,14,0,14,0,14,0,14,0,14,0,14,0,14,0,14,0,14,0,14,0,14,0,14,0,14,0,14,0,14
2024,06037980010,Census Tract 9800.10,Los Angeles,Los Angeles County,California,LosAngeles,68,29,0,14,0,14,0,14,0,14,0,14,0,14,0,14,4,7,4,7,0,14,0,14,0,14,0,14,0,14,30,22,0,14,6,8,0,14,0,14,20,20,4,7,34,38,4,6,0,14,0,14,0,14,30,37,0,14
2024,06037980014,Census Tract 9800.14,Los Angeles,Los Angeles County,California,LosAngeles,6,10,0,14,0,14,0,14,0,14,0,14,0,14,0,14,0,14,0,14,0,14,0,14,0,14,0,14,0,14,6,10,0,14,0,14,0,14,0,14,6,10,0,14,0,14,0,14,0,14,0,14,0,14,0,14,0,14
2024,06037980015,Census Tract 9800.15,Los Angeles,Los Angeles County,California,LosAngeles,492,76,22,29,0,14,0,14,0,14,3,5,19,29,0,14,121,44,14,20,8,14,8,14,36,32,55,37,0,14,324,77,33,34,43,35,90,64,10,11,148,63,0,14,25,27,0,14,0,14,0,14,13,20,12,19,0,14
2024,06037980017,Census Tract 9800.17,Los Angeles,Los Angeles County,California,LosAngeles,33,29,0,14,0,14,0,14,0,14,0,14,0,14,0,14,5,6,5,6,0,14,0,14,0,14,0,14,0,14,14,17,14,17,0,14,0,14,0,14,0,14,0,14,14,22,0,14,0,14,0,14,0,14,0,14,14,22
2024,06037980019,Census Tract 9800.19,Los Angeles,Los Angeles County,California,LosAngeles,19,17,0,14,0,14,0,14,0,14,0,14,0,14,0,14,0,14,0,14,0,14,0,14,0,14,0,14,0,14,7,11,0,14,7,11,0,14,0,14,0,14,0,14,12,12,0,14,0,14,0,14,0,14,12,12,0,14
2024,06037980020,Census Tract 9800.20,Los Angeles,Los Angeles County,California,LosAngeles,0,14,0,14,0,14,0,14,0,14,0,14,0,14,0,14,0,14,0,14,0,14,0,14,0,14,0,14,0,14,0,14,0,14,0,14,0,14,0,14,0,14,0,14,0,14,0,14,0,14,0,14,0,14,0,14,0,14
2024,06037980021,Census Tract 9800.21,Los Angeles,Los Angeles County,California,LosAngeles,0,14,0,14,0,14,0,14,0,14,0,14,0,14,0,14,0,14,0,14,0,14,0,14,0,14,0,14,0,14,0,14,0,14,0,14,0,14,0,14,0,14,0,14,0,14,0,14,0,14,0,14,0,14,0,14,0,14
2024,06037980022,Census Tract 9800.22,Los Angeles,Los Angeles County,California,LosAngeles,0,14,0,14,0,14,0,14,0,14,0,14,0,14,0,14,0,14,0,14,0,14,0,14,0,14,0,14,0,14,0,14,0,14,0,14,0,14,0,14,0,14,0,14,0,14,0,14,0,14,0,14,0,14,0,14,0,14
2024,06037980023,Census Tract 9800.23,Los Angeles,Los Angeles County,California,LosAngeles,0,14,0,14,0,14,0,14,0,14,0,14,0,14,0,14,0,14,0,14,0,14,0,14,0,14,0,14,0,14,0,14,0,14,0,14,0,14,0,14,0,14,0,14,0,14,0,14,0,14,0,14,0,14,0,14,0,14
2024,06037980024,Census Tract 9800.24,Los Angeles,Los Angeles County,California,LosAngeles,29,38,0,14,0,14,0,14,0,14,0,14,0,14,0,14,0,14,0,14,0,14,0,14,0,14,0,14,0,14,23,37,23,37,0,14,0,14,0,14,0,14,0,14,6,9,0,14,0,14,0,14,0,14,6,9,0,14
2024,06037980026,Census Tract 9800.26,Los Angeles,Los Angeles County,California,LosAngeles,5,7,0,14,0,14,0,14,0,14,0,14,0,14,0,14,5,7,0,14,0,14,0,14,0,14,5,7,0,14,0,14,0,14,0,14,0,14,0,14,0,14,0,14,0,14,0,14,0,14,0,14,0,14,0,14,0,14
2024,06037980028,Census Tract 9800.28,Los Angeles,Los Angeles County,California,LosAngeles,0,14,0,14,0,14,0,14,0,14,0,14,0,14,0,14,0,14,0,14,0,14,0,14,0,14,0,14,0,14,0,14,0,14,0,14,0,14,0,14,0,14,0,14,0,14,0,14,0,14,0,14,0,14,0,14,0,14
2024,06037980031,Census Tract 9800.31,Los Angeles,Los Angeles County,California,LosAngeles,5,7,0,14,0,14,0,14,0,14,0,14,0,14,0,14,0,14,0,14,0,14,0,14,0,14,0,14,0,14,5,7,5,7,0,14,0,14,0,14,0,14,0,14,0,14,0,14,0,14,0,14,0,14,0,14,0,14
2024,06037980039,Census Tract 9800.39,Los Angeles,Los Angeles County,California,LosAngeles,0,14,0,14,0,14,0,14,0,14,0,14,0,14,0,14,0,14,0,14,0,14,0,14,0,14,0,14,0,14,0,14,0,14,0,14,0,14,0,14,0,14,0,14,0,14,0,14,0,14,0,14,0,14,0,14,0,14
2024,06037990200,Census Tract 9902,Los Angeles,Los Angeles County,California,LosAngeles,0,14,0,14,0,14,0,14,0,14,0,14,0,14,0,14,0,14,0,14,0,14,0,14,0,14,0,14,0,14,0,14,0,14,0,14,0,14,0,14,0,14,0,14,0,14,0,14,0,14,0,14,0,14,0,14,0,14
2024,06037540000,Census Tract 5400,Lynwood,Los Angeles County,California,Lynwood,804,180,0,19,0,19,0,19,0,19,0,19,0,19,0,19,173,96,45,51,0,19,0,19,0,19,128,80,0,19,481,154,36,39,13,20,35,44,62,80,335,142,0,19,150,132,28,31,0,19,84,122,0,19,38,42,0,19
2024,06037540101,Census Tract 5401.01,Lynwood,Los Angeles County,California,Lynwood,446,135,22,35,0,19,0,19,22,35,0,19,0,19,0,19,147,116,0,19,37,47,6,9,0,19,104,94,0,19,258,87,39,51,17,27,54,52,26,35,122,75,0,19,19,25,0,19,0,19,0,19,14,22,5,10,0,19
2024,06037540102,Census Tract 5401.02,Lynwood,Los Angeles County,California,Lynwood,383,99,23,33,0,19,0,19,0,19,0,19,0,19,23,33,36,41,0,19,0,19,0,19,17,28,19,30,0,19,290,95,143,94,33,34,37,30,0,19,54,59,23,36,34,43,0,19,27,42,0,19,0,19,7,10,0,19
2024,06037540201,Census Tract 5402.01,Lynwood,Los Angeles County,California,Lynwood,438,67,44,38,15,25,0,14,0,14,11,16,18,25,0,14,86,47,0,14,11,18,5,7,0,14,70,42,0,14,224,78,46,37,13,20,34,39,47,36,78,46,6,10,84,52,0,14,17,26,16,23,16,25,22,26,13,20
2024,06037540202,Census Tract 5402.02,Lynwood,Los Angeles County,California,Lynwood,1156,156,13,21,0,19,0,19,0,19,0,19,13,21,0,19,159,90,36,45,55,54,29,48,12,19,27,25,0,19,862,195,89,85,91,74,47,53,130,81,485,183,20,32,122,82,0,19,45,54,49,52,0,19,28,31,0,19
2024,06037540203,Census Tract 5402.03,Lynwood,Los Angeles County,California,Lynwood,995,186,0,19,0,19,0,19,0,19,0,19,0,19,0,19,77,58,20,33,0,19,17,31,16,27,12,20,12,19,844,201,143,105,119,68,118,101,66,66,350,155,48,64,74,72,0,19,17,27,0,19,0,19,57,67,0,19
2024,06037540300,Census Tract 5403,Lynwood,Los Angeles County,California,Lynwood,495,152,25,39,0,14,0,14,0,14,25,39,0,14,0,14,80,67,0,14,0,14,0,14,30,43,50,53,0,14,342,142,103,92,9,20,24,39,0,14,189,93,17,22,48,55,0,14,36,53,0,14,0,14,12,19,0,14
2024,06037540501,Census Tract 5405.01,Lynwood,Los Angeles County,California,Lynwood,430,153,23,38,0,19,0,19,0,19,0,19,23,38,0,19,82,63,12,21,0,19,0,19,0,19,70,66,0,19,240,132,16,25,0,19,0,19,30,45,194,129,0,19,85,59,0,19,0,19,18,31,0,19,18,29,49,54
2024,06037540502,Census Tract 5405.02,Lynwood,Los Angeles County,California,Lynwood,1421,221,8,16,0,19,0,19,0,19,0,19,8,16,0,19,261,109,16,26,17,21,23,34,69,69,107,73,29,35,1141,235,203,90,226,169,21,31,140,75,512,220,39,56,11,17,11,17,0,19,0,19,0,19,0,19,0,19
2024,06037541700,Census Tract 5417,Lynwood,Los Angeles County,California,Lynwood,325,121,0,19,0,19,0,19,0,19,0,19,0,19,0,19,103,83,42,62,14,26,0,19,0,19,47,52,0,19,200,108,68,61,27,43,30,44,0,19,75,57,0,19,22,26,9,14,0,19,0,19,0,19,13,21,0,19
2024,06037541801,Census Tract 5418.01,Lynwood,Los Angeles County,California,Lynwood,762,117,14,24,14,24,0,19,0,19,0,19,0,19,0,19,171,123,0,19,91,101,0,19,0,19,80,97,0,19,535,145,95,77,0,19,92,77,45,46,285,104,18,34,42,69,0,19,42,69,0,19,0,19,0,19,0,19
2024,06037541802,Census Tract 5418.02,Lynwood,Los Angeles County,California,Lynwood,380,110,38,40,0,19,0,19,0,19,0,19,38,40,0,19,99,80,0,19,0,19,0,19,5,10,94,79,0,19,215,91,33,38,0,19,8,15,34,41,109,71,31,43,28,33,0,19,0,19,0,19,0,19,28,33,0,19
2024,06037800406,Census Tract 8004.06,Malibu,Los Angeles County,California,Malibu,98,56,0,14,0,14,0,14,0,14,0,14,0,14,0,14,0,14,0,14,0,14,0,14,0,14,0,14,0,14,65,46,26,23,21,34,0,14,0,14,12,17,6,10,33,35,11,15,0,14,0,14,0,14,22,30,0,14
2024,06037800410,Census Tract 8004.10,Malibu,Los Angeles County,California,Malibu,141,70,0,14,0,14,0,14,0,14,0,14,0,14,0,14,19,22,0,14,9,14,0,14,0,14,10,15,0,14,68,42,11,15,6,12,5,8,0,14,14,18,32,28,54,47,7,11,0,14,0,14,9,14,19,31,19,29
2024,06037800411,Census Tract 8004.11,Malibu,Los Angeles County,California,Malibu,199,87,0,14,0,14,0,14,0,14,0,14,0,14,0,14,0,14,0,14,0,14,0,14,0,14,0,14,0,14,157,79,0,14,16,21,5,9,6,9,57,46,73,67,42,42,11,16,0,14,0,14,0,14,31,38,0,14
2024,06037800412,Census Tract 8004.12,Malibu,Los Angeles County,California,Malibu,227,110,0,14,0,14,0,14,0,14,0,14,0,14,0,14,15,25,15,25,0,14,0,14,0,14,0,14,0,14,161,90,14,22,27,35,11,18,0,14,48,55,61,64,51,53,26,43,0,14,0,14,0,14,16,28,9,15
2024,06037800504,Census Tract 8005.04,Malibu,Los Angeles County,California,Malibu,346,167,89,74,0,14,0,14,0,14,0,14,31,44,58,66,72,85,47,73,0,14,0,14,0,14,25,41,0,14,149,117,74,92,0,14,0,14,0,14,75,67,0,14,36,57,0,14,36,57,0,14,0,14,0,14,0,14
2024,06037800506,Census Tract 8005.06,Malibu,Los Angeles County,California,Malibu,276,118,0,14,0,14,0,14,0,14,0,14,0,14,0,14,81,63,19,31,18,27,0,14,0,14,44,50,0,14,75,57,17,26,25,29,0,14,0,14,33,41,0,14,120,74,34,35,0,14,11,17,0,14,75,63,0,14
2024,06037990100,Census Tract 9901,Malibu,Los Angeles County,California,Malibu,0,14,0,14,0,14,0,14,0,14,0,14,0,14,0,14,0,14,0,14,0,14,0,14,0,14,0,14,0,14,0,14,0,14,0,14,0,14,0,14,0,14,0,14,0,14,0,14,0,14,0,14,0,14,0,14,0,14
2024,06037990200,Census Tract 9902,Malibu,Los Angeles County,California,Malibu,0,14,0,14,0,14,0,14,0,14,0,14,0,14,0,14,0,14,0,14,0,14,0,14,0,14,0,14,0,14,0,14,0,14,0,14,0,14,0,14,0,14,0,14,0,14,0,14,0,14,0,14,0,14,0,14,0,14
2024,06037620201,Census Tract 6202.01,Manhattan Beach,Los Angeles County,California,ManhattanBeach,580,140,23,32,23,32,0,14,0,14,0,14,0,14,0,14,184,74,33,23,47,33,16,14,14,14,74,64,0,14,341,136,152,110,40,30,54,43,6,10,89,54,0,14,32,22,10,15,0,14,0,14,4,5,4,8,14,15
2024,06037620301,Census Tract 6203.01,Manhattan Beach,Los Angeles County,California,ManhattanBeach,180,106,0,14,0,14,0,14,0,14,0,14,0,14,0,14,0,14,0,14,0,14,0,14,0,14,0,14,0,14,108,79,9,16,13,21,7,11,0,14,79,78,0,14,72,68,6,10,0,14,0,14,0,14,66,67,0,14
2024,06037620303,Census Tract 6203.03,Manhattan Beach,Los Angeles County,California,ManhattanBeach,640,233,0,14,0,14,0,14,0,14,0,14,0,14,0,14,124,69,101,66,0,14,0,14,0,14,15,24,8,12,516,218,78,71,72,55,37,56,32,43,227,173,70,98,0,14,0,14,0,14,0,14,0,14,0,14,0,14
2024,06037620305,Census Tract 6203.05,Manhattan Beach,Los Angeles County,California,ManhattanBeach,1181,279,27,45,0,19,0,19,27,45,0,19,0,19,0,19,267,117,101,86,75,65,9,15,0,19,82,75,0,19,822,279,185,123,223,155,16,26,9,15,330,166,59,73,65,51,0,19,37,46,0,19,0,19,28,35,0,19
2024,06037620400,Census Tract 6204,Manhattan Beach,Los Angeles County,California,ManhattanBeach,690,168,22,35,0,19,22,35,0,19,0,19,0,19,0,19,249,155,129,91,0,19,0,19,90,135,30,41,0,19,298,155,102,73,24,37,95,128,0,19,77,74,0,19,121,104,58,91,0,19,0,19,19,30,44,49,0,19
2024,06037620801,Census Tract 6208.01,Manhattan Beach,Los Angeles County,California,ManhattanBeach,182,85,0,14,0,14,0,14,0,14,0,14,0,14,0,14,77,69,9,14,0,14,0,14,0,14,10,16,58,66,75,47,10,17,23,27,0,14,0,14,23,25,19,31,30,30,0,14,0,14,0,14,0,14,18,23,12,19
2024,06037620802,Census Tract 6208.02,Manhattan Beach,Los Angeles County,California,ManhattanBeach,617,362,11,18,0,14,0,14,0,14,11,18,0,14,0,14,80,85,71,83,0,14,9,16,0,14,0,14,0,14,472,359,242,334,126,90,19,21,0,14,75,66,10,16,54,44,0,14,12,19,0,14,0,14,42,39,0,14
2024,06037620901,Census Tract 6209.01,Manhattan Beach,Los Angeles County,California,ManhattanBeach,152,70,5,7,0,14,0,14,0,14,0,14,5,7,0,14,8,12,8,12,0,14,0,14,0,14,0,14,0,14,123,64,34,26,13,15,9,14,0,14,48,35,19,34,16,17,0,14,0,14,0,14,0,14,9,13,7,10
2024,06037620904,Census Tract 6209.04,Manhattan Beach,Los Angeles County,California,ManhattanBeach,485,146,0,14,0,14,0,14,0,14,0,14,0,14,0,14,119,81,44,44,12,19,0,14,53,71,10,18,0,14,346,147,113,71,6,10,42,51,44,43,86,71,55,51,20,23,14,21,0,14,0,14,0,14,6,10,0,14
2024,06037990200,Census Tract 9902,Manhattan Beach,Los Angeles County,California,ManhattanBeach,0,14,0,14,0,14,0,14,0,14,0,14,0,14,0,14,0,14,0,14,0,14,0,14,0,14,0,14,0,14,0,14,0,14,0,14,0,14,0,14,0,14,0,14,0,14,0,14,0,14,0,14,0,14,0,14,0,14
2024,06037274202,Census Tract 2742.02,Marina del Rey,Los Angeles County,California,MarinadelRey,1335,280,19,30,0,14,0,14,0,14,0,14,19,30,0,14,329,158,122,93,0,14,0,14,103,82,104,106,0,14,589,213,344,196,40,46,48,64,0,14,157,98,0,14,398,166,74,82,13,21,142,130,10,17,141,98,18,27
2024,06037702900,Census Tract 7029,Marina del Rey,Los Angeles County,California,MarinadelRey,5041,780,407,385,0,19,0,19,257,335,0,19,150,178,0,19,1524,496,385,229,276,317,148,229,0,19,715,374,0,19,2730,748,729,481,366,299,421,232,304,239,853,446,57,111,380,214,38,62,110,92,0,19,38,62,194,166,0,19
2024,06037431300,Census Tract 4313,Mayflower Village,Los Angeles County,California,MayflowerVillage,377,111,0,14,0,14,0,14,0,14,0,14,0,14,0,14,137,76,37,51,0,14,10,12,49,53,41,44,0,14,196,95,54,65,24,28,34,35,9,14,70,41,5,8,44,28,0,14,7,11,5,8,0,14,14,14,18,22
2024,06037431400,Census Tract 4314,Mayflower Village,Los Angeles County,California,MayflowerVillage,352,147,9,15,0,14,0,14,0,14,0,14,9,15,0,14,32,31,17,26,10,16,0,14,5,8,0,14,0,14,124,65,0,14,40,44,0,14,24,27,60,46,0,14,187,134,0,14,0,14,98,98,0,14,89,92,0,14
2024,06037533300,Census Tract 5333,Maywood,Los Angeles County,California,Maywood,597,103,5,7,0,14,0,14,5,7,0,14,0,14,0,14,240,97,23,25,11,13,38,41,0,14,163,89,5,8,329,85,65,41,17,22,40,36,7,12,200,80,0,14,23,20,0,14,0,14,0,14,0,14,6,8,17,18
2024,06037533401,Census Tract 5334.01,Maywood,Los Angeles County,California,Maywood,935,173,27,39,0,14,0,14,0,14,0,14,27,39,0,14,191,148,37,39,24,40,120,135,0,14,10,16,0,14,553,155,119,65,29,47,108,96,59,48,238,155,0,14,164,89,47,57,0,14,32,49,0,14,57,55,28,36
2024,06037533402,Census Tract 5334.02,Maywood,Los Angeles County,California,Maywood,797,132,0,14,0,14,0,14,0,14,0,14,0,14,0,14,212,121,40,49,16,29,0,14,0,14,156,106,0,14,505,134,61,61,73,69,77,67,69,77,193,99,32,43,80,66,0,14,0,14,54,60,0,14,26,34,0,14
2024,06037533403,Census Tract 5334.03,Maywood,Los Angeles County,California,Maywood,448,85,14,22,14,22,0,14,0,14,0,14,0,14,0,14,100,55,24,36,0,14,17,25,9,15,50,45,0,14,217,80,34,29,5,8,44,40,9,13,125,66,0,14,117,71,46,43,0,14,7,13,0,14,61,55,3,7
2024,06037533701,Census Tract 5337.01,Maywood,Los Angeles County,California,Maywood,521,86,0,14,0,14,0,14,0,14,0,14,0,14,0,14,56,45,14,20,25,35,0,14,0,14,17,17,0,14,385,70,78,52,82,51,94,44,6,10,125,55,0,14,80,41,0,14,0,14,7,12,51,36,11,14,11,13
2024,06037533702,Census Tract 5337.02,Maywood,Los Angeles County,California,Maywood,713,106,4,10,0,14,0,14,0,14,0,14,4,10,0,14,86,48,8,14,0,14,6,11,13,22,59,42,0,14,572,103,208,103,54,48,50,39,16,22,244,78,0,14,51,30,7,10,0,14,0,14,0,14,44,26,0,14
2024,06037533703,Census Tract 5337.03,Maywood,Los Angeles County,California,Maywood,561,124,0,14,0,14,0,14,0,14,0,14,0,14,0,14,94,68,12,18,0,14,0,14,26,42,56,52,0,14,467,130,46,45,36,38,0,14,124,101,237,123,24,39,0,14,0,14,0,14,0,14,0,14,0,14,0,14
2024,06037430301,Census Tract 4303.01,Monrovia,Los Angeles County,California,Monrovia,297,146,0,14,0,14,0,14,0,14,0,14,0,14,0,14,23,36,0,14,0,14,0,14,23,36,0,14,0,14,256,141,103,92,26,41,83,81,13,20,27,43,4,9,18,20,0,14,0,14,9,14,0,14,9,14,0,14
2024,06037430302,Census Tract 4303.02,Monrovia,Los Angeles County,California,Monrovia,775,193,0,14,0,14,0,14,0,14,0,14,0,14,0,14,164,127,30,36,0,14,21,33,0,14,77,117,36,52,463,175,147,81,80,64,87,75,38,45,111,101,0,14,148,94,18,30,37,44,0,14,36,40,36,40,21,33
2024,06037430901,Census Tract 4309.01,Monrovia,Los Angeles County,California,Monrovia,1056,118,22,35,0,14,22,35,0,14,0,14,0,14,0,14,183,76,55,38,0,14,25,27,0,14,103,56,0,14,654,145,157,64,36,32,70,45,21,28,360,125,10,16,197,83,14,17,0,14,0,14,14,15,108,51,61,65
2024,06037430902,Census Tract 4309.02,Monrovia,Los Angeles County,California,Monrovia,1252,181,4,9,0,19,0,19,0,19,0,19,0,19,4,9,250,105,42,36,98,74,6,9,30,32,67,53,7,11,804,198,206,107,99,69,55,38,99,70,310,146,35,39,194,78,0,19,21,24,19,22,22,35,132,64,0,19
2024,06037431002,Census Tract 4310.02,Monrovia,Los Angeles County,California,Monrovia,535,93,0,14,0,14,0,14,0,14,0,14,0,14,0,14,41,39,0,14,0,14,7,12,0,14,34,37,0,14,274,97,57,42,0,14,10,17,7,11,180,90,20,32,220,64,22,26,10,15,0,14,18,19,170,63,0,14
2024,06037431003,Census Tract 4310.03,Monrovia,Los Angeles County,California,Monrovia,1104,274,0,14,0,14,0,14,0,14,0,14,0,14,0,14,230,111,24,35,43,51,20,28,11,17,107,83,25,33,830,324,301,289,82,62,74,68,57,49,308,143,8,13,44,34,0,14,0,14,10,19,0,14,34,26,0,14
2024,06037431004,Census Tract 4310.04,Monrovia,Los Angeles County,California,Monrovia,907,112,0,14,0,14,0,14,0,14,0,14,0,14,0,14,228,115,39,34,61,77,9,16,15,24,104,78,0,14,506,138,115,66,74,50,54,35,41,54,182,110,40,34,173,90,47,52,1,20,0,14,6,10,119,84,0,14
2024,06037431100,Census Tract 4311,Monrovia,Los Angeles County,California,Monrovia,1458,203,27,32,11,17,0,19,0,19,0,19,16,27,0,19,448,137,99,77,53,73,52,67,175,99,69,66,0,19,782,188,187,104,68,74,55,74,161,138,311,127,0,19,201,101,24,37,19,31,2,3,10,17,146,97,0,19
2024,06037431200,Census Tract 4312,Monrovia,Los Angeles County,California,Monrovia,519,154,0,19,0,19,0,19,0,19,0,19,0,19,0,19,97,75,58,56,0,19,0,19,0,19,39,49,0,19,416,156,185,123,75,67,58,60,23,36,44,39,31,35,6,10,0,19,0,19,6,10,0,19,0,19,0,19
2024,06037431300,Census Tract 4313,Monrovia,Los Angeles County,California,Monrovia,377,111,0,14,0,14,0,14,0,14,0,14,0,14,0,14,137,76,37,51,0,14,10,12,49,53,41,44,0,14,196,95,54,65,24,28,34,35,9,14,70,41,5,8,44,28,0,14,7,11,5,8,0,14,14,14,18,22
2024,06037431400,Census Tract 4314,Monrovia,Los Angeles County,California,Monrovia,352,147,9,15,0,14,0,14,0,14,0,14,9,15,0,14,32,31,17,26,10,16,0,14,5,8,0,14,0,14,124,65,0,14,40,44,0,14,24,27,60,46,0,14,187,134,0,14,0,14,98,98,0,14,89,92,0,14
2024,06037482522,Census Tract 4825.22,Montebello,Los Angeles County,California,Montebello,412,116,13,20,0,14,0,14,0,14,0,14,13,20,0,14,90,59,14,22,0,14,13,21,11,17,52,46,0,14,274,101,37,40,57,42,29,26,39,61,97,65,15,19,35,33,9,14,0,14,11,17,0,14,15,24,0,14
2024,06037530005,Census Tract 5300.05,Montebello,Los Angeles County,California,Montebello,178,117,0,14,0,14,0,14,0,14,0,14,0,14,0,14,0,14,0,14,0,14,0,14,0,14,0,14,0,14,66,46,0,14,0,14,0,14,0,14,25,25,41,43,112,110,13,17,0,14,0,14,0,14,28,28,71,109
2024,06037530006,Census Tract 5300.06,Montebello,Los Angeles County,California,Montebello,1261,199,31,39,0,14,0,14,0,14,23,36,8,14,0,14,101,55,0,14,0,14,30,27,33,39,38,32,0,14,839,177,184,146,145,84,86,57,88,53,303,94,33,39,290,143,46,41,7,12,31,35,0,14,206,126,0,14
2024,06037530007,Census Tract 5300.07,Montebello,Los Angeles County,California,Montebello,706,152,7,14,0,19,7,14,0,19,0,19,0,19,0,19,135,119,76,80,0,19,0,19,0,19,0,19,59,91,464,141,71,53,20,33,17,25,0,19,356,133,0,19,100,59,19,30,0,19,17,27,27,41,17,26,20,33
2024,06037530101,Census Tract 5301.01,Montebello,Los Angeles County,California,Montebello,1286,143,0,19,0,19,0,19,0,19,0,19,0,19,0,19,164,105,9,16,53,80,0,19,15,23,87,63,0,19,828,121,149,81,115,79,116,78,77,58,339,106,32,41,294,80,36,34,8,13,50,46,71,68,119,65,10,16
2024,06037530102,Census Tract 5301.02,Montebello,Los Angeles County,California,Montebello,985,193,34,43,18,37,0,19,0,19,0,19,16,28,0,19,209,161,8,13,6,13,18,20,0,19,177,159,0,19,390,134,121,96,72,51,0,19,13,16,153,84,31,32,352,98,10,17,11,19,59,42,84,70,138,83,50,53
2024,06037530202,Census Tract 5302.02,Montebello,Los Angeles County,California,Montebello,461,135,26,39,0,14,0,14,0,14,26,39,0,14,0,14,0,14,0,14,0,14,0,14,0,14,0,14,0,14,317,137,0,14,41,63,33,38,41,66,202,103,0,14,118,75,12,19,0,14,0,14,0,14,58,58,48,50
2024,06037530203,Census Tract 5302.03,Montebello,Los Angeles County,California,Montebello,689,87,0,14,0,14,0,14,0,14,0,14,0,14,0,14,177,82,40,57,0,14,10,17,9,15,118,86,0,14,403,114,41,29,11,18,0,14,53,41,294,117,4,8,109,78,16,21,13,20,5,10,0,14,66,67,9,12
2024,06037530204,Census Tract 5302.04,Montebello,Los Angeles County,California,Montebello,818,202,14,23,0,14,14,23,0,14,0,14,0,14,0,14,98,59,21,35,0,14,39,41,0,14,38,37,0,14,600,207,125,78,142,175,59,60,43,36,231,86,0,14,106,63,14,21,0,14,10,17,19,25,63,58,0,14
2024,06037531800,Census Tract 5318,Montebello,Los Angeles County,California,Montebello,1066,232,0,14,0,14,0,14,0,14,0,14,0,14,0,14,107,74,50,62,29,35,17,27,0,14,11,18,0,14,794,228,393,233,42,37,44,48,75,69,192,104,48,46,165,76,102,76,0,14,0,14,0,14,31,29,32,41
2024,06037531902,Census Tract 5319.02,Montebello,Los Angeles County,California,Montebello,542,141,16,25,0,14,0,14,0,14,0,14,16,25,0,14,76,64,30,48,22,34,0,14,0,14,24,36,0,14,361,131,83,57,89,86,32,37,0,14,150,82,7,11,89,49,8,14,0,14,9,13,9,15,63,42,0,14
2024,06037532001,Census Tract 5320.01,Montebello,Los Angeles County,California,Montebello,645,154,0,14,0,14,0,14,0,14,0,14,0,14,0,14,48,54,5,9,0,14,0,14,0,14,43,53,0,14,284,133,61,46,42,53,0,14,45,36,136,81,0,14,313,92,44,54,10,16,12,17,12,18,157,75,78,66
2024,06037532002,Census Tract 5320.02,Montebello,Los Angeles County,California,Montebello,592,105,6,10,0,14,0,14,0,14,6,10,0,14,0,14,129,77,62,55,53,52,8,12,6,9,0,14,0,14,391,89,96,70,64,45,24,26,41,33,149,61,17,20,66,44,21,26,0,14,8,13,0,14,37,36,0,14
2024,06037532101,Census Tract 5321.01,Montebello,Los Angeles County,California,Montebello,1368,258,103,123,0,19,0,19,0,19,0,19,103,123,0,19,192,107,27,40,0,19,25,29,0,19,140,94,0,19,821,224,170,106,41,47,102,85,168,195,322,114,18,37,252,116,14,17,0,19,0,19,0,19,238,116,0,19
2024,06037532102,Census Tract 5321.02,Montebello,Los Angeles County,California,Montebello,280,94,4,6,0,14,0,14,0,14,0,14,4,6,0,14,95,47,7,12,0,14,0,14,7,13,81,42,0,14,156,85,18,19,25,40,30,49,31,43,52,55,0,14,25,19,0,14,0,14,0,14,11,17,14,19,0,14
2024,06037532200,Census Tract 5322,Montebello,Los Angeles County,California,Montebello,1196,238,18,30,18,30,0,19,0,19,0,19,0,19,0,19,308,128,55,50,60,63,0,19,10,17,130,90,53,79,826,246,191,114,253,215,53,61,67,62,262,121,0,19,44,50,0,19,0,19,0,19,0,19,44,50,0,19
2024,06037481711,Census Tract 4817.11,Monterey Park,Los Angeles County,California,MontereyPark,1048,198,28,27,0,14,0,14,7,11,0,14,12,20,9,14,190,109,53,62,0,14,27,44,10,15,72,72,28,31,439,150,111,64,30,29,39,43,80,91,152,84,27,24,391,131,36,34,11,18,13,19,0,14,296,130,35,43
2024,06037481712,Census Tract 4817.12,Monterey Park,Los Angeles County,California,MontereyPark,1198,250,22,20,0,19,0,19,0,19,0,19,22,20,0,19,88,63,25,33,21,20,11,18,0,19,31,48,0,19,715,197,99,65,34,36,10,15,87,118,472,139,13,21,373,193,0,19,0,19,6,11,63,64,171,92,133,176
2024,06037481713,Census Tract 4817.13,Monterey Park,Los Angeles County,California,MontereyPark,715,176,26,30,0,14,0,14,0,14,0,14,8,12,18,28,50,36,19,28,8,12,7,13,0,14,0,14,16,25,484,155,136,95,66,85,28,33,30,41,202,91,22,26,155,94,43,38,0,14,0,14,0,14,52,48,60,72
2024,06037481714,Census Tract 4817.14,Monterey Park,Los Angeles County,California,MontereyPark,735,122,0,14,0,14,0,14,0,14,0,14,0,14,0,14,60,41,0,14,30,23,0,14,0,14,30,34,0,14,358,89,59,43,8,12,32,32,20,33,216,82,23,21,317,105,13,14,6,9,21,20,27,29,160,64,90,72
2024,06037482001,Census Tract 4820.01,Monterey Park,Los Angeles County,California,MontereyPark,125,66,24,35,0,14,0,14,0,14,0,14,24,35,0,14,7,15,7,15,0,14,0,14,0,14,0,14,0,14,37,41,33,39,0,14,0,14,0,14,4,13,0,14,57,44,16,20,0,14,0,14,6,11,7,13,28,34
2024,06037482002,Census Tract 4820.02,Monterey Park,Los Angeles County,California,MontereyPark,1211,208,0,19,0,19,0,19,0,19,0,19,0,19,0,19,159,103,28,50,0,19,17,27,76,71,19,29,19,32,916,180,99,80,87,88,170,147,69,101,474,189,17,28,136,92,33,39,36,33,0,19,19,31,0,19,48,68
2024,06037482101,Census Tract 4821.01,Monterey Park,Los Angeles County,California,MontereyPark,762,128,15,23,0,14,15,23,0,14,0,14,0,14,0,14,132,93,64,89,19,31,0,14,0,14,49,51,0,14,346,111,7,13,69,61,13,20,90,56,138,74,29,46,269,104,11,19,48,62,10,16,15,23,124,64,61,80
2024,06037482102,Census Tract 4821.02,Monterey Park,Los Angeles County,California,MontereyPark,236,89,0,14,0,14,0,14,0,14,0,14,0,14,0,14,58,42,12,18,0,14,25,34,7,10,8,10,6,9,153,76,33,22,48,51,10,16,32,47,26,20,4,6,25,20,7,10,0,14,6,9,0,14,4,7,8,13
2024,06037482201,Census Tract 4822.01,Monterey Park,Los Angeles County,California,MontereyPark,772,138,35,39,6,9,0,14,0,14,0,14,29,38,0,14,183,96,49,55,28,29,48,69,15,26,27,28,16,25,323,112,61,40,19,25,17,19,30,29,163,88,33,37,231,110,21,24,24,26,11,17,43,41,45,44,87,88
2024,06037482202,Census Tract 4822.02,Monterey Park,Los Angeles County,California,MontereyPark,1138,274,37,44,0,19,0,19,0,19,11,17,26,41,0,19,217,101,117,84,69,64,0,19,20,32,11,20,0,19,594,204,65,53,109,129,70,55,35,36,300,164,15,20,290,166,21,23,13,21,0,19,50,49,197,159,9,14
2024,06037482600,Census Tract 4826,Monterey Park,Los Angeles County,California,MontereyPark,531,220,0,19,0,19,0,19,0,19,0,19,0,19,0,19,16,25,0,19,0,19,0,19,0,19,16,25,0,19,314,200,96,69,11,17,0,19,0,19,197,189,10,16,201,103,0,19,0,19,26,42,0,19,131,82,44,47
2024,06037482701,Census Tract 4827.01,Monterey Park,Los Angeles County,California,MontereyPark,583,123,0,14,0,14,0,14,0,14,0,14,0,14,0,14,15,26,0,14,0,14,0,14,0,14,15,26,0,14,471,107,135,81,27,31,54,52,54,65,188,88,13,16,97,68,57,55,0,14,0,14,0,14,19,31,21,23
2024,06037482702,Census Tract 4827.02,Monterey Park,Los Angeles County,California,MontereyPark,213,89,0,14,0,14,0,14,0,14,0,14,0,14,0,14,23,25,5,9,0,14,0,14,0,14,18,24,0,14,85,49,23,21,0,14,42,42,0,14,15,18,5,8,105,73,0,14,5,8,0,14,0,14,62,45,38,60
2024,06037482801,Census Tract 4828.01,Monterey Park,Los Angeles County,California,MontereyPark,439,120,17,23,0,14,0,14,0,14,0,14,17,23,0,14,88,44,17,21,0,14,17,26,11,17,43,27,0,14,182,84,30,28,22,27,0,14,70,73,15,19,45,40,152,98,0,14,82,88,8,13,10,14,30,33,22,34
2024,06037530400,Census Tract 5304,Monterey Park,Los Angeles County,California,MontereyPark,873,149,7,11,7,11,0,14,0,14,0,14,0,14,0,14,187,96,106,66,0,14,0,14,8,14,48,54,25,39,379,124,25,35,65,64,16,28,0,14,221,119,52,60,300,99,65,77,29,47,74,65,17,21,68,46,47,60
2024,06037431502,Census Tract 4315.02,North El Monte,Los Angeles County,California,NorthElMonte,553,122,0,14,0,14,0,14,0,14,0,14,0,14,0,14,87,67,11,16,0,14,0,14,0,14,76,65,0,14,319,101,34,38,6,12,67,61,0,14,194,102,18,20,147,61,58,49,6,10,16,22,0,14,51,43,16,18
2024,06037550101,Census Tract 5501.01,Norwalk,Los Angeles County,California,Norwalk,116,80,0,14,0,14,0,14,0,14,0,14,0,14,0,14,0,14,0,14,0,14,0,14,0,14,0,14,0,14,116,80,63,70,23,34,17,25,0,14,5,9,8,14,0,14,0,14,0,14,0,14,0,14,0,14,0,14
2024,06037550201,Census Tract 5502.01,Norwalk,Los Angeles County,California,Norwalk,303,92,0,14,0,14,0,14,0,14,0,14,0,14,0,14,67,47,24,18,17,24,0,14,0,14,26,40,0,14,204,71,14,14,32,30,41,63,18,15,99,49,0,14,32,29,20,29,7,10,0,14,0,14,5,7,0,14
2024,06037550202,Census Tract 5502.02,Norwalk,Los Angeles County,California,Norwalk,271,153,0,19,0,19,0,19,0,19,0,19,0,19,0,19,26,31,13,21,13,21,0,19,0,19,0,19,0,19,245,153,61,97,32,39,55,69,0,19,97,88,0,19,0,19,0,19,0,19,0,19,0,19,0,19,0,19
2024,06037550301,Census Tract 5503.01,Norwalk,Los Angeles County,California,Norwalk,372,102,0,14,0,14,0,14,0,14,0,14,0,14,0,14,193,103,0,14,25,40,0,14,66,72,102,72,0,14,133,81,25,21,0,14,8,12,9,13,91,78,0,14,46,51,0,14,0,14,0,14,0,14,46,51,0,14
2024,06037551900,Census Tract 5519,Norwalk,Los Angeles County,California,Norwalk,157,69,24,42,0,19,0,19,0,19,0,19,24,42,0,19,18,21,0,19,8,14,0,19,0,19,10,16,0,19,98,66,31,47,17,19,15,26,12,22,23,27,0,19,17,18,0,19,0,19,0,19,0,19,8,13,9,14
2024,06037552001,Census Tract 5520.01,Norwalk,Los Angeles County,California,Norwalk,207,85,0,14,0,14,0,14,0,14,0,14,0,14,0,14,49,52,0,14,24,38,0,14,0,14,25,36,0,14,137,77,16,19,31,48,0,14,0,14,87,62,3,8,21,24,0,14,0,14,0,14,0,14,13,20,8,12
2024,06037552002,Census Tract 5520.02,Norwalk,Los Angeles County,California,Norwalk,521,114,0,14,0,14,0,14,0,14,0,14,0,14,0,14,218,85,7,12,78,69,0,14,32,30,51,49,50,68,216,79,37,38,16,27,63,52,28,33,54,50,18,20,87,64,7,10,0,14,45,58,0,14,19,17,16,23
2024,06037552100,Census Tract 5521,Norwalk,Los Angeles County,California,Norwalk,763,179,0,19,0,19,0,19,0,19,0,19,0,19,0,19,0,19,0,19,0,19,0,19,0,19,0,19,0,19,383,149,13,20,170,102,75,66,0,19,110,84,15,24,380,107,42,33,0,19,38,39,49,34,219,95,32,40
2024,06037552200,Census Tract 5522,Norwalk,Los Angeles County,California,Norwalk,1301,187,64,60,26,41,0,19,14,22,0,19,24,39,0,19,233,87,42,35,0,19,12,18,38,46,141,70,0,19,835,186,157,87,30,30,102,68,53,48,430,149,63,59,169,65,34,35,26,29,0,19,10,16,99,70,0,19
2024,06037552301,Census Tract 5523.01,Norwalk,Los Angeles County,California,Norwalk,274,112,0,14,0,14,0,14,0,14,0,14,0,14,0,14,50,40,0,14,0,14,11,17,0,14,32,32,7,12,199,104,42,57,24,40,7,11,36,46,62,72,28,45,25,23,0,14,0,14,9,13,0,14,16,27,0,14
2024,06037552302,Census Tract 5523.02,Norwalk,Los Angeles County,California,Norwalk,619,155,0,14,0,14,0,14,0,14,0,14,0,14,0,14,62,75,0,14,0,14,44,70,0,14,18,28,0,14,287,115,12,18,43,65,69,88,15,25,148,79,0,14,270,119,48,61,51,65,15,24,32,36,110,78,14,22
2024,06037552400,Census Tract 5524,Norwalk,Los Angeles County,California,Norwalk,49,31,0,14,0,14,0,14,0,14,0,14,0,14,0,14,0,14,0,14,0,14,0,14,0,14,0,14,0,14,44,30,2,5,4,7,0,14,0,14,35,29,3,4,5,7,0,14,0,14,0,14,0,14,5,7,0,14
2024,06037552601,Census Tract 5526.01,Norwalk,Los Angeles County,California,Norwalk,276,100,5,9,0,19,5,9,0,19,0,19,0,19,0,19,21,23,8,15,0,19,0,19,0,19,13,21,0,19,231,98,35,43,38,39,34,44,0,19,124,93,0,19,19,27,19,27,0,19,0,19,0,19,0,19,0,19
2024,06037552602,Census Tract 5526.02,Norwalk,Los Angeles County,California,Norwalk,503,102,0,14,0,14,0,14,0,14,0,14,0,14,0,14,93,68,41,47,0,14,11,18,0,14,41,33,0,14,344,109,104,78,54,46,73,59,7,11,106,68,0,14,66,61,0,14,0,14,0,14,0,14,66,61,0,14
2024,06037552700,Census Tract 5527,Norwalk,Los Angeles County,California,Norwalk,445,125,0,19,0,19,0,19,0,19,0,19,0,19,0,19,139,92,0,19,0,19,0,19,0,19,139,92,0,19,243,94,44,44,11,18,51,56,9,14,87,62,41,48,63,49,45,51,0,19,0,19,0,19,0,19,18,21
2024,06037552800,Census Tract 5528,Norwalk,Los Angeles County,California,Norwalk,485,107,9,15,0,19,0,19,0,19,0,19,9,15,0,19,91,86,0,19,58,73,0,19,0,19,33,42,0,19,381,106,136,97,0,19,8,12,35,31,187,92,15,22,4,8,0,19,0,19,0,19,0,19,4,8,0,19
2024,06037552900,Census Tract 5529,Norwalk,Los Angeles County,California,Norwalk,903,198,18,29,0,19,0,19,0,19,18,29,0,19,0,19,216,120,11,17,0,19,12,16,10,18,183,120,0,19,472,185,76,73,7,12,0,19,15,25,374,189,0,19,197,149,0,19,25,31,81,121,0,19,91,73,0,19
2024,06037553000,Census Tract 5530,Norwalk,Los Angeles County,California,Norwalk,108,71,35,55,0,19,35,55,0,19,0,19,0,19,0,19,41,50,0,19,41,50,0,19,0,19,0,19,0,19,23,28,0,19,16,26,0,19,0,19,0,19,7,13,9,15,9,15,0,19,0,19,0,19,0,19,0,19
2024,06037554600,Census Tract 5546,Norwalk,Los Angeles County,California,Norwalk,540,155,33,51,0,14,0,14,0,14,0,14,33,51,0,14,211,118,55,43,49,78,0,14,21,34,52,69,34,47,237,101,87,59,31,35,16,20,9,13,94,76,0,14,59,41,4,9,0,14,13,22,0,14,42,35,0,14
2024,06037554700,Census Tract 5547,Norwalk,Los Angeles County,California,Norwalk,148,80,0,14,0,14,0,14,0,14,0,14,0,14,0,14,18,23,13,21,0,14,0,14,0,14,5,8,0,14,113,74,31,51,0,14,7,11,0,14,65,54,10,15,17,19,17,19,0,14,0,14,0,14,0,14,0,14
2024,06037555300,Census Tract 5553,Norwalk,Los Angeles County,California,Norwalk,189,90,0,14,0,14,0,14,0,14,0,14,0,14,0,14,25,39,0,14,0,14,0,14,0,14,25,39,0,14,117,77,28,45,8,13,0,14,0,14,75,64,6,11,47,46,33,43,0,14,0,14,0,14,14,17,0,14
2024,06037577800,Census Tract 5778,Norwalk,Los Angeles County,California,Norwalk,174,131,0,14,0,14,0,14,0,14,0,14,0,14,0,14,139,127,0,14,73,105,10,16,56,77,0,14,0,14,28,26,5,9,0,14,5,11,10,17,8,14,0,14,7,11,7,11,0,14,0,14,0,14,0,14,0,14
2024,06037901218,Census Tract 9012.18,Palmdale,Los Angeles County,California,Palmdale,0,14,0,14,0,14,0,14,0,14,0,14,0,14,0,14,0,14,0,14,0,14,0,14,0,14,0,14,0,14,0,14,0,14,0,14,0,14,0,14,0,14,0,14,0,14,0,14,0,14,0,14,0,14,0,14,0,14
2024,06037910002,Census Tract 9100.02,Palmdale,Los Angeles County,California,Palmdale,494,217,0,19,0,19,0,19,0,19,0,19,0,19,0,19,124,148,0,19,0,19,0,19,0,19,40,44,84,129,291,174,26,29,0,19,14,21,0,19,231,167,20,32,79,110,0,19,6,14,0,19,0,19,73,111,0,19
2024,06037910210,Census Tract 9102.10,Palmdale,Los Angeles County,California,Palmdale,291,141,0,19,0,19,0,19,0,19,0,19,0,19,0,19,77,63,15,25,0,19,28,37,34,47,0,19,0,19,205,125,30,46,94,118,57,79,0,19,24,34,0,19,9,18,9,18,0,19,0,19,0,19,0,19,0,19
2024,06037910213,Census Tract 9102.13,Palmdale,Los Angeles County,California,Palmdale,134,101,0,14,0,14,0,14,0,14,0,14,0,14,0,14,6,8,6,8,0,14,0,14,0,14,0,14,0,14,128,101,68,86,0,14,25,42,0,14,35,28,0,14,0,14,0,14,0,14,0,14,0,14,0,14,0,14
2024,06037910214,Census Tract 9102.14,Palmdale,Los Angeles County,California,Palmdale,326,130,8,15,0,19,0,19,0,19,0,19,8,15,0,19,41,40,23,30,0,19,0,19,0,19,0,19,18,28,240,110,47,45,13,22,0,19,29,44,151,98,0,19,37,63,2,21,0,19,0,19,0,19,35,54,0,19
2024,06037910215,Census Tract 9102.15,Palmdale,Los Angeles County,California,Palmdale,604,200,0,19,0,19,0,19,0,19,0,19,0,19,0,19,93,89,14,24,28,38,0,19,0,19,51,81,0,19,443,193,13,19,116,95,83,92,0,19,175,122,56,90,68,79,7,11,8,13,0,19,0,19,49,73,4,7
2024,06037910216,Census Tract 9102.16,Palmdale,Los Angeles County,California,Palmdale,208,105,16,19,0,14,9,14,0,14,7,12,0,14,0,14,0,14,0,14,0,14,0,14,0,14,0,14,0,14,192,105,57,54,28,46,0,14,0,14,45,47,62,61,0,14,0,14,0,14,0,14,0,14,0,14,0,14
2024,06037910217,Census Tract 9102.17,Palmdale,Los Angeles County,California,Palmdale,158,168,0,19,0,19,0,19,0,19,0,19,0,19,0,19,0,19,0,19,0,19,0,19,0,19,0,19,0,19,149,166,22,27,0,19,0,19,0,19,127,163,0,19,9,16,0,19,0,19,0,19,0,19,0,19,9,16
2024,06037910218,Census Tract 9102.18,Palmdale,Los Angeles County,California,Palmdale,647,177,0,14,0,14,0,14,0,14,0,14,0,14,0,14,78,102,0,14,0,14,0,14,0,14,78,102,0,14,275,102,33,36,21,31,21,24,61,65,139,75,0,14,294,140,37,35,0,14,15,23,54,69,188,115,0,14
2024,06037910301,Census Tract 9103.01,Palmdale,Los Angeles County,California,Palmdale,382,320,0,14,0,14,0,14,0,14,0,14,0,14,0,14,8,13,0,14,0,14,8,13,0,14,0,14,0,14,271,314,213,310,25,29,0,14,0,14,33,41,0,14,103,86,9,14,0,14,0,14,0,14,36,57,58,64
2024,06037910302,Census Tract 9103.02,Palmdale,Los Angeles County,California,Palmdale,98,77,20,37,20,37,0,19,0,19,0,19,0,19,0,19,0,19,0,19,0,19,0,19,0,19,0,19,0,19,60,62,23,36,28,46,0,19,9,19,0,19,0,19,18,30,0,19,0,19,0,19,0,19,18,30,0,19
2024,06037910401,Census Tract 9104.01,Palmdale,Los Angeles County,California,Palmdale,1048,295,18,30,0,19,0,19,0,19,0,19,18,30,0,19,414,194,122,123,59,58,56,68,24,39,153,141,0,19,444,210,124,102,0,19,0,19,126,130,194,109,0,19,172,143,17,28,0,19,12,19,29,50,114,137,0,19
2024,06037910404,Census Tract 9104.04,Palmdale,Los Angeles County,California,Palmdale,585,148,0,14,0,14,0,14,0,14,0,14,0,14,0,14,242,115,52,55,0,14,27,46,26,41,115,77,22,35,224,106,81,64,0,14,18,21,0,14,100,75,25,39,119,94,0,14,11,17,47,73,10,16,51,54,0,14
2024,06037910405,Census Tract 9104.05,Palmdale,Los Angeles County,California,Palmdale,1266,152,171,97,31,48,0,19,57,55,0,19,59,57,24,40,402,128,60,55,48,51,0,19,19,29,257,104,18,27,605,154,21,20,122,78,21,22,28,32,351,126,62,65,88,63,7,10,0,19,6,10,0,19,57,57,18,28
2024,06037910501,Census Tract 9105.01,Palmdale,Los Angeles County,California,Palmdale,2054,202,138,125,20,32,0,19,25,39,39,71,54,83,0,19,556,181,91,94,35,56,63,71,0,19,344,138,23,42,965,231,62,73,61,70,296,147,86,72,390,167,70,65,395,147,53,45,56,76,17,22,31,27,238,119,0,19
2024,06037910502,Census Tract 9105.02,Palmdale,Los Angeles County,California,Palmdale,821,185,61,70,0,14,0,14,0,14,0,14,61,70,0,14,238,149,82,96,0,14,0,14,0,14,149,104,7,12,421,151,45,41,21,24,58,103,4,10,264,119,29,44,101,92,4,7,0,14,0,14,12,19,31,34,54,82
2024,06037910504,Census Tract 9105.04,Palmdale,Los Angeles County,California,Palmdale,429,143,0,14,0,14,0,14,0,14,0,14,0,14,0,14,89,96,0,14,0,14,0,14,0,14,89,96,0,14,286,143,62,61,18,30,36,53,46,73,124,80,0,14,54,49,8,13,0,14,37,44,6,10,3,5,0,14
2024,06037910505,Census Tract 9105.05,Palmdale,Los Angeles County,California,Palmdale,222,77,15,23,0,14,0,14,0,14,0,14,15,23,0,14,55,43,26,32,0,14,0,14,0,14,29,29,0,14,136,67,0,14,0,14,32,43,0,14,98,58,6,11,16,19,5,8,11,17,0,14,0,14,0,14,0,14
2024,06037910601,Census Tract 9106.01,Palmdale,Los Angeles County,California,Palmdale,509,196,0,19,0,19,0,19,0,19,0,19,0,19,0,19,192,134,107,109,0,19,0,19,51,53,0,19,34,51,223,129,38,59,29,46,0,19,27,39,120,98,9,14,94,67,24,39,10,17,0,19,0,19,60,53,0,19
2024,06037910602,Census Tract 9106.02,Palmdale,Los Angeles County,California,Palmdale,880,208,74,68,30,48,0,14,0,14,0,14,44,47,0,14,427,142,61,60,0,14,0,14,127,109,239,129,0,14,158,83,10,16,0,14,46,55,27,30,75,57,0,14,221,172,0,14,26,30,0,14,0,14,195,169,0,14
2024,06037910605,Census Tract 9106.05,Palmdale,Los Angeles County,California,Palmdale,477,154,0,14,0,14,0,14,0,14,0,14,0,14,0,14,130,83,40,49,0,14,0,14,0,14,54,62,36,55,250,121,26,36,29,31,52,58,53,61,90,80,0,14,97,83,41,65,9,15,0,14,0,14,47,49,0,14
2024,06037910606,Census Tract 9106.06,Palmdale,Los Angeles County,California,Palmdale,249,82,8,13,0,14,0,14,0,14,0,14,8,13,0,14,30,29,0,14,0,14,16,24,7,10,7,12,0,14,161,72,50,30,2,5,22,24,0,14,74,58,13,14,50,57,38,55,0,14,0,14,0,14,12,14,0,14
2024,06037910607,Census Tract 9106.07,Palmdale,Los Angeles County,California,Palmdale,603,158,0,14,0,14,0,14,0,14,0,14,0,14,0,14,146,88,0,14,0,14,92,86,0,14,54,63,0,14,363,134,88,72,40,53,114,106,0,14,94,61,27,38,94,55,7,14,0,14,0,14,15,23,72,50,0,14
2024,06037910608,Census Tract 9106.08,Palmdale,Los Angeles County,California,Palmdale,371,164,0,14,0,14,0,14,0,14,0,14,0,14,0,14,169,135,4,8,0,14,0,14,116,127,20,24,29,42,134,61,47,39,4,7,0,14,4,6,55,44,24,41,68,73,0,14,0,14,0,14,0,14,68,73,0,14
2024,06037910706,Census Tract 9107.06,Palmdale,Los Angeles County,California,Palmdale,323,111,0,19,0,19,0,19,0,19,0,19,0,19,0,19,19,27,0,19,0,19,0,19,0,19,13,24,6,14,265,108,14,24,9,13,0,19,43,47,181,99,18,32,39,42,0,19,23,36,0,19,0,19,16,24,0,19
2024,06037910707,Census Tract 9107.07,Palmdale,Los Angeles County,California,Palmdale,818,184,15,27,0,19,0,19,0,19,0,19,0,19,15,27,138,85,27,41,0,19,32,48,41,61,38,34,0,19,634,166,73,61,56,56,23,38,33,49,389,127,60,69,31,41,0,19,9,17,0,19,0,19,22,36,0,19
2024,06037910709,Census Tract 9107.09,Palmdale,Los Angeles County,California,Palmdale,94,55,0,14,0,14,0,14,0,14,0,14,0,14,0,14,0,14,0,14,0,14,0,14,0,14,0,14,0,14,41,42,0,14,0,14,0,14,0,14,17,25,24,35,53,52,0,14,8,11,0,14,0,14,0,14,45,52
2024,06037910712,Census Tract 9107.12,Palmdale,Los Angeles County,California,Palmdale,117,57,0,14,0,14,0,14,0,14,0,14,0,14,0,14,18,20,12,17,0,14,0,14,0,14,6,9,0,14,55,39,9,11,0,14,22,30,0,14,24,22,0,14,44,37,5,8,0,14,18,28,0,14,16,25,5,9
2024,06037910713,Census Tract 9107.13,Palmdale,Los Angeles County,California,Palmdale,283,157,12,21,0,19,0,19,12,21,0,19,0,19,0,19,41,49,0,19,0,19,0,19,0,19,41,49,0,19,208,146,0,19,0,19,0,19,31,37,56,57,121,137,22,24,0,19,7,11,0,19,0,19,15,20,0,19
2024,06037910714,Census Tract 9107.14,Palmdale,Los Angeles County,California,Palmdale,180,62,0,14,0,14,0,14,0,14,0,14,0,14,0,14,11,17,0,14,11,17,0,14,0,14,0,14,0,14,129,58,21,30,9,15,4,7,17,19,73,49,5,7,40,43,26,38,14,21,0,14,0,14,0,14,0,14
2024,06037910715,Census Tract 9107.15,Palmdale,Los Angeles County,California,Palmdale,344,155,0,19,0,19,0,19,0,19,0,19,0,19,0,19,9,15,0,19,9,15,0,19,0,19,0,19,0,19,316,158,6,11,0,19,0,19,0,19,310,157,0,19,19,19,0,19,0,19,0,19,0,19,19,19,0,19
2024,06037910716,Census Tract 9107.16,Palmdale,Los Angeles County,California,Palmdale,451,146,38,60,0,19,0,19,0,19,0,19,38,60,0,19,148,95,34,56,0,19,25,42,0,19,60,83,29,41,194,100,21,20,0,19,0,19,18,27,155,100,0,19,71,59,0,19,0,19,0,19,0,19,71,59,0,19
2024,06037910717,Census Tract 9107.17,Palmdale,Los Angeles County,California,Palmdale,112,68,0,14,0,14,0,14,0,14,0,14,0,14,0,14,62,65,0,14,0,14,0,14,0,14,50,62,12,20,50,45,11,20,0,14,0,14,16,24,23,31,0,14,0,14,0,14,0,14,0,14,0,14,0,14,0,14
2024,06037910718,Census Tract 9107.18,Palmdale,Los Angeles County,California,Palmdale,164,105,0,19,0,19,0,19,0,19,0,19,0,19,0,19,11,19,0,19,0,19,11,19,0,19,0,19,0,19,71,57,41,49,13,24,0,19,0,19,17,24,0,19,82,83,16,22,0,19,0,19,0,19,23,29,43,73
2024,06037910719,Census Tract 9107.19,Palmdale,Los Angeles County,California,Palmdale,220,186,0,14,0,14,0,14,0,14,0,14,0,14,0,14,0,14,0,14,0,14,0,14,0,14,0,14,0,14,209,182,0,14,0,14,82,132,0,14,127,133,0,14,11,21,0,14,0,14,11,21,0,14,0,14,0,14
2024,06037910720,Census Tract 9107.20,Palmdale,Los Angeles County,California,Palmdale,521,188,0,19,0,19,0,19,0,19,0,19,0,19,0,19,0,19,0,19,0,19,0,19,0,19,0,19,0,19,383,157,112,125,36,57,45,43,12,21,178,118,0,19,138,113,22,31,0,19,0,19,0,19,116,108,0,19
2024,06037910721,Census Tract 9107.21,Palmdale,Los Angeles County,California,Palmdale,560,406,0,14,0,14,0,14,0,14,0,14,0,14,0,14,30,52,0,14,30,52,0,14,0,14,0,14,0,14,530,403,0,14,68,72,25,42,0,14,437,401,0,14,0,14,0,14,0,14,0,14,0,14,0,14,0,14
2024,06037910815,Census Tract 9108.15,Palmdale,Los Angeles County,California,Palmdale,293,132,0,19,0,19,0,19,0,19,0,19,0,19,0,19,0,19,0,19,0,19,0,19,0,19,0,19,0,19,169,107,6,11,10,15,0,19,0,19,66,77,87,80,124,103,34,53,0,19,0,19,0,19,44,69,46,68
2024,06037911100,Census Tract 9111,Palmdale,Los Angeles County,California,Palmdale,857,209,105,112,6,10,16,24,69,107,0,19,14,13,0,19,153,105,26,44,0,19,0,19,0,19,122,99,5,8,460,190,70,76,25,29,28,45,68,107,216,133,53,82,139,104,43,59,0,19,0,19,0,19,75,84,21,24
2024,06037980004,Census Tract 9800.04,Palmdale,Los Angeles County,California,Palmdale,0,14,0,14,0,14,0,14,0,14,0,14,0,14,0,14,0,14,0,14,0,14,0,14,0,14,0,14,0,14,0,14,0,14,0,14,0,14,0,14,0,14,0,14,0,14,0,14,0,14,0,14,0,14,0,14,0,14
2024,06037670324,Census Tract 6703.24,Palos Verdes Estates,Los Angeles County,California,PalosVerdesEstates,358,141,0,19,0,19,0,19,0,19,0,19,0,19,0,19,0,19,0,19,0,19,0,19,0,19,0,19,0,19,178,81,0,19,10,19,28,34,0,19,122,72,18,29,180,123,31,35,0,19,0,19,0,19,132,113,17,28
2024,06037670326,Census Tract 6703.26,Palos Verdes Estates,Los Angeles County,California,PalosVerdesEstates,76,48,0,14,0,14,0,14,0,14,0,14,0,14,0,14,11,16,0,14,0,14,0,14,0,14,0,14,11,16,42,42,0,14,20,33,0,14,0,14,22,25,0,14,23,22,0,14,0,14,0,14,0,14,9,15,14,16
2024,06037670328,Census Tract 6703.28,Palos Verdes Estates,Los Angeles County,California,PalosVerdesEstates,76,54,0,14,0,14,0,14,0,14,0,14,0,14,0,14,5,12,0,14,0,14,0,14,0,14,5,12,0,14,59,49,0,14,0,14,0,14,0,14,53,48,6,10,12,18,0,14,0,14,0,14,0,14,0,14,12,18
2024,06037990200,Census Tract 9902,Palos Verdes Estates,Los Angeles County,California,PalosVerdesEstates,0,14,0,14,0,14,0,14,0,14,0,14,0,14,0,14,0,14,0,14,0,14,0,14,0,14,0,14,0,14,0,14,0,14,0,14,0,14,0,14,0,14,0,14,0,14,0,14,0,14,0,14,0,14,0,14,0,14
2024,06037553502,Census Tract 5535.02,Paramount,Los Angeles County,California,Paramount,670,195,45,56,0,14,0,14,0,14,0,14,45,56,0,14,100,79,10,15,6,10,17,27,0,14,67,69,0,14,402,154,135,95,45,55,74,96,12,20,136,82,0,14,123,132,76,112,0,14,0,14,0,14,47,73,0,14
2024,06037553503,Census Tract 5535.03,Paramount,Los Angeles County,California,Paramount,547,122,0,14,0,14,0,14,0,14,0,14,0,14,0,14,75,53,10,15,13,14,7,11,19,30,26,41,0,14,349,118,47,41,26,28,0,14,57,41,188,103,31,36,123,60,41,38,0,14,0,14,30,34,45,40,7,10
2024,06037553504,Census Tract 5535.04,Paramount,Los Angeles County,California,Paramount,456,115,0,14,0,14,0,14,0,14,0,14,0,14,0,14,116,84,52,76,0,14,15,29,10,15,39,36,0,14,322,105,16,26,8,15,50,55,21,27,227,106,0,14,18,21,0,14,0,14,0,14,0,14,12,19,6,9
2024,06037553601,Census Tract 5536.01,Paramount,Los Angeles County,California,Paramount,761,190,0,14,0,14,0,14,0,14,0,14,0,14,0,14,202,144,37,51,17,26,80,95,13,20,42,52,13,20,518,188,111,100,15,28,14,22,25,28,353,170,0,14,41,47,0,14,0,14,0,14,0,14,41,47,0,14
2024,06037553602,Census Tract 5536.02,Paramount,Los Angeles County,California,Paramount,904,221,40,50,0,19,0,19,0,19,13,20,27,45,0,19,296,140,24,39,32,51,96,103,0,19,144,109,0,19,547,226,35,37,42,42,174,118,51,56,245,194,0,19,21,35,0,19,0,19,0,19,21,35,0,19,0,19
2024,06037553701,Census Tract 5537.01,Paramount,Los Angeles County,California,Paramount,548,119,9,13,9,13,0,14,0,14,0,14,0,14,0,14,131,59,48,46,21,36,9,15,13,21,40,32,0,14,340,95,76,40,50,39,54,47,31,27,129,75,0,14,68,51,0,14,26,30,9,18,0,14,31,36,2,6
2024,06037553702,Census Tract 5537.02,Paramount,Los Angeles County,California,Paramount,593,136,0,14,0,14,0,14,0,14,0,14,0,14,0,14,72,54,0,14,0,14,8,14,0,14,64,49,0,14,437,135,118,71,52,45,68,60,0,14,166,87,33,32,84,65,22,26,0,14,0,14,0,14,55,58,7,12
2024,06037553801,Census Tract 5538.01,Paramount,Los Angeles County,California,Paramount,737,132,19,30,0,14,0,14,0,14,0,14,19,30,0,14,61,60,0,14,0,14,8,13,0,14,53,59,0,14,615,135,105,83,9,15,31,33,72,90,363,147,35,31,42,37,0,14,0,14,17,28,13,18,12,19,0,14
2024,06037553802,Census Tract 5538.02,Paramount,Los Angeles County,California,Paramount,1107,223,56,60,0,19,33,54,0,19,15,24,8,15,0,19,254,145,50,39,0,19,72,102,0,19,132,113,0,19,583,227,61,64,81,76,32,41,125,122,177,116,107,122,214,110,19,32,0,19,10,16,0,19,153,107,32,37
2024,06037553901,Census Tract 5539.01,Paramount,Los Angeles County,California,Paramount,875,201,57,57,0,19,0,19,0,19,23,32,34,46,0,19,112,81,27,32,31,36,54,66,0,19,0,19,0,19,554,149,81,86,84,72,22,37,77,73,267,115,23,34,152,151,0,19,89,143,0,19,0,19,63,54,0,19
2024,06037553902,Census Tract 5539.02,Paramount,Los Angeles County,California,Paramount,1140,186,12,19,0,19,0,19,0,19,0,19,12,19,0,19,316,151,85,111,15,25,15,24,26,42,175,106,0,19,772,190,82,68,106,83,196,108,108,86,253,142,27,45,40,35,0,19,0,19,0,19,0,19,40,35,0,19
2024,06037460001,Census Tract 4600.01,Pasadena,Los Angeles County,California,Pasadena,62,42,0,14,0,14,0,14,0,14,0,14,0,14,0,14,0,14,0,14,0,14,0,14,0,14,0,14,0,14,45,35,39,35,0,14,0,14,6,8,0,14,0,14,17,24,0,14,0,14,0,14,0,14,17,24,0,14
2024,06037460002,Census Tract 4600.02,Pasadena,Los Angeles County,California,Pasadena,131,77,0,14,0,14,0,14,0,14,0,14,0,14,0,14,15,22,0,14,0,14,0,14,0,14,0,14,15,22,84,74,6,11,0,14,0,14,21,20,57,70,0,14,32,25,10,15,11,19,0,14,0,14,11,16,0,14
2024,06037460101,Census Tract 4601.01,Pasadena,Los Angeles County,California,Pasadena,151,75,0,19,0,19,0,19,0,19,0,19,0,19,0,19,35,40,17,28,0,19,18,29,0,19,0,19,0,19,75,50,0,19,0,19,13,22,13,22,41,40,8,20,41,47,0,19,0,19,0,19,0,19,41,47,0,19
2024,06037460401,Census Tract 4604.01,Pasadena,Los Angeles County,California,Pasadena,138,48,0,14,0,14,0,14,0,14,0,14,0,14,0,14,11,17,0,14,0,14,0,14,11,17,0,14,0,14,113,46,32,26,0,14,9,10,17,24,55,43,0,14,14,16,9,15,0,14,0,14,0,14,5,7,0,14
2024,06037460800,Census Tract 4608,Pasadena,Los Angeles County,California,Pasadena,123,65,0,14,0,14,0,14,0,14,0,14,0,14,0,14,7,13,0,14,0,14,0,14,0,14,0,14,7,13,73,47,24,37,26,37,0,14,5,10,18,20,0,14,43,40,12,18,0,14,0,14,3,11,14,21,14,22
2024,06037460900,Census Tract 4609,Pasadena,Los Angeles County,California,Pasadena,718,186,68,75,0,19,0,19,0,19,0,19,68,75,0,19,309,153,154,113,83,89,6,10,0,19,51,51,15,26,333,164,25,35,0,19,70,109,19,16,210,120,9,19,8,18,0,19,8,18,0,19,0,19,0,19,0,19
2024,06037461300,Census Tract 4613,Pasadena,Los Angeles County,California,Pasadena,900,291,0,19,0,19,0,19,0,19,0,19,0,19,0,19,195,133,54,68,0,19,0,19,0,19,80,95,61,96,542,253,197,178,0,19,96,73,29,45,220,135,0,19,163,117,0,19,8,13,56,77,15,25,71,72,13,21
2024,06037461400,Census Tract 4614,Pasadena,Los Angeles County,California,Pasadena,670,135,7,11,0,14,0,14,0,14,0,14,7,11,0,14,126,70,13,15,0,14,12,15,50,52,51,43,0,14,313,107,81,63,51,38,64,64,48,38,56,51,13,18,224,84,17,18,0,14,9,15,78,65,107,62,13,18
2024,06037461501,Census Tract 4615.01,Pasadena,Los Angeles County,California,Pasadena,524,129,11,15,0,14,0,14,0,14,0,14,11,15,0,14,54,40,41,35,6,12,0,14,7,11,0,14,0,14,308,96,50,36,21,23,53,59,0,14,184,90,0,14,151,100,0,14,0,14,10,17,13,21,111,88,17,24
2024,06037461502,Census Tract 4615.02,Pasadena,Los Angeles County,California,Pasadena,847,172,27,30,17,25,0,19,0,19,0,19,10,16,0,19,164,73,51,46,30,28,27,45,18,19,10,15,28,44,460,134,101,51,14,18,25,28,32,37,242,119,46,45,196,110,14,22,0,19,32,36,15,24,135,103,0,19
2024,06037461600,Census Tract 4616,Pasadena,Los Angeles County,California,Pasadena,1025,229,0,14,0,14,0,14,0,14,0,14,0,14,0,14,128,64,31,36,13,22,0,14,25,30,43,40,16,25,802,231,69,46,93,130,17,26,14,24,504,108,105,134,95,60,0,14,34,34,0,14,0,14,23,22,38,47
2024,06037461700,Census Tract 4617,Pasadena,Los Angeles County,California,Pasadena,85,41,0,14,0,14,0,14,0,14,0,14,0,14,0,14,9,11,5,8,0,14,0,14,0,14,0,14,4,7,66,36,8,11,0,14,5,7,14,14,39,28,0,14,10,11,0,14,0,14,0,14,0,14,10,11,0,14
2024,06037461901,Census Tract 4619.01,Pasadena,Los Angeles County,California,Pasadena,1341,202,42,42,0,14,0,14,0,14,0,14,42,42,0,14,477,157,133,82,100,88,32,32,20,22,192,99,0,14,736,186,68,52,17,21,145,160,44,35,456,128,6,10,86,50,24,23,0,14,15,15,9,15,38,45,0,14
2024,06037461902,Census Tract 4619.02,Pasadena,Los Angeles County,California,Pasadena,1356,149,109,61,16,17,0,14,0,14,0,14,78,58,15,17,510,93,128,58,88,57,66,52,24,24,164,90,40,37,484,102,122,83,84,45,41,30,71,50,115,62,51,54,253,122,7,11,32,39,69,67,22,26,123,95,0,14
2024,06037462001,Census Tract 4620.01,Pasadena,Los Angeles County,California,Pasadena,856,198,0,14,0,14,0,14,0,14,0,14,0,14,0,14,422,233,67,64,132,152,10,24,0,14,213,159,0,14,425,167,111,90,30,34,54,62,0,14,208,104,22,38,9,15,9,15,0,14,0,14,0,14,0,14,0,14
2024,06037462002,Census Tract 4620.02,Pasadena,Los Angeles County,California,Pasadena,997,196,42,47,15,25,0,14,0,14,0,14,27,40,0,14,124,62,0,14,0,14,8,16,13,20,103,57,0,14,594,113,66,49,25,22,73,67,53,75,339,124,38,34,237,178,4,9,16,27,29,29,46,40,142,171,0,14
2024,06037462100,Census Tract 4621,Pasadena,Los Angeles County,California,Pasadena,963,169,22,27,0,14,0,14,0,14,0,14,11,19,11,18,199,76,53,35,74,49,5,7,33,28,34,37,0,14,542,147,167,97,64,58,97,74,50,65,114,64,50,68,200,90,14,18,0,14,31,27,44,36,81,64,30,48
2024,06037462201,Census Tract 4622.01,Pasadena,Los Angeles County,California,Pasadena,1887,178,106,76,10,17,0,14,0,14,0,14,29,33,67,68,421,171,40,41,31,26,46,60,18,20,286,159,0,14,612,123,193,71,9,16,30,32,70,65,310,94,0,14,748,123,50,39,21,24,194,72,161,88,307,123,15,23
2024,06037462202,Census Tract 4622.02,Pasadena,Los Angeles County,California,Pasadena,1571,161,140,77,7,10,0,14,14,21,5,9,82,63,32,39,553,136,70,45,114,75,92,61,70,71,201,91,6,11,682,159,136,81,117,58,44,35,29,32,240,93,116,86,196,86,39,43,37,29,9,14,0,14,75,36,36,55
2024,06037462301,Census Tract 4623.01,Pasadena,Los Angeles County,California,Pasadena,1376,161,84,81,0,14,0,14,0,14,0,14,84,81,0,14,309,104,123,60,26,28,52,46,22,35,86,60,0,14,875,169,178,86,144,84,54,61,49,45,441,150,9,13,108,61,35,39,14,24,18,18,13,21,28,31,0,14
2024,06037462302,Census Tract 4623.02,Pasadena,Los Angeles County,California,Pasadena,1353,237,56,50,0,14,0,14,30,44,0,14,7,11,19,30,407,155,62,57,85,63,67,65,37,49,148,123,8,14,780,216,207,123,71,62,73,44,86,68,335,177,8,13,110,44,20,19,7,12,24,22,0,14,52,40,7,11
2024,06037462400,Census Tract 4624,Pasadena,Los Angeles County,California,Pasadena,501,125,5,9,0,14,0,14,0,14,0,14,5,9,0,14,100,60,24,29,19,24,12,23,0,14,45,48,0,14,301,102,72,57,58,47,34,38,22,34,77,49,38,55,95,58,0,14,41,42,20,26,0,14,28,32,6,10
2024,06037462500,Census Tract 4625,Pasadena,Los Angeles County,California,Pasadena,726,221,47,65,47,65,0,19,0,19,0,19,0,19,0,19,21,31,16,26,0,19,0,19,5,20,0,19,0,19,496,196,123,91,0,19,102,80,45,56,200,160,26,41,162,110,0,19,22,36,0,19,0,19,140,105,0,19
2024,06037462600,Census Tract 4626,Pasadena,Los Angeles County,California,Pasadena,280,85,0,14,0,14,0,14,0,14,0,14,0,14,0,14,30,28,0,14,10,12,0,14,7,11,0,14,13,18,226,84,101,72,29,29,32,30,26,33,23,30,15,22,24,19,13,14,0,14,0,14,0,14,6,9,5,9
2024,06037462700,Census Tract 4627,Pasadena,Los Angeles County,California,Pasadena,1714,285,18,30,0,19,0,19,0,19,0,19,0,19,18,30,533,248,96,71,86,103,25,40,107,101,181,206,38,60,823,258,147,145,36,39,84,67,110,88,409,215,37,44,340,213,0,19,0,19,92,151,15,23,233,133,0,19
2024,06037462800,Census Tract 4628,Pasadena,Los Angeles County,California,Pasadena,727,135,0,14,0,14,0,14,0,14,0,14,0,14,0,14,208,82,122,46,9,15,0,14,18,30,44,52,15,25,423,142,91,59,90,103,19,31,94,63,122,77,7,12,96,55,17,23,0,14,0,14,7,13,57,50,15,22
2024,06037462900,Census Tract 4629,Pasadena,Los Angeles County,California,Pasadena,241,101,0,14,0,14,0,14,0,14,0,14,0,14,0,14,31,43,0,14,0,14,0,14,31,43,0,14,0,14,149,77,60,41,14,17,11,17,32,49,32,36,0,14,61,47,26,42,11,16,6,11,0,14,6,12,12,15
2024,06037463000,Census Tract 4630,Pasadena,Los Angeles County,California,Pasadena,570,147,26,30,0,14,14,21,0,14,0,14,12,21,0,14,212,111,10,16,61,72,38,51,15,24,88,72,0,14,269,129,59,48,36,35,21,25,17,26,136,106,0,14,63,51,22,28,18,29,0,14,0,14,23,25,0,14
2024,06037463103,Census Tract 4631.03,Pasadena,Los Angeles County,California,Pasadena,578,154,0,19,0,19,0,19,0,19,0,19,0,19,0,19,145,82,31,41,16,26,15,24,17,28,66,60,0,19,349,147,46,35,20,17,59,92,0,19,202,119,22,29,84,58,0,19,0,19,0,19,0,19,63,51,21,26
2024,06037463200,Census Tract 4632,Pasadena,Los Angeles County,California,Pasadena,618,133,0,14,0,14,0,14,0,14,0,14,0,14,0,14,76,52,10,16,5,9,18,27,0,14,43,46,0,14,343,103,65,46,18,30,35,39,18,29,168,88,39,50,199,87,26,25,21,25,6,11,14,22,113,64,19,29
2024,06037463400,Census Tract 4634,Pasadena,Los Angeles County,California,Pasadena,1396,322,35,44,0,19,0,19,0,19,0,19,35,44,0,19,302,144,65,61,56,56,12,23,53,50,116,85,0,19,864,289,215,128,205,159,0,19,48,56,380,196,16,26,195,111,34,55,16,26,0,19,33,36,112,89,0,19
2024,06037463500,Census Tract 4635,Pasadena,Los Angeles County,California,Pasadena,1778,234,216,114,7,12,0,19,15,22,14,22,150,100,30,50,634,162,187,91,120,84,56,44,54,57,205,111,12,19,691,214,164,102,85,87,49,48,37,43,341,178,15,24,237,176,0,19,79,120,0,19,25,40,133,126,0,19
2024,06037463601,Census Tract 4636.01,Pasadena,Los Angeles County,California,Pasadena,2899,337,192,118,0,19,0,19,0,19,17,27,133,94,42,67,1085,246,355,174,205,171,63,48,39,36,350,166,73,98,1204,268,154,92,234,121,264,141,152,121,373,176,27,41,418,191,0,19,31,37,85,106,63,101,63,55,176,149
2024,06037463602,Census Tract 4636.02,Pasadena,Los Angeles County,California,Pasadena,2840,421,185,134,0,19,17,27,0,19,0,19,139,119,29,49,770,220,158,89,62,62,73,58,154,144,281,166,42,53,1389,422,456,181,321,330,155,125,49,53,367,154,41,49,496,165,68,82,21,32,186,104,16,27,155,82,50,58
2024,06037463700,Census Tract 4637,Pasadena,Los Angeles County,California,Pasadena,1194,233,0,14,0,14,0,14,0,14,0,14,0,14,0,14,327,127,75,62,40,39,24,38,11,17,173,107,4,14,712,204,230,148,134,89,177,128,34,38,123,81,14,21,155,79,72,62,26,30,10,17,0,14,47,47,0,14
2024,06037463800,Census Tract 4638,Pasadena,Los Angeles County,California,Pasadena,151,70,0,14,0,14,0,14,0,14,0,14,0,14,0,14,0,14,0,14,0,14,0,14,0,14,0,14,0,14,142,70,36,34,17,21,28,32,0,14,49,45,12,18,9,14,9,14,0,14,0,14,0,14,0,14,0,14
2024,06037463900,Census Tract 4639,Pasadena,Los Angeles County,California,Pasadena,598,123,0,14,0,14,0,14,0,14,0,14,0,14,0,14,177,88,87,71,55,47,24,36,0,14,11,18,0,14,285,97,25,23,43,45,9,15,34,40,174,80,0,14,136,44,28,25,7,11,0,14,9,14,79,37,13,15
2024,06037464000,Census Tract 4640,Pasadena,Los Angeles County,California,Pasadena,1001,247,0,19,0,19,0,19,0,19,0,19,0,19,0,19,294,117,47,45,105,97,34,35,62,65,21,26,25,38,510,196,133,63,112,68,118,123,29,45,94,116,24,40,197,146,0,19,14,23,33,50,0,19,95,90,55,88
2024,06037800410,Census Tract 8004.10,Pepperdine University,Los Angeles County,California,PepperdineUniversity,141,70,0,14,0,14,0,14,0,14,0,14,0,14,0,14,19,22,0,14,9,14,0,14,0,14,10,15,0,14,68,42,11,15,6,12,5,8,0,14,14,18,32,28,54,47,7,11,0,14,0,14,9,14,19,31,19,29
2024,06037500300,Census Tract 5003,Pico Rivera,Los Angeles County,California,PicoRivera,159,78,0,14,0,14,0,14,0,14,0,14,0,14,0,14,32,36,13,22,0,14,0,14,0,14,19,27,0,14,116,69,25,26,7,13,0,14,0,14,57,55,27,22,11,18,0,14,0,14,0,14,11,18,0,14,0,14
2024,06037500402,Census Tract 5004.02,Pico Rivera,Los Angeles County,California,PicoRivera,653,152,84,94,40,65,0,14,0,14,0,14,44,48,0,14,33,33,16,16,0,14,0,14,0,14,17,29,0,14,373,122,91,71,12,20,48,48,14,27,146,91,62,63,163,83,0,14,0,14,0,14,6,12,96,73,61,50
2024,06037500403,Census Tract 5004.03,Pico Rivera,Los Angeles County,California,PicoRivera,9,17,0,14,0,14,0,14,0,14,0,14,0,14,0,14,0,14,0,14,0,14,0,14,0,14,0,14,0,14,9,17,0,14,0,14,0,14,0,14,9,17,0,14,0,14,0,14,0,14,0,14,0,14,0,14,0,14
2024,06037500404,Census Tract 5004.04,Pico Rivera,Los Angeles County,California,PicoRivera,184,85,0,14,0,14,0,14,0,14,0,14,0,14,0,14,67,59,0,14,0,14,0,14,0,14,67,59,0,14,113,70,65,56,39,61,0,14,0,14,9,15,0,14,4,8,0,14,0,14,0,14,0,14,0,14,4,8
2024,06037500500,Census Tract 5005,Pico Rivera,Los Angeles County,California,PicoRivera,255,97,25,39,0,14,0,14,0,14,0,14,25,39,0,14,15,23,15,23,0,14,0,14,0,14,0,14,0,14,119,62,12,9,0,14,21,33,0,14,30,32,56,48,96,60,0,14,0,14,0,14,0,14,76,52,20,32
2024,06037500600,Census Tract 5006,Pico Rivera,Los Angeles County,California,PicoRivera,348,127,0,19,0,19,0,19,0,19,0,19,0,19,0,19,69,64,9,13,0,19,0,19,16,28,0,19,44,58,272,111,36,44,22,35,13,20,31,41,140,84,30,30,7,12,0,19,0,19,0,19,0,19,7,12,0,19
2024,06037500700,Census Tract 5007,Pico Rivera,Los Angeles County,California,PicoRivera,372,112,10,16,0,19,0,19,0,19,0,19,10,16,0,19,53,58,53,58,0,19,0,19,0,19,0,19,0,19,250,87,85,55,11,18,16,20,16,25,113,59,9,17,59,62,29,46,4,15,0,19,0,19,26,43,0,19
2024,06037500800,Census Tract 5008,Pico Rivera,Los Angeles County,California,PicoRivera,314,126,35,55,0,19,0,19,0,19,0,19,35,55,0,19,114,72,34,32,0,19,0,19,11,18,69,71,0,19,144,107,33,35,0,19,0,19,6,10,105,101,0,19,21,23,0,19,9,14,0,19,0,19,12,17,0,19
2024,06037500900,Census Tract 5009,Pico Rivera,Los Angeles County,California,PicoRivera,925,347,0,19,0,19,0,19,0,19,0,19,0,19,0,19,10,16,0,19,0,19,0,19,10,16,0,19,0,19,435,189,99,103,12,18,53,56,40,45,208,150,23,26,480,291,11,18,8,13,0,19,249,277,193,126,19,22
2024,06037502401,Census Tract 5024.01,Pico Rivera,Los Angeles County,California,PicoRivera,395,170,0,14,0,14,0,14,0,14,0,14,0,14,0,14,13,21,0,14,0,14,0,14,0,14,0,14,13,21,335,162,68,55,21,32,25,29,78,77,131,131,12,19,47,56,0,14,0,14,13,21,34,53,0,14,0,14
2024,06037502402,Census Tract 5024.02,Pico Rivera,Los Angeles County,California,PicoRivera,116,52,0,14,0,14,0,14,0,14,0,14,0,14,0,14,0,14,0,14,0,14,0,14,0,14,0,14,0,14,93,49,10,9,0,14,0,14,7,11,48,40,28,29,23,22,15,21,0,14,4,7,4,7,0,14,0,14
2024,06037502500,Census Tract 5025,Pico Rivera,Los Angeles County,California,PicoRivera,391,133,0,14,0,14,0,14,0,14,0,14,0,14,0,14,6,10,0,14,0,14,0,14,0,14,6,10,0,14,311,125,83,48,15,24,52,54,3,9,78,46,80,106,74,38,16,18,5,11,7,10,16,16,30,23,0,14
2024,06037502602,Census Tract 5026.02,Pico Rivera,Los Angeles County,California,PicoRivera,794,135,154,103,39,61,0,14,0,14,25,37,90,82,0,14,146,96,0,14,0,14,46,64,21,33,79,74,0,14,428,120,37,34,40,59,45,54,45,40,235,99,26,39,66,67,0,14,13,21,0,14,0,14,15,24,38,61
2024,06037502603,Census Tract 5026.03,Pico Rivera,Los Angeles County,California,PicoRivera,77,46,0,14,0,14,0,14,0,14,0,14,0,14,0,14,27,27,0,14,0,14,0,14,0,14,27,27,0,14,50,37,16,22,0,14,0,14,0,14,34,30,0,14,0,14,0,14,0,14,0,14,0,14,0,14,0,14
2024,06037502604,Census Tract 5026.04,Pico Rivera,Los Angeles County,California,PicoRivera,149,56,0,14,0,14,0,14,0,14,0,14,0,14,0,14,42,35,0,14,14,20,11,21,0,14,17,25,0,14,78,33,0,14,16,25,9,11,21,28,32,26,0,14,29,30,18,29,5,8,0,14,0,14,6,9,0,14
2024,06037401303,Census Tract 4013.03,Pomona,Los Angeles County,California,Pomona,126,83,0,14,0,14,0,14,0,14,0,14,0,14,0,14,6,13,0,14,6,13,0,14,0,14,0,14,0,14,55,46,0,14,0,14,0,14,21,33,25,23,9,16,65,67,0,14,0,14,0,14,0,14,23,20,42,67
2024,06037401706,Census Tract 4017.06,Pomona,Los Angeles County,California,Pomona,1224,220,124,112,0,19,0,19,30,45,0,19,94,103,0,19,412,154,143,111,47,54,39,47,10,16,173,107,0,19,539,155,101,60,105,85,20,23,101,67,184,110,28,31,149,97,0,19,9,14,0,19,0,19,140,97,0,19
2024,06037401707,Census Tract 4017.07,Pomona,Los Angeles County,California,Pomona,1180,216,52,51,0,19,0,19,13,21,0,19,39,47,0,19,217,103,34,43,0,19,0,19,0,19,169,100,14,24,635,232,73,74,109,128,35,34,12,20,396,214,10,20,276,102,13,21,0,19,13,21,12,19,215,102,23,32
2024,06037402101,Census Tract 4021.01,Pomona,Los Angeles County,California,Pomona,251,101,0,14,0,14,0,14,0,14,0,14,0,14,0,14,41,34,0,14,0,14,18,29,10,17,13,22,0,14,183,89,62,54,18,27,34,34,33,51,30,34,6,12,27,32,0,14,2,4,0,14,0,14,6,10,19,30
2024,06037402102,Census Tract 4021.02,Pomona,Los Angeles County,California,Pomona,391,140,31,45,0,14,0,14,0,14,0,14,0,14,31,45,40,47,14,21,0,14,0,14,0,14,26,44,0,14,297,120,70,68,66,76,0,14,47,44,105,68,9,14,23,36,0,14,0,14,0,14,23,36,0,14,0,14
2024,06037402200,Census Tract 4022,Pomona,Los Angeles County,California,Pomona,775,206,22,27,13,23,9,15,0,19,0,19,0,19,0,19,236,136,0,19,0,19,63,66,0,19,134,101,39,65,467,190,92,69,7,15,93,102,74,70,201,136,0,19,50,61,0,19,0,19,0,19,0,19,34,54,16,27
2024,06037402301,Census Tract 4023.01,Pomona,Los Angeles County,California,Pomona,586,148,19,30,0,19,0,19,0,19,0,19,19,30,0,19,146,84,49,51,22,25,0,19,13,23,51,51,11,20,361,119,27,30,95,71,0,19,24,27,178,84,37,55,60,71,13,19,0,19,0,19,0,19,41,63,6,11
2024,06037402303,Census Tract 4023.03,Pomona,Los Angeles County,California,Pomona,664,122,47,51,0,14,15,24,0,14,0,14,32,49,0,14,207,87,11,19,28,35,29,25,65,51,74,59,0,14,403,112,29,35,51,53,27,29,59,62,224,93,13,20,7,12,7,12,0,14,0,14,0,14,0,14,0,14
2024,06037402304,Census Tract 4023.04,Pomona,Los Angeles County,California,Pomona,796,132,57,51,13,20,0,14,0,14,0,14,44,50,0,14,120,82,50,68,0,14,15,24,22,24,33,31,0,14,529,118,99,72,44,34,65,57,52,49,247,87,22,25,90,46,6,12,0,14,19,23,7,12,58,42,0,14
2024,06037402403,Census Tract 4024.03,Pomona,Los Angeles County,California,Pomona,266,143,36,43,13,21,0,14,0,14,0,14,23,37,0,14,10,16,10,16,0,14,0,14,0,14,0,14,0,14,99,70,0,14,22,34,0,14,42,47,35,34,0,14,121,109,59,95,0,14,0,14,0,14,55,46,7,22
2024,06037402404,Census Tract 4024.04,Pomona,Los Angeles County,California,Pomona,4,6,0,14,0,14,0,14,0,14,0,14,0,14,0,14,0,14,0,14,0,14,0,14,0,14,0,14,0,14,0,14,0,14,0,14,0,14,0,14,0,14,0,14,4,6,0,14,0,14,0,14,0,14,0,14,4,6
2024,06037402405,Census Tract 4024.05,Pomona,Los Angeles County,California,Pomona,74,43,17,24,0,14,0,14,0,14,0,14,17,24,0,14,0,14,0,14,0,14,0,14,0,14,0,14,0,14,52,40,6,10,0,14,9,10,0,14,37,35,0,14,5,9,0,14,0,14,0,14,0,14,0,14,5,9
2024,06037402406,Census Tract 4024.06,Pomona,Los Angeles County,California,Pomona,484,125,0,14,0,14,0,14,0,14,0,14,0,14,0,14,49,66,7,12,0,14,0,14,0,14,0,14,42,64,335,101,23,23,29,44,31,38,32,33,220,94,0,14,100,58,0,14,13,21,0,14,8,15,79,51,0,14
2024,06037402501,Census Tract 4025.01,Pomona,Los Angeles County,California,Pomona,1086,165,59,53,0,19,20,30,0,19,0,19,26,40,13,19,211,90,47,49,19,31,31,37,10,15,93,75,11,17,571,159,165,122,37,44,77,63,84,67,208,96,0,19,245,101,33,52,16,24,14,15,0,19,171,94,11,17
2024,06037402503,Census Tract 4025.03,Pomona,Los Angeles County,California,Pomona,794,158,10,17,0,14,0,14,0,14,10,17,0,14,0,14,78,58,12,20,0,14,0,14,13,21,53,50,0,14,574,167,89,103,8,13,80,69,113,91,279,118,5,10,132,97,60,81,0,14,22,34,0,14,45,48,5,8
2024,06037402504,Census Tract 4025.04,Pomona,Los Angeles County,California,Pomona,442,124,12,12,0,14,0,14,0,14,0,14,12,12,0,14,55,48,0,14,25,38,0,14,0,14,23,28,7,10,163,65,10,16,27,26,8,11,14,16,96,51,8,12,212,100,0,14,13,15,0,14,20,32,120,61,59,80
2024,06037402601,Census Tract 4026.01,Pomona,Los Angeles County,California,Pomona,426,70,0,14,0,14,0,14,0,14,0,14,0,14,0,14,52,41,6,9,10,17,21,27,0,14,15,22,0,14,335,73,68,54,27,28,15,19,53,44,167,71,5,8,39,37,0,14,18,29,0,14,0,14,0,14,21,23
2024,06037402602,Census Tract 4026.02,Pomona,Los Angeles County,California,Pomona,1363,487,71,89,0,14,0,14,0,14,0,14,71,89,0,14,52,69,47,61,0,14,0,14,5,21,0,14,0,14,858,467,57,51,280,270,9,16,0,14,260,132,252,354,382,152,58,61,88,98,103,106,101,113,21,35,11,17
2024,06037402702,Census Tract 4027.02,Pomona,Los Angeles County,California,Pomona,937,153,40,38,0,19,0,19,0,19,10,16,30,35,0,19,198,107,18,24,57,66,22,39,0,19,101,56,0,19,623,160,114,75,40,36,72,61,29,37,317,129,51,60,76,47,0,19,10,15,8,13,0,19,58,43,0,19
2024,06037402703,Census Tract 4027.03,Pomona,Los Angeles County,California,Pomona,458,159,19,31,0,19,0,19,0,19,0,19,19,31,0,19,150,98,0,19,0,19,31,47,52,62,67,61,0,19,240,147,25,23,24,29,0,19,0,19,191,144,0,19,49,52,0,19,0,19,0,19,0,19,19,21,30,48
2024,06037402705,Census Tract 4027.05,Pomona,Los Angeles County,California,Pomona,147,65,15,21,15,21,0,14,0,14,0,14,0,14,0,14,27,21,14,16,8,13,5,9,0,14,0,14,0,14,90,60,44,39,0,14,0,14,5,8,41,41,0,14,15,18,5,8,0,14,0,14,0,14,0,14,10,16
2024,06037402706,Census Tract 4027.06,Pomona,Los Angeles County,California,Pomona,235,92,7,11,0,14,0,14,0,14,0,14,7,11,0,14,0,14,0,14,0,14,0,14,0,14,0,14,0,14,190,84,88,79,0,14,14,25,0,14,88,65,0,14,38,52,0,14,0,14,0,14,0,14,3,5,35,51
2024,06037402801,Census Tract 4028.01,Pomona,Los Angeles County,California,Pomona,750,180,75,73,0,14,24,38,17,25,0,14,34,53,0,14,215,114,32,40,25,41,0,14,0,14,158,102,0,14,398,138,39,45,72,85,47,54,24,39,207,99,9,13,62,73,0,14,0,14,0,14,0,14,62,73,0,14
2024,06037402803,Census Tract 4028.03,Pomona,Los Angeles County,California,Pomona,379,89,11,18,0,14,0,14,0,14,0,14,11,18,0,14,24,23,3,5,0,14,0,14,0,14,21,22,0,14,312,82,61,44,26,25,45,33,6,8,174,68,0,14,32,31,0,14,0,14,16,25,0,14,16,19,0,14
2024,06037402804,Census Tract 4028.04,Pomona,Los Angeles County,California,Pomona,684,141,25,28,0,14,0,14,0,14,0,14,25,28,0,14,144,66,10,16,10,18,0,14,0,14,124,66,0,14,500,142,30,26,97,113,87,65,39,33,242,81,5,9,15,26,0,14,0,14,0,14,0,14,15,26,0,14
2024,06037402902,Census Tract 4029.02,Pomona,Los Angeles County,California,Pomona,828,149,0,19,0,19,0,19,0,19,0,19,0,19,0,19,189,93,52,39,8,13,0,19,52,60,57,54,20,33,431,108,129,84,56,59,20,25,66,46,131,73,29,33,208,115,32,39,19,27,38,44,12,19,69,80,38,61
2024,06037402903,Census Tract 4029.03,Pomona,Los Angeles County,California,Pomona,483,129,17,18,5,8,0,14,12,17,0,14,0,14,0,14,51,39,0,14,33,30,0,14,0,14,18,21,0,14,279,99,98,70,32,32,54,55,0,14,95,57,0,14,136,95,0,14,0,14,17,22,17,20,51,41,51,84
2024,06037402904,Census Tract 4029.04,Pomona,Los Angeles County,California,Pomona,233,106,0,14,0,14,0,14,0,14,0,14,0,14,0,14,68,73,7,10,0,14,0,14,0,14,61,73,0,14,92,41,27,24,29,28,0,14,0,14,30,27,6,9,73,74,0,14,6,9,0,14,5,7,62,73,0,14
2024,06037403000,Census Tract 4030,Pomona,Los Angeles County,California,Pomona,337,99,0,19,0,19,0,19,0,19,0,19,0,19,0,19,65,51,0,19,0,19,24,38,0,19,33,33,8,13,253,100,92,74,0,19,41,44,0,19,120,69,0,19,19,22,0,19,0,19,0,19,0,19,0,19,19,22
2024,06037403316,Census Tract 4033.16,Pomona,Los Angeles County,California,Pomona,634,212,19,33,0,19,0,19,0,19,0,19,19,33,0,19,48,44,19,30,0,19,0,19,16,26,0,19,13,22,249,162,0,19,27,32,101,145,13,20,108,60,0,19,318,139,0,19,0,19,19,31,11,18,273,140,15,24
2024,06037403317,Census Tract 4033.17,Pomona,Los Angeles County,California,Pomona,179,74,0,19,0,19,0,19,0,19,0,19,0,19,0,19,0,19,0,19,0,19,0,19,0,19,0,19,0,19,140,75,10,17,22,25,0,19,18,28,53,54,37,39,39,45,39,45,0,19,0,19,0,19,0,19,0,19
2024,06037403318,Census Tract 4033.18,Pomona,Los Angeles County,California,Pomona,379,169,31,38,0,19,0,19,0,19,0,19,31,38,0,19,48,57,21,33,0,19,0,19,27,47,0,19,0,19,206,133,40,43,0,19,1,14,16,25,64,65,85,96,94,119,0,19,0,19,21,33,0,19,0,19,73,114
2024,06037403327,Census Tract 4033.27,Pomona,Los Angeles County,California,Pomona,51,32,10,15,0,14,10,15,0,14,0,14,0,14,0,14,0,14,0,14,0,14,0,14,0,14,0,14,0,14,41,28,24,25,3,7,6,11,0,14,8,14,0,14,0,14,0,14,0,14,0,14,0,14,0,14,0,14
2024,06037408800,Census Tract 4088,Pomona,Los Angeles County,California,Pomona,1632,226,369,145,22,33,10,19,43,42,25,28,250,132,19,21,627,209,66,100,64,62,40,49,48,47,337,154,72,82,554,212,37,49,82,57,37,26,0,14,398,196,0,14,82,59,33,35,49,52,0,14,0,14,0,14,0,14
2024,06037409000,Census Tract 4090,Pomona,Los Angeles County,California,Pomona,1218,295,83,76,0,19,0,19,0,19,0,19,33,39,50,62,413,191,63,75,0,19,54,74,61,101,223,141,12,22,659,320,33,38,189,269,243,158,32,42,151,100,11,20,63,61,0,19,0,19,0,19,0,19,46,52,17,29
2024,06037901013,Census Tract 9010.13,Quartz Hill,Los Angeles County,California,QuartzHill,231,141,52,53,0,14,0,14,0,14,13,23,39,48,0,14,43,48,0,14,0,14,18,29,0,14,25,39,0,14,136,114,65,82,0,14,0,14,0,14,71,73,0,14,0,14,0,14,0,14,0,14,0,14,0,14,0,14
2024,06037901101,Census Tract 9011.01,Quartz Hill,Los Angeles County,California,QuartzHill,453,147,0,19,0,19,0,19,0,19,0,19,0,19,0,19,116,80,33,32,48,52,0,19,0,19,35,56,0,19,304,130,122,95,55,65,16,28,0,19,111,72,0,19,33,34,8,12,0,19,0,19,0,19,25,31,0,19
2024,06037901102,Census Tract 9011.02,Quartz Hill,Los Angeles County,California,QuartzHill,527,207,0,19,0,19,0,19,0,19,0,19,0,19,0,19,75,77,0,19,34,50,0,19,0,19,41,63,0,19,318,119,48,60,63,63,14,21,32,53,152,75,9,16,134,136,18,23,8,12,0,19,0,19,0,19,108,133
2024,06037910211,Census Tract 9102.11,Quartz Hill,Los Angeles County,California,QuartzHill,88,81,0,14,0,14,0,14,0,14,0,14,0,14,0,14,0,14,0,14,0,14,0,14,0,14,0,14,0,14,78,80,8,12,0,14,44,71,0,14,26,34,0,14,10,14,0,14,0,14,0,14,0,14,10,14,0,14
2024,06037910301,Census Tract 9103.01,Quartz Hill,Los Angeles County,California,QuartzHill,382,320,0,14,0,14,0,14,0,14,0,14,0,14,0,14,8,13,0,14,0,14,8,13,0,14,0,14,0,14,271,314,213,310,25,29,0,14,0,14,33,41,0,14,103,86,9,14,0,14,0,14,0,14,36,57,58,64
2024,06037670328,Census Tract 6703.28,Rancho Palos Verdes,Los Angeles County,California,RanchoPalosVerdes,76,54,0,14,0,14,0,14,0,14,0,14,0,14,0,14,5,12,0,14,0,14,0,14,0,14,5,12,0,14,59,49,0,14,0,14,0,14,0,14,53,48,6,10,12,18,0,14,0,14,0,14,0,14,0,14,12,18
2024,06037670405,Census Tract 6704.05,Rancho Palos Verdes,Los Angeles County,California,RanchoPalosVerdes,285,77,0,14,0,14,0,14,0,14,0,14,0,14,0,14,20,27,20,27,0,14,0,14,0,14,0,14,0,14,81,63,12,17,10,17,20,24,0,14,0,14,39,50,184,60,0,14,36,45,43,50,0,14,105,59,0,14
2024,06037670407,Census Tract 6704.07,Rancho Palos Verdes,Los Angeles County,California,RanchoPalosVerdes,1034,273,65,98,0,19,65,98,0,19,0,19,0,19,0,19,16,25,0,19,0,19,0,19,16,25,0,19,0,19,803,270,194,136,105,75,198,175,0,19,194,109,112,90,150,79,20,31,0,19,28,32,18,30,66,52,18,32
2024,06037670413,Census Tract 6704.13,Rancho Palos Verdes,Los Angeles County,California,RanchoPalosVerdes,378,101,0,14,0,14,0,14,0,14,0,14,0,14,0,14,7,13,0,14,0,14,0,14,0,14,0,14,7,13,285,104,78,53,13,20,16,25,42,32,111,71,25,27,86,42,0,14,9,13,0,14,0,14,77,41,0,14
2024,06037670416,Census Tract 6704.16,Rancho Palos Verdes,Los Angeles County,California,RanchoPalosVerdes,578,202,11,16,0,14,11,16,0,14,0,14,0,14,0,14,38,32,12,19,17,20,9,14,0,14,0,14,0,14,376,186,72,51,43,37,0,14,55,68,194,161,12,20,153,86,29,46,7,11,14,20,0,14,103,73,0,14
2024,06037670417,Census Tract 6704.17,Rancho Palos Verdes,Los Angeles County,California,RanchoPalosVerdes,182,66,0,14,0,14,0,14,0,14,0,14,0,14,0,14,0,14,0,14,0,14,0,14,0,14,0,14,0,14,153,64,11,15,35,37,38,31,3,5,66,44,0,14,29,19,4,7,0,14,4,7,0,14,21,17,0,14
2024,06037670418,Census Tract 6704.18,Rancho Palos Verdes,Los Angeles County,California,RanchoPalosVerdes,120,57,0,14,0,14,0,14,0,14,0,14,0,14,0,14,29,41,0,14,0,14,0,14,0,14,0,14,29,41,74,42,14,20,15,17,0,14,0,14,45,30,0,14,17,17,0,14,0,14,0,14,8,13,0,14,9,12
2024,06037670603,Census Tract 6706.03,Rancho Palos Verdes,Los Angeles County,California,RanchoPalosVerdes,34,32,0,14,0,14,0,14,0,14,0,14,0,14,0,14,15,22,0,14,15,22,0,14,0,14,0,14,0,14,19,20,0,14,0,14,7,11,0,14,12,17,0,14,0,14,0,14,0,14,0,14,0,14,0,14,0,14
2024,06037670604,Census Tract 6706.04,Rancho Palos Verdes,Los Angeles County,California,RanchoPalosVerdes,251,129,0,14,0,14,0,14,0,14,0,14,0,14,0,14,45,65,0,14,0,14,0,14,0,14,45,65,0,14,125,84,41,48,11,18,17,27,36,42,20,36,0,14,81,62,11,17,35,40,17,29,0,14,0,14,18,31
2024,06037670701,Census Tract 6707.01,Rancho Palos Verdes,Los Angeles County,California,RanchoPalosVerdes,119,74,0,19,0,19,0,19,0,19,0,19,0,19,0,19,34,42,0,19,0,19,0,19,0,19,34,42,0,19,85,65,17,27,35,41,33,38,0,19,0,19,0,19,0,19,0,19,0,19,0,19,0,19,0,19,0,19
2024,06037670702,Census Tract 6707.02,Rancho Palos Verdes,Los Angeles County,California,RanchoPalosVerdes,142,108,0,19,0,19,0,19,0,19,0,19,0,19,0,19,0,19,0,19,0,19,0,19,0,19,0,19,0,19,113,98,32,57,0,19,0,19,0,19,71,74,10,16,29,46,29,46,0,19,0,19,0,19,0,19,0,19
2024,06037990200,Census Tract 9902,Rancho Palos Verdes,Los Angeles County,California,RanchoPalosVerdes,0,14,0,14,0,14,0,14,0,14,0,14,0,14,0,14,0,14,0,14,0,14,0,14,0,14,0,14,0,14,0,14,0,14,0,14,0,14,0,14,0,14,0,14,0,14,0,14,0,14,0,14,0,14,0,14,0,14
2024,06037990300,Census Tract 9903,Rancho Palos Verdes,Los Angeles County,California,RanchoPalosVerdes,0,14,0,14,0,14,0,14,0,14,0,14,0,14,0,14,0,14,0,14,0,14,0,14,0,14,0,14,0,14,0,14,0,14,0,14,0,14,0,14,0,14,0,14,0,14,0,14,0,14,0,14,0,14,0,14,0,14
2024,06037620501,Census Tract 6205.01,Redondo Beach,Los Angeles County,California,RedondoBeach,817,182,0,19,0,19,0,19,0,19,0,19,0,19,0,19,91,59,37,40,0,19,15,24,0,19,39,43,0,19,665,193,125,92,228,136,16,27,90,96,206,125,0,19,61,47,0,19,0,19,53,49,0,19,8,14,0,19
2024,06037620521,Census Tract 6205.21,Redondo Beach,Los Angeles County,California,RedondoBeach,869,190,45,45,31,39,0,14,0,14,0,14,14,21,0,14,286,122,51,40,21,28,97,89,0,14,117,80,0,14,418,159,139,76,70,56,108,124,34,36,67,40,0,14,120,56,0,14,7,14,0,14,14,21,76,49,23,26
2024,06037620522,Census Tract 6205.22,Redondo Beach,Los Angeles County,California,RedondoBeach,806,120,0,14,0,14,0,14,0,14,0,14,0,14,0,14,245,95,113,72,46,49,5,11,29,25,46,38,6,10,462,111,122,66,37,43,122,63,37,38,128,61,16,18,99,61,11,19,0,14,6,10,12,21,70,51,0,14
2024,06037620601,Census Tract 6206.01,Redondo Beach,Los Angeles County,California,RedondoBeach,1144,195,30,37,0,19,13,22,0,19,0,19,17,29,0,19,133,83,36,34,18,33,0,19,11,17,68,73,0,19,799,192,151,100,241,180,20,30,96,99,251,122,40,56,182,97,8,14,68,65,17,27,33,51,56,52,0,19
2024,06037620602,Census Tract 6206.02,Redondo Beach,Los Angeles County,California,RedondoBeach,619,170,50,81,0,19,0,19,0,19,0,19,50,81,0,19,71,75,43,66,0,19,0,19,11,18,17,28,0,19,443,137,218,94,20,31,87,106,27,44,91,85,0,19,55,53,0,19,35,41,0,19,0,19,20,34,0,19
2024,06037620701,Census Tract 6207.01,Redondo Beach,Los Angeles County,California,RedondoBeach,1396,293,0,19,0,19,0,19,0,19,0,19,0,19,0,19,277,196,69,86,90,92,13,22,0,19,105,150,0,19,856,248,427,202,133,73,46,44,44,41,196,144,10,17,263,144,102,109,13,23,0,19,0,19,148,103,0,19
2024,06037620703,Census Tract 6207.03,Redondo Beach,Los Angeles County,California,RedondoBeach,246,97,29,44,29,44,0,14,0,14,0,14,0,14,0,14,66,49,55,51,0,14,0,14,0,14,11,19,0,14,151,75,42,43,0,14,51,49,0,14,58,46,0,14,0,14,0,14,0,14,0,14,0,14,0,14,0,14
2024,06037620704,Census Tract 6207.04,Redondo Beach,Los Angeles County,California,RedondoBeach,308,66,12,20,0,14,0,14,0,14,12,20,0,14,0,14,51,24,19,31,9,14,13,21,0,14,10,16,0,14,219,64,51,45,25,30,67,44,13,20,63,37,0,14,26,28,0,14,0,14,0,14,0,14,26,28,0,14
2024,06037621201,Census Tract 6212.01,Redondo Beach,Los Angeles County,California,RedondoBeach,1405,312,20,33,0,19,20,33,0,19,0,19,0,19,0,19,321,167,139,102,29,46,128,128,0,19,25,42,0,19,930,275,280,141,130,87,73,82,73,71,374,256,0,19,134,72,24,30,0,19,0,19,0,19,110,63,0,19
2024,06037621204,Census Tract 6212.04,Redondo Beach,Los Angeles County,California,RedondoBeach,1285,257,11,18,11,18,0,14,0,14,0,14,0,14,0,14,333,160,51,45,37,49,25,27,11,17,147,113,62,77,578,206,53,41,80,60,26,24,135,142,251,115,33,31,363,102,27,31,11,16,40,46,68,56,217,87,0,14
2024,06037621301,Census Tract 6213.01,Redondo Beach,Los Angeles County,California,RedondoBeach,883,193,0,19,0,19,0,19,0,19,0,19,0,19,0,19,126,110,39,47,8,16,0,19,16,26,63,98,0,19,561,184,138,84,41,44,28,35,81,68,241,142,32,37,196,121,0,19,67,100,56,63,0,19,73,71,0,19
2024,06037621324,Census Tract 6213.24,Redondo Beach,Los Angeles County,California,RedondoBeach,1242,304,16,25,0,14,0,14,0,14,0,14,16,25,0,14,233,97,58,57,46,35,0,14,24,37,57,52,48,75,796,290,248,119,18,29,122,106,63,99,345,196,0,14,197,107,13,21,16,26,0,14,19,32,136,96,13,20
2024,06037621326,Census Tract 6213.26,Redondo Beach,Los Angeles County,California,RedondoBeach,1366,218,71,79,0,14,0,14,0,14,0,14,71,79,0,14,338,172,68,44,24,23,0,14,17,19,217,176,12,18,695,159,285,99,36,28,109,74,9,14,211,112,45,56,262,81,50,33,27,25,18,30,0,14,134,70,33,48
2024,06037621400,Census Tract 6214,Redondo Beach,Los Angeles County,California,RedondoBeach,819,210,115,129,52,84,0,14,0,14,0,14,63,102,0,14,211,106,30,34,37,42,71,87,73,77,0,14,0,14,449,153,161,87,20,33,38,47,12,22,205,109,13,21,44,31,0,14,0,14,17,27,0,14,27,31,0,14
2024,06037990200,Census Tract 9902,Redondo Beach,Los Angeles County,California,RedondoBeach,0,14,0,14,0,14,0,14,0,14,0,14,0,14,0,14,0,14,0,14,0,14,0,14,0,14,0,14,0,14,0,14,0,14,0,14,0,14,0,14,0,14,0,14,0,14,0,14,0,14,0,14,0,14,0,14,0,14
2024,06037670500,Census Tract 6705,Rolling Hills (Los Angeles County),Los Angeles County,California,RollingHills(LosAngelesCounty),36,30,2,3,0,14,0,14,0,14,0,14,0,14,2,3,0,14,0,14,0,14,0,14,0,14,0,14,0,14,28,29,28,29,0,14,0,14,0,14,0,14,0,14,6,7,0,14,0,14,0,14,0,14,0,14,6,7
2024,06037670201,Census Tract 6702.01,Rolling Hills Estates,Los Angeles County,California,RollingHillsEstates,439,138,0,14,0,14,0,14,0,14,0,14,0,14,0,14,13,22,0,14,13,22,0,14,0,14,0,14,0,14,357,117,117,92,61,50,0,14,23,38,103,80,53,75,69,54,0,14,0,14,5,9,10,16,23,26,31,44
2024,06037670202,Census Tract 6702.02,Rolling Hills Estates,Los Angeles County,California,RollingHillsEstates,71,42,0,14,0,14,0,14,0,14,0,14,0,14,0,14,4,7,0,14,0,14,4,7,0,14,0,14,0,14,61,40,0,14,17,22,10,14,5,8,29,26,0,14,6,9,0,14,0,14,0,14,0,14,6,9,0,14
2024,06037670405,Census Tract 6704.05,Rolling Hills Estates,Los Angeles County,California,RollingHillsEstates,285,77,0,14,0,14,0,14,0,14,0,14,0,14,0,14,20,27,20,27,0,14,0,14,0,14,0,14,0,14,81,63,12,17,10,17,20,24,0,14,0,14,39,50,184,60,0,14,36,45,43,50,0,14,105,59,0,14
2024,06037670406,Census Tract 6704.06,Rolling Hills Estates,Los Angeles County,California,RollingHillsEstates,72,44,0,14,0,14,0,14,0,14,0,14,0,14,0,14,4,6,0,14,0,14,0,14,0,14,4,6,0,14,68,43,19,22,16,18,4,7,29,35,0,14,0,14,0,14,0,14,0,14,0,14,0,14,0,14,0,14
2024,06037670417,Census Tract 6704.17,Rolling Hills Estates,Los Angeles County,California,RollingHillsEstates,182,66,0,14,0,14,0,14,0,14,0,14,0,14,0,14,0,14,0,14,0,14,0,14,0,14,0,14,0,14,153,64,11,15,35,37,38,31,3,5,66,44,0,14,29,19,4,7,0,14,4,7,0,14,21,17,0,14
2024,06037670702,Census Tract 6707.02,Rolling Hills Estates,Los Angeles County,California,RollingHillsEstates,142,108,0,19,0,19,0,19,0,19,0,19,0,19,0,19,0,19,0,19,0,19,0,19,0,19,0,19,0,19,113,98,32,57,0,19,0,19,0,19,71,74,10,16,29,46,29,46,0,19,0,19,0,19,0,19,0,19
2024,06037500300,Census Tract 5003,Rose Hills,Los Angeles County,California,RoseHills,159,78,0,14,0,14,0,14,0,14,0,14,0,14,0,14,32,36,13,22,0,14,0,14,0,14,19,27,0,14,116,69,25,26,7,13,0,14,0,14,57,55,27,22,11,18,0,14,0,14,0,14,11,18,0,14,0,14
2024,06037432201,Census Tract 4322.01,Rosemead,Los Angeles County,California,Rosemead,543,242,0,14,0,14,0,14,0,14,0,14,0,14,0,14,25,40,0,14,0,14,0,14,25,40,0,14,0,14,284,129,80,69,9,14,14,16,87,81,94,50,0,14,234,209,15,20,50,51,0,14,127,198,33,35,9,15
2024,06037432202,Census Tract 4322.02,Rosemead,Los Angeles County,California,Rosemead,428,133,0,14,0,14,0,14,0,14,0,14,0,14,0,14,129,87,54,62,0,14,30,46,0,14,13,20,32,46,221,82,6,11,79,55,35,41,8,12,76,58,17,24,78,65,17,25,29,36,0,14,0,14,32,50,0,14
2024,06037432901,Census Tract 4329.01,Rosemead,Los Angeles County,California,Rosemead,797,123,67,69,39,62,0,14,0,14,28,31,0,14,0,14,90,61,10,16,22,32,10,15,5,12,43,43,0,14,432,144,107,74,21,30,74,58,28,44,202,128,0,14,208,101,0,14,0,14,0,14,0,14,185,104,23,31
2024,06037432902,Census Tract 4329.02,Rosemead,Los Angeles County,California,Rosemead,249,51,0,14,0,14,0,14,0,14,0,14,0,14,0,14,44,29,0,14,15,19,0,14,6,10,23,23,0,14,156,62,40,32,20,22,0,14,9,13,81,52,6,8,49,35,25,24,0,14,3,5,0,14,21,19,0,14
2024,06037433601,Census Tract 4336.01,Rosemead,Los Angeles County,California,Rosemead,821,152,0,14,0,14,0,14,0,14,0,14,0,14,0,14,102,67,0,14,14,20,26,38,0,14,47,53,15,23,557,144,106,67,8,15,66,79,0,14,297,120,80,55,162,88,49,61,29,25,0,14,0,14,16,23,68,56
2024,06037433602,Census Tract 4336.02,Rosemead,Los Angeles County,California,Rosemead,408,92,50,50,0,14,0,14,0,14,0,14,50,50,0,14,7,11,7,11,0,14,0,14,0,14,0,14,0,14,248,72,53,36,34,30,0,14,9,11,145,61,7,10,103,46,0,14,22,20,0,14,42,35,26,19,13,21
2024,06037481300,Census Tract 4813,Rosemead,Los Angeles County,California,Rosemead,344,103,0,14,0,14,0,14,0,14,0,14,0,14,0,14,60,46,17,17,0,14,0,14,18,25,22,29,3,6,255,99,18,18,32,33,14,21,73,78,79,39,39,30,29,21,0,14,12,14,4,6,0,14,10,14,3,5
2024,06037482303,Census Tract 4823.03,Rosemead,Los Angeles County,California,Rosemead,912,146,25,33,0,14,7,13,0,14,0,14,18,31,0,14,136,74,33,43,5,8,0,14,8,12,90,55,0,14,518,118,125,76,65,36,32,36,89,79,200,81,7,14,233,86,19,22,47,48,53,51,0,14,88,62,26,42
2024,06037482304,Census Tract 4823.04,Rosemead,Los Angeles County,California,Rosemead,673,123,6,10,0,14,0,14,0,14,0,14,6,10,0,14,99,53,21,25,0,14,33,34,13,19,32,31,0,14,483,127,94,58,12,16,48,37,4,6,272,82,53,54,85,37,0,14,9,13,0,14,9,10,51,32,16,14
2024,06037482401,Census Tract 4824.01,Rosemead,Los Angeles County,California,Rosemead,764,129,0,14,0,14,0,14,0,14,0,14,0,14,0,14,102,47,18,20,9,14,10,14,20,30,45,38,0,14,480,106,182,80,29,23,22,26,16,17,231,88,0,14,182,88,42,65,17,25,0,14,2,5,115,54,6,10
2024,06037482403,Census Tract 4824.03,Rosemead,Los Angeles County,California,Rosemead,498,86,26,36,6,9,0,14,0,14,0,14,20,34,0,14,70,54,40,48,0,14,19,22,11,18,0,14,0,14,279,83,17,31,23,27,33,38,10,16,196,79,0,14,123,78,13,17,8,13,19,23,0,14,76,69,7,12
2024,06037482404,Census Tract 4824.04,Rosemead,Los Angeles County,California,Rosemead,337,283,0,14,0,14,0,14,0,14,0,14,0,14,0,14,0,14,0,14,0,14,0,14,0,14,0,14,0,14,309,277,0,14,29,43,0,14,16,25,88,48,176,280,28,35,0,14,0,14,0,14,0,14,17,27,11,18
2024,06037482502,Census Tract 4825.02,Rosemead,Los Angeles County,California,Rosemead,481,95,5,8,5,8,0,14,0,14,0,14,0,14,0,14,13,14,5,8,0,14,0,14,0,14,8,11,0,14,389,100,60,44,44,38,0,14,14,16,244,91,27,22,74,41,15,25,23,23,0,14,8,13,13,22,15,18
2024,06037482503,Census Tract 4825.03,Rosemead,Los Angeles County,California,Rosemead,620,128,0,14,0,14,0,14,0,14,0,14,0,14,0,14,70,68,34,55,0,14,0,14,0,14,36,40,0,14,450,107,66,54,62,70,58,46,57,56,207,82,0,14,100,73,21,29,0,14,0,14,0,14,20,33,59,62
2024,06037482521,Census Tract 4825.21,Rosemead,Los Angeles County,California,Rosemead,599,173,0,19,0,19,0,19,0,19,0,19,0,19,0,19,119,85,39,60,38,47,0,19,0,19,42,48,0,19,227,95,50,54,0,19,40,33,0,19,99,57,38,55,253,119,31,48,24,33,14,22,10,16,115,85,59,56
2024,06037482522,Census Tract 4825.22,Rosemead,Los Angeles County,California,Rosemead,412,116,13,20,0,14,0,14,0,14,0,14,13,20,0,14,90,59,14,22,0,14,13,21,11,17,52,46,0,14,274,101,37,40,57,42,29,26,39,61,97,65,15,19,35,33,9,14,0,14,11,17,0,14,15,24,0,14
2024,06037530007,Census Tract 5300.07,Rosemead,Los Angeles County,California,Rosemead,706,152,7,14,0,19,7,14,0,19,0,19,0,19,0,19,135,119,76,80,0,19,0,19,0,19,0,19,59,91,464,141,71,53,20,33,17,25,0,19,356,133,0,19,100,59,19,30,0,19,17,27,27,41,17,26,20,33
2024,06037980036,Census Tract 9800.36,Rosemead,Los Angeles County,California,Rosemead,23,21,0,14,0,14,0,14,0,14,0,14,0,14,0,14,5,7,5,7,0,14,0,14,0,14,0,14,0,14,12,17,0,14,0,14,0,14,0,14,0,14,12,17,6,8,0,14,0,14,0,14,0,14,6,8,0,14
2024,06037403326,Census Tract 4033.26,Rowland Heights,Los Angeles County,California,RowlandHeights,169,87,3,7,0,14,0,14,0,14,0,14,3,7,0,14,0,14,0,14,0,14,0,14,0,14,0,14,0,14,116,54,45,34,17,20,36,34,0,14,18,28,0,14,50,62,0,14,0,14,8,13,0,14,42,61,0,14
2024,06037408212,Census Tract 4082.12,Rowland Heights,Los Angeles County,California,RowlandHeights,225,104,8,13,0,14,0,14,0,14,8,13,0,14,0,14,81,65,49,50,0,14,6,11,0,14,0,14,26,40,77,68,0,14,43,62,0,14,0,14,34,36,0,14,59,51,0,14,0,14,0,14,0,14,36,34,23,37
2024,06037408213,Census Tract 4082.13,Rowland Heights,Los Angeles County,California,RowlandHeights,749,168,26,37,0,19,0,19,21,36,0,19,5,10,0,19,165,111,61,86,18,25,13,15,21,30,46,42,6,10,510,163,120,80,53,52,54,57,15,18,240,122,28,29,48,29,7,11,6,10,0,19,6,10,23,22,6,11
2024,06037408626,Census Tract 4086.26,Rowland Heights,Los Angeles County,California,RowlandHeights,395,125,68,77,0,14,0,14,0,14,0,14,68,77,0,14,101,68,0,14,9,16,0,14,8,13,57,53,27,42,184,85,10,18,51,57,10,23,0,14,102,82,11,17,42,31,18,20,0,14,0,14,0,14,6,11,18,20
2024,06037408627,Census Tract 4086.27,Rowland Heights,Los Angeles County,California,RowlandHeights,135,72,0,14,0,14,0,14,0,14,0,14,0,14,0,14,7,11,0,14,2,7,0,14,0,14,0,14,5,8,105,67,0,14,27,42,3,5,0,14,55,38,20,28,23,29,5,8,0,14,0,14,0,14,0,14,18,28
2024,06037408703,Census Tract 4087.03,Rowland Heights,Los Angeles County,California,RowlandHeights,114,67,0,19,0,19,0,19,0,19,0,19,0,19,0,19,0,19,0,19,0,19,0,19,0,19,0,19,0,19,106,65,24,38,9,15,0,19,0,19,57,53,16,23,8,15,0,19,8,15,0,19,0,19,0,19,0,19
2024,06037408705,Census Tract 4087.05,Rowland Heights,Los Angeles County,California,RowlandHeights,480,158,0,19,0,19,0,19,0,19,0,19,0,19,0,19,60,66,0,19,0,19,0,19,0,19,60,66,0,19,345,161,38,41,71,67,0,19,0,19,236,152,0,19,75,62,0,19,0,19,0,19,10,24,24,34,41,39
2024,06037408707,Census Tract 4087.07,Rowland Heights,Los Angeles County,California,RowlandHeights,250,115,0,19,0,19,0,19,0,19,0,19,0,19,0,19,26,34,0,19,0,19,0,19,0,19,26,34,0,19,175,100,55,61,17,28,60,62,0,19,23,28,20,25,49,73,0,19,0,19,0,19,0,19,49,73,0,19
2024,06037408722,Census Tract 4087.22,Rowland Heights,Los Angeles County,California,RowlandHeights,191,87,0,14,0,14,0,14,0,14,0,14,0,14,0,14,46,57,0,14,0,14,0,14,35,55,11,18,0,14,117,64,0,14,0,14,0,14,15,27,94,50,8,14,28,26,0,14,0,14,0,14,0,14,28,26,0,14
2024,06037408724,Census Tract 4087.24,Rowland Heights,Los Angeles County,California,RowlandHeights,1567,157,128,74,22,34,20,32,0,19,0,19,86,65,0,19,332,130,47,38,17,27,82,83,20,24,166,94,0,19,966,158,308,134,149,85,50,42,134,70,282,114,43,42,141,72,29,46,19,27,19,20,0,19,64,43,10,17
2024,06037408725,Census Tract 4087.25,Rowland Heights,Los Angeles County,California,RowlandHeights,809,180,0,19,0,19,0,19,0,19,0,19,0,19,0,19,81,52,0,19,0,19,7,11,9,14,65,52,0,19,459,115,77,55,13,14,25,27,64,56,247,88,33,42,269,157,17,22,0,19,90,128,0,19,138,64,24,25
2024,06037980035,Census Tract 9800.35,Rowland Heights,Los Angeles County,California,RowlandHeights,125,50,25,27,0,14,14,21,0,14,0,14,11,16,0,14,7,7,2,2,1,2,0,14,0,14,4,6,0,14,70,39,19,19,7,8,0,14,31,28,13,16,0,14,23,22,19,21,2,3,0,14,1,3,1,2,0,14
2024,06037400304,Census Tract 4003.04,San Dimas,Los Angeles County,California,SanDimas,1430,369,54,53,0,19,0,19,0,19,0,19,54,53,0,19,424,189,0,19,67,77,17,21,0,19,340,192,0,19,826,354,143,101,67,60,0,19,214,241,377,237,25,41,126,82,0,19,0,19,37,47,9,14,80,65,0,19
2024,06037400403,Census Tract 4004.03,San Dimas,Los Angeles County,California,SanDimas,455,155,47,68,0,14,0,14,0,14,0,14,47,68,0,14,57,47,3,19,0,14,25,30,0,14,29,44,0,14,300,170,48,69,31,34,36,45,0,14,185,169,0,14,51,33,0,14,1,3,0,14,26,28,13,21,11,17
2024,06037401202,Census Tract 4012.02,San Dimas,Los Angeles County,California,SanDimas,223,117,0,14,0,14,0,14,0,14,0,14,0,14,0,14,25,40,25,40,0,14,0,14,0,14,0,14,0,14,117,88,28,29,16,18,0,14,8,13,65,82,0,14,81,70,0,14,31,50,0,14,26,42,16,18,8,13
2024,06037401303,Census Tract 4013.03,San Dimas,Los Angeles County,California,SanDimas,126,83,0,14,0,14,0,14,0,14,0,14,0,14,0,14,6,13,0,14,6,13,0,14,0,14,0,14,0,14,55,46,0,14,0,14,0,14,21,33,25,23,9,16,65,67,0,14,0,14,0,14,0,14,23,20,42,67
2024,06037401304,Census Tract 4013.04,San Dimas,Los Angeles County,California,SanDimas,63,50,0,14,0,14,0,14,0,14,0,14,0,14,0,14,10,17,10,17,0,14,0,14,0,14,0,14,0,14,5,10,0,14,0,14,0,14,0,14,5,10,0,14,48,46,0,14,0,14,0,14,13,22,0,14,35,39
2024,06037401311,Census Tract 4013.11,San Dimas,Los Angeles County,California,SanDimas,911,217,11,18,0,19,0,19,11,18,0,19,0,19,0,19,394,211,56,76,29,35,54,87,0,19,210,144,45,73,341,159,53,51,153,105,16,23,6,12,65,62,48,71,165,83,23,25,0,19,17,27,0,19,114,85,11,18
2024,06037401312,Census Tract 4013.12,San Dimas,Los Angeles County,California,SanDimas,155,68,0,14,0,14,0,14,0,14,0,14,0,14,0,14,10,15,0,14,0,14,10,15,0,14,0,14,0,14,106,49,0,14,8,16,0,14,0,14,98,51,0,14,39,47,0,14,0,14,0,14,0,14,39,47,0,14
2024,06037403703,Census Tract 4037.03,San Dimas,Los Angeles County,California,SanDimas,250,102,48,67,0,14,0,14,0,14,0,14,48,67,0,14,45,39,12,19,13,22,20,26,0,14,0,14,0,14,57,50,10,16,0,14,20,25,0,14,27,41,0,14,100,64,0,14,0,14,31,48,9,14,60,47,0,14
2024,06037403802,Census Tract 4038.02,San Dimas,Los Angeles County,California,SanDimas,801,186,0,19,0,19,0,19,0,19,0,19,0,19,0,19,133,111,19,29,0,19,6,12,8,13,100,109,0,19,387,176,172,146,14,26,74,95,19,31,96,64,12,18,281,128,0,19,21,35,10,18,92,100,147,137,11,18
2024,06037320101,Census Tract 3201.01,San Fernando,Los Angeles County,California,SanFernando,148,69,0,14,0,14,0,14,0,14,0,14,0,14,0,14,28,35,0,14,0,14,0,14,22,33,6,9,0,14,72,46,0,14,0,14,0,14,47,37,25,30,0,14,48,49,0,14,0,14,0,14,0,14,16,25,32,39
2024,06037320102,Census Tract 3201.02,San Fernando,Los Angeles County,California,SanFernando,271,92,0,14,0,14,0,14,0,14,0,14,0,14,0,14,20,23,3,7,0,14,4,8,0,14,13,20,0,14,197,82,4,7,18,21,30,31,0,14,145,74,0,14,54,44,7,11,0,14,6,10,10,15,0,14,31,37
2024,06037320201,Census Tract 3202.01,San Fernando,Los Angeles County,California,SanFernando,835,154,34,53,0,14,34,53,0,14,0,14,0,14,0,14,41,50,0,14,0,14,0,14,0,14,41,50,0,14,633,183,141,96,52,52,106,75,76,64,252,129,6,12,127,89,24,35,0,14,4,10,0,14,99,78,0,14
2024,06037320202,Census Tract 3202.02,San Fernando,Los Angeles County,California,SanFernando,343,125,26,41,0,19,0,19,0,19,0,19,26,41,0,19,133,88,7,12,13,20,43,50,0,19,70,76,0,19,155,87,0,19,10,16,11,20,48,47,86,69,0,19,29,33,20,30,0,19,0,19,0,19,0,19,9,14
2024,06037320300,Census Tract 3203,San Fernando,Los Angeles County,California,SanFernando,787,188,29,34,10,16,0,19,0,19,0,19,0,19,19,30,152,130,8,13,26,42,0,19,0,19,118,124,0,19,485,154,85,52,17,21,0,19,48,49,322,131,13,22,121,64,7,15,0,19,22,33,23,30,69,49,0,19
2024,06037480002,Census Tract 4800.02,San Gabriel,Los Angeles County,California,SanGabriel,258,91,0,14,0,14,0,14,0,14,0,14,0,14,0,14,49,32,0,14,12,19,13,16,14,21,10,17,0,14,116,56,94,55,7,11,15,17,0,14,0,14,0,14,93,71,53,70,8,12,0,14,0,14,26,25,6,11
2024,06037480102,Census Tract 4801.02,San Gabriel,Los Angeles County,California,SanGabriel,470,154,9,14,0,14,0,14,0,14,0,14,9,14,0,14,122,64,35,36,21,27,50,53,0,14,0,14,16,26,260,128,82,62,17,20,0,14,0,14,95,51,66,105,79,50,6,11,0,14,35,35,10,16,28,25,0,14
2024,06037480201,Census Tract 4802.01,San Gabriel,Los Angeles County,California,SanGabriel,157,86,0,14,0,14,0,14,0,14,0,14,0,14,0,14,0,14,0,14,0,14,0,14,0,14,0,14,0,14,146,84,12,18,24,24,12,18,0,14,98,78,0,14,11,18,0,14,0,14,0,14,0,14,11,18,0,14
2024,06037480202,Census Tract 4802.02,San Gabriel,Los Angeles County,California,SanGabriel,257,101,0,14,0,14,0,14,0,14,0,14,0,14,0,14,50,47,6,8,0,14,26,39,0,14,18,24,0,14,105,69,11,12,0,14,5,8,44,59,45,40,0,14,102,69,0,14,0,14,0,14,0,14,17,19,85,72
2024,06037481101,Census Tract 4811.01,San Gabriel,Los Angeles County,California,SanGabriel,1014,141,16,20,8,12,0,14,0,14,0,14,8,15,0,14,292,109,85,59,71,64,12,21,31,38,93,62,0,14,554,140,163,93,50,52,76,62,55,46,171,71,39,46,152,76,17,21,17,19,0,14,12,19,93,63,13,21
2024,06037481102,Census Tract 4811.02,San Gabriel,Los Angeles County,California,SanGabriel,1167,154,20,27,13,24,0,14,0,14,0,14,7,11,0,14,221,102,84,75,10,15,54,60,14,22,59,38,0,14,717,137,118,69,80,58,129,88,38,33,352,124,0,14,209,101,16,24,59,78,9,14,14,22,111,69,0,14
2024,06037481103,Census Tract 4811.03,San Gabriel,Los Angeles County,California,SanGabriel,750,188,0,19,0,19,0,19,0,19,0,19,0,19,0,19,193,140,65,86,0,19,0,19,0,19,67,58,61,90,517,158,206,163,27,25,85,67,47,45,114,69,38,38,40,33,0,19,0,19,0,19,0,19,24,21,16,28
2024,06037481203,Census Tract 4812.03,San Gabriel,Los Angeles County,California,SanGabriel,1011,200,27,44,0,19,0,19,0,19,0,19,27,44,0,19,212,127,102,88,12,18,0,19,50,66,48,77,0,19,583,179,72,60,135,102,43,44,94,89,239,147,0,19,189,115,0,19,16,26,0,19,0,19,118,90,55,54
2024,06037481401,Census Tract 4814.01,San Gabriel,Los Angeles County,California,SanGabriel,934,123,21,27,6,10,15,25,0,19,0,19,0,19,0,19,240,107,38,35,35,38,33,52,0,19,134,85,0,19,536,142,160,88,58,47,97,52,20,29,191,93,10,17,137,74,6,11,0,19,25,35,0,19,59,44,47,51
2024,06037481403,Census Tract 4814.03,San Gabriel,Los Angeles County,California,SanGabriel,473,114,52,43,5,8,12,20,0,14,0,14,9,13,26,41,97,71,12,20,0,14,30,46,0,14,55,59,0,14,248,78,53,39,26,30,27,25,23,26,114,58,5,8,76,63,0,14,35,56,5,10,0,14,27,25,9,10
2024,06037481404,Census Tract 4814.04,San Gabriel,Los Angeles County,California,SanGabriel,481,144,26,40,0,14,0,14,26,40,0,14,0,14,0,14,60,41,10,17,22,27,1,8,0,14,27,26,0,14,303,106,105,86,2,7,26,30,23,24,147,74,0,14,92,74,0,14,0,14,0,14,0,14,0,14,92,74
2024,06037482301,Census Tract 4823.01,San Gabriel,Los Angeles County,California,SanGabriel,806,166,18,20,7,12,0,14,0,14,0,14,11,15,0,14,88,62,19,25,21,31,0,14,0,14,48,44,0,14,562,167,100,81,79,105,57,58,33,41,216,105,77,64,138,77,28,43,0,14,0,14,60,69,50,45,0,14
2024,06037464101,Census Tract 4641.01,San Marino,Los Angeles County,California,SanMarino,82,61,0,14,0,14,0,14,0,14,0,14,0,14,0,14,35,45,0,14,0,14,30,44,0,14,0,14,5,7,31,31,20,26,0,14,0,14,0,14,11,16,0,14,16,20,7,12,0,14,0,14,0,14,0,14,9,15
2024,06037464102,Census Tract 4641.02,San Marino,Los Angeles County,California,SanMarino,297,137,0,14,0,14,0,14,0,14,0,14,0,14,0,14,8,14,0,14,8,14,0,14,0,14,0,14,0,14,239,127,171,129,0,14,0,14,0,14,53,39,15,25,50,54,0,14,0,14,0,14,0,14,17,23,33,47
2024,06037464200,Census Tract 4642,San Marino,Los Angeles County,California,SanMarino,294,98,15,25,0,19,0,19,0,19,0,19,0,19,15,25,47,42,16,24,0,19,0,19,0,19,31,36,0,19,224,82,34,27,12,20,24,21,33,38,121,72,0,19,8,13,0,19,0,19,0,19,0,19,8,13,0,19
2024,06037480002,Census Tract 4800.02,San Marino,Los Angeles County,California,SanMarino,258,91,0,14,0,14,0,14,0,14,0,14,0,14,0,14,49,32,0,14,12,19,13,16,14,21,10,17,0,14,116,56,94,55,7,11,15,17,0,14,0,14,0,14,93,71,53,70,8,12,0,14,0,14,26,25,6,11
2024,06037463300,Census Tract 4633,San Pasqual,Los Angeles County,California,SanPasqual,378,82,0,14,0,14,0,14,0,14,0,14,0,14,0,14,78,36,16,14,10,11,6,10,10,10,36,27,0,14,253,77,45,30,30,40,58,40,38,29,77,44,5,10,47,34,0,14,0,14,0,14,16,16,24,29,7,10
2024,06037910807,Census Tract 9108.07,Santa Clarita,Los Angeles County,California,SantaClarita,271,99,0,19,0,19,0,19,0,19,0,19,0,19,0,19,47,51,17,19,0,19,0,19,0,19,30,48,0,19,176,74,42,32,7,10,32,52,12,20,47,47,36,40,48,46,9,14,0,19,0,19,0,19,7,12,32,42
2024,06037910808,Census Tract 9108.08,Santa Clarita,Los Angeles County,California,SantaClarita,25,24,0,14,0,14,0,14,0,14,0,14,0,14,0,14,8,14,0,14,0,14,0,14,0,14,8,14,0,14,17,19,17,19,0,14,0,14,0,14,0,14,0,14,0,14,0,14,0,14,0,14,0,14,0,14,0,14
2024,06037910809,Census Tract 9108.09,Santa Clarita,Los Angeles County,California,SantaClarita,65,44,0,14,0,14,0,14,0,14,0,14,0,14,0,14,20,21,0,14,0,14,0,14,0,14,14,20,6,9,45,38,0,14,0,14,0,14,0,14,0,14,45,38,0,14,0,14,0,14,0,14,0,14,0,14,0,14
2024,06037910810,Census Tract 9108.10,Santa Clarita,Los Angeles County,California,SantaClarita,57,55,0,14,0,14,0,14,0,14,0,14,0,14,0,14,17,25,0,14,0,14,0,14,0,14,17,25,0,14,6,8,0,14,0,14,0,14,0,14,6,8,0,14,34,50,0,14,0,14,0,14,0,14,34,50,0,14
2024,06037920013,Census Tract 9200.13,Santa Clarita,Los Angeles County,California,SantaClarita,269,183,0,19,0,19,0,19,0,19,0,19,0,19,0,19,117,163,15,24,0,19,0,19,0,19,102,161,0,19,76,61,0,19,16,26,0,19,0,19,29,33,31,49,76,62,0,19,0,19,25,39,0,19,31,37,20,32
2024,06037920015,Census Tract 9200.15,Santa Clarita,Los Angeles County,California,SantaClarita,67,70,0,19,0,19,0,19,0,19,0,19,0,19,0,19,0,19,0,19,0,19,0,19,0,19,0,19,0,19,52,65,0,19,0,19,0,19,0,19,52,65,0,19,15,18,0,19,0,19,0,19,0,19,10,16,5,10
2024,06037920016,Census Tract 9200.16,Santa Clarita,Los Angeles County,California,SantaClarita,348,256,0,19,0,19,0,19,0,19,0,19,0,19,0,19,117,130,109,130,0,19,0,19,0,19,8,13,0,19,58,47,0,19,19,30,0,19,29,32,10,16,0,19,173,219,0,19,0,19,0,19,0,19,154,217,19,31
2024,06037920017,Census Tract 9200.17,Santa Clarita,Los Angeles County,California,SantaClarita,272,115,11,18,11,18,0,14,0,14,0,14,0,14,0,14,52,60,28,46,0,14,0,14,0,14,24,39,0,14,178,94,53,56,9,14,0,14,11,17,105,78,0,14,31,48,0,14,0,14,0,14,0,14,0,14,31,48
2024,06037920018,Census Tract 9200.18,Santa Clarita,Los Angeles County,California,SantaClarita,41,26,0,14,0,14,0,14,0,14,0,14,0,14,0,14,0,14,0,14,0,14,0,14,0,14,0,14,0,14,27,21,10,15,6,9,0,14,0,14,11,11,0,14,14,16,14,16,0,14,0,14,0,14,0,14,0,14
2024,06037920020,Census Tract 9200.20,Santa Clarita,Los Angeles County,California,SantaClarita,257,152,0,19,0,19,0,19,0,19,0,19,0,19,0,19,80,62,40,59,0,19,0,19,40,65,0,19,0,19,177,142,0,19,0,19,16,29,0,19,148,138,13,22,0,19,0,19,0,19,0,19,0,19,0,19,0,19
2024,06037920028,Census Tract 9200.28,Santa Clarita,Los Angeles County,California,SantaClarita,296,139,0,19,0,19,0,19,0,19,0,19,0,19,0,19,63,94,0,19,63,94,0,19,0,19,0,19,0,19,203,127,0,19,35,44,55,56,0,19,113,99,0,19,30,45,0,19,0,19,0,19,0,19,0,19,30,45
2024,06037920029,Census Tract 9200.29,Santa Clarita,Los Angeles County,California,SantaClarita,305,116,32,37,0,14,22,33,0,14,0,14,10,16,0,14,49,45,0,14,17,19,0,14,0,14,32,42,0,14,214,103,8,15,52,70,0,14,10,17,116,79,28,33,10,15,0,14,0,14,0,14,0,14,0,14,10,15
2024,06037920030,Census Tract 9200.30,Santa Clarita,Los Angeles County,California,SantaClarita,402,120,0,19,0,19,0,19,0,19,0,19,0,19,0,19,99,65,0,19,54,69,7,11,0,19,38,48,0,19,243,85,5,9,40,47,47,40,0,19,103,59,48,47,60,53,30,41,30,37,0,19,0,19,0,19,0,19
2024,06037920031,Census Tract 9200.31,Santa Clarita,Los Angeles County,California,SantaClarita,397,145,10,18,0,19,0,19,0,19,0,19,0,19,10,18,0,19,0,19,0,19,0,19,0,19,0,19,0,19,187,115,94,84,0,19,0,19,59,70,34,55,0,19,200,83,29,33,0,19,12,20,0,19,115,61,44,38
2024,06037920034,Census Tract 9200.34,Santa Clarita,Los Angeles County,California,SantaClarita,291,99,0,19,0,19,0,19,0,19,0,19,0,19,0,19,71,82,0,19,9,15,53,81,0,19,9,17,0,19,220,89,63,58,14,23,0,19,29,38,83,65,31,49,0,19,0,19,0,19,0,19,0,19,0,19,0,19
2024,06037920035,Census Tract 9200.35,Santa Clarita,Los Angeles County,California,SantaClarita,901,339,0,19,0,19,0,19,0,19,0,19,0,19,0,19,279,268,0,19,0,19,144,202,17,29,118,183,0,19,543,226,74,105,0,19,150,82,24,38,279,177,16,26,79,100,0,19,0,19,0,19,0,19,68,99,11,20
2024,06037920038,Census Tract 9200.38,Santa Clarita,Los Angeles County,California,SantaClarita,929,143,51,49,0,14,21,34,0,14,0,14,30,37,0,14,192,76,3,6,53,67,31,37,6,11,99,69,0,14,500,148,107,91,150,107,16,19,65,59,153,78,9,15,186,73,15,17,7,11,0,14,0,14,153,70,11,16
2024,06037920039,Census Tract 9200.39,Santa Clarita,Los Angeles County,California,SantaClarita,37,29,0,14,0,14,0,14,0,14,0,14,0,14,0,14,6,9,0,14,0,14,0,14,0,14,6,9,0,14,31,28,6,9,0,14,0,14,6,9,0,14,19,26,0,14,0,14,0,14,0,14,0,14,0,14,0,14
2024,06037920040,Census Tract 9200.40,Santa Clarita,Los Angeles County,California,SantaClarita,170,75,0,14,0,14,0,14,0,14,0,14,0,14,0,14,38,63,0,14,0,14,0,14,0,14,38,63,0,14,62,45,11,19,0,14,0,14,25,21,26,31,0,14,70,82,62,81,0,14,0,14,0,14,8,13,0,14
2024,06037920041,Census Tract 9200.41,Santa Clarita,Los Angeles County,California,SantaClarita,672,109,75,93,0,14,0,14,0,14,0,14,75,93,0,14,145,71,47,50,22,21,10,16,5,7,61,46,0,14,388,117,140,88,29,32,11,14,22,34,178,76,8,14,64,39,0,14,0,14,0,14,0,14,64,39,0,14
2024,06037920042,Census Tract 9200.42,Santa Clarita,Los Angeles County,California,SantaClarita,1063,237,0,19,0,19,0,19,0,19,0,19,0,19,0,19,357,196,0,19,39,62,152,135,33,55,109,117,24,35,588,262,186,158,114,104,0,19,73,86,203,132,12,22,118,59,22,25,14,23,17,30,13,21,52,45,0,19
2024,06037920043,Census Tract 9200.43,Santa Clarita,Los Angeles County,California,SantaClarita,349,147,0,19,0,19,0,19,0,19,0,19,0,19,0,19,50,46,18,28,17,25,0,19,0,19,15,24,0,19,282,153,52,59,0,19,40,58,42,52,96,85,52,79,17,29,0,19,0,19,0,19,0,19,0,19,17,29
2024,06037920044,Census Tract 9200.44,Santa Clarita,Los Angeles County,California,SantaClarita,225,74,0,14,0,14,0,14,0,14,0,14,0,14,0,14,36,32,7,10,16,24,0,14,0,14,13,17,0,14,158,67,21,19,19,19,18,16,0,14,100,63,0,14,31,39,0,14,0,14,0,14,0,14,31,39,0,14
2024,06037920045,Census Tract 9200.45,Santa Clarita,Los Angeles County,California,SantaClarita,144,70,0,14,0,14,0,14,0,14,0,14,0,14,0,14,0,14,0,14,0,14,0,14,0,14,0,14,0,14,133,64,40,59,0,14,9,15,0,14,53,46,31,44,11,17,0,14,0,14,0,14,0,14,11,17,0,14
2024,06037920046,Census Tract 9200.46,Santa Clarita,Los Angeles County,California,SantaClarita,214,120,43,59,0,14,0,14,0,14,0,14,43,59,0,14,24,30,0,14,0,14,0,14,0,14,24,30,0,14,131,111,7,12,0,14,24,21,85,111,15,18,0,14,16,20,9,15,0,14,7,13,0,14,0,14,0,14
2024,06037920047,Census Tract 9200.47,Santa Clarita,Los Angeles County,California,SantaClarita,1815,251,291,220,10,18,10,17,135,181,0,19,136,112,0,19,477,191,119,139,54,54,15,25,16,25,235,129,38,60,940,207,13,21,189,162,226,150,66,65,416,196,30,51,107,79,12,26,0,19,0,19,0,19,95,74,0,19
2024,06037920048,Census Tract 9200.48,Santa Clarita,Los Angeles County,California,SantaClarita,417,126,0,19,0,19,0,19,0,19,0,19,0,19,0,19,32,39,26,38,0,19,0,19,6,10,0,19,0,19,329,114,121,91,27,34,12,18,37,49,132,82,0,19,56,55,0,19,0,19,0,19,14,15,42,54,0,19
2024,06037920049,Census Tract 9200.49,Santa Clarita,Los Angeles County,California,SantaClarita,160,66,0,19,0,19,0,19,0,19,0,19,0,19,0,19,10,17,0,19,0,19,10,17,0,19,0,19,0,19,141,63,0,19,0,19,0,19,4,7,121,58,16,25,9,13,0,19,0,19,0,19,0,19,0,19,9,13
2024,06037920102,Census Tract 9201.02,Santa Clarita,Los Angeles County,California,SantaClarita,777,157,43,69,0,14,0,14,0,14,0,14,43,69,0,14,110,82,0,14,32,50,0,14,12,18,66,64,0,14,326,132,31,29,24,27,0,14,0,14,265,129,6,10,298,117,0,14,12,18,2,3,13,20,243,107,28,45
2024,06037920106,Census Tract 9201.06,Santa Clarita,Los Angeles County,California,SantaClarita,135,58,0,14,0,14,0,14,0,14,0,14,0,14,0,14,0,14,0,14,0,14,0,14,0,14,0,14,0,14,135,58,28,26,17,17,17,27,0,14,73,60,0,14,0,14,0,14,0,14,0,14,0,14,0,14,0,14
2024,06037920109,Census Tract 9201.09,Santa Clarita,Los Angeles County,California,SantaClarita,700,150,59,88,0,14,0,14,0,14,0,14,59,88,0,14,65,53,15,26,0,14,13,23,0,14,37,39,0,14,415,145,142,133,87,84,0,14,19,31,136,89,31,35,161,75,37,40,30,38,0,14,0,14,94,70,0,14
2024,06037920110,Census Tract 9201.10,Santa Clarita,Los Angeles County,California,SantaClarita,359,158,9,16,0,14,0,14,0,14,9,16,0,14,0,14,45,43,19,21,26,41,0,14,0,14,0,14,0,14,268,156,54,44,0,14,0,14,117,115,97,90,0,14,37,40,5,10,0,14,0,14,0,14,8,14,24,37
2024,06037920111,Census Tract 9201.11,Santa Clarita,Los Angeles County,California,SantaClarita,172,106,0,14,0,14,0,14,0,14,0,14,0,14,0,14,0,14,0,14,0,14,0,14,0,14,0,14,0,14,165,106,0,14,16,21,55,80,4,9,76,70,14,21,7,10,0,14,0,14,0,14,0,14,0,14,7,10
2024,06037920112,Census Tract 9201.12,Santa Clarita,Los Angeles County,California,SantaClarita,419,95,11,17,0,14,0,14,0,14,0,14,11,17,0,14,22,26,0,14,10,16,12,19,0,14,0,14,0,14,115,76,0,14,53,66,0,14,0,14,61,48,1,9,271,64,0,14,19,22,0,14,27,27,225,72,0,14
2024,06037920114,Census Tract 9201.14,Santa Clarita,Los Angeles County,California,SantaClarita,955,204,19,30,0,19,0,19,0,19,0,19,19,30,0,19,471,170,91,105,71,69,103,91,79,92,127,89,0,19,394,146,58,56,40,47,44,55,0,19,252,127,0,19,71,53,17,27,19,29,0,19,0,19,35,39,0,19
2024,06037920115,Census Tract 9201.15,Santa Clarita,Los Angeles County,California,SantaClarita,705,249,50,76,0,14,0,14,0,14,0,14,50,76,0,14,128,87,34,55,0,14,30,48,19,21,41,40,4,6,361,158,58,42,51,83,32,34,48,48,161,125,11,18,166,189,0,14,10,16,0,14,10,16,146,186,0,14
2024,06037920120,Census Tract 9201.20,Santa Clarita,Los Angeles County,California,SantaClarita,82,63,0,14,0,14,0,14,0,14,0,14,0,14,0,14,39,54,8,13,0,14,0,14,0,14,31,52,0,14,43,32,0,14,18,19,8,14,0,14,17,22,0,14,0,14,0,14,0,14,0,14,0,14,0,14,0,14
2024,06037920121,Census Tract 9201.21,Santa Clarita,Los Angeles County,California,SantaClarita,840,211,0,21,0,21,0,21,0,21,0,21,0,21,0,21,185,106,0,21,0,21,0,21,6,10,101,110,78,122,612,189,153,134,93,77,66,61,0,21,300,125,0,21,43,50,20,32,0,21,0,21,0,21,23,38,0,21
2024,06037920200,Census Tract 9202,Santa Clarita,Los Angeles County,California,SantaClarita,0,14,0,14,0,14,0,14,0,14,0,14,0,14,0,14,0,14,0,14,0,14,0,14,0,14,0,14,0,14,0,14,0,14,0,14,0,14,0,14,0,14,0,14,0,14,0,14,0,14,0,14,0,14,0,14,0,14
2024,06037920312,Census Tract 9203.12,Santa Clarita,Los Angeles County,California,SantaClarita,947,260,57,54,0,19,20,32,0,19,0,19,37,42,0,19,71,50,28,34,43,36,0,19,0,19,0,19,0,19,341,171,16,25,0,19,93,127,92,121,140,111,0,19,478,223,0,19,0,19,24,39,0,19,430,225,24,40
2024,06037920313,Census Tract 9203.13,Santa Clarita,Los Angeles County,California,SantaClarita,175,94,17,27,0,19,0,19,0,19,0,19,17,27,0,19,11,18,0,19,11,18,0,19,0,19,0,19,0,19,141,91,38,49,0,19,10,16,0,19,93,80,0,19,6,10,0,19,0,19,0,19,0,19,0,19,6,10
2024,06037920314,Census Tract 9203.14,Santa Clarita,Los Angeles County,California,SantaClarita,222,117,5,9,0,14,0,14,0,14,0,14,5,9,0,14,104,62,42,60,17,31,0,14,29,45,16,26,0,14,107,96,47,66,0,14,11,19,6,9,43,66,0,14,6,9,0,14,0,14,0,14,0,14,6,9,0,14
2024,06037920322,Census Tract 9203.22,Santa Clarita,Los Angeles County,California,SantaClarita,220,79,8,12,0,14,8,12,0,14,0,14,0,14,0,14,7,12,7,12,0,14,0,14,0,14,0,14,0,14,122,77,29,35,24,37,15,23,18,20,36,42,0,14,83,53,11,17,0,14,9,15,0,14,55,50,8,15
2024,06037920326,Census Tract 9203.26,Santa Clarita,Los Angeles County,California,SantaClarita,1246,183,73,72,31,50,0,19,0,19,10,15,32,52,0,19,259,138,33,38,56,89,16,26,34,53,120,109,0,19,706,222,187,147,49,77,41,65,132,96,297,159,0,19,208,103,31,29,0,19,0,19,24,29,141,94,12,20
2024,06037920328,Census Tract 9203.28,Santa Clarita,Los Angeles County,California,SantaClarita,403,70,7,10,0,14,0,14,0,14,0,14,7,10,0,14,116,54,7,11,8,12,45,32,0,14,56,39,0,14,222,57,63,42,31,30,9,12,19,23,100,49,0,14,58,32,0,14,5,7,0,14,9,13,37,26,7,12
2024,06037920329,Census Tract 9203.29,Santa Clarita,Los Angeles County,California,SantaClarita,633,219,36,44,0,19,0,19,0,19,0,19,11,19,25,40,187,143,14,24,0,19,21,26,43,65,30,34,79,123,368,174,37,53,61,43,41,51,39,65,178,160,12,19,42,36,0,19,0,19,0,19,8,12,34,30,0,19
2024,06037920330,Census Tract 9203.30,Santa Clarita,Los Angeles County,California,SantaClarita,656,169,0,14,0,14,0,14,0,14,0,14,0,14,0,14,179,77,34,44,19,21,52,63,0,14,74,50,0,14,270,134,69,42,18,28,38,50,12,19,88,70,45,73,207,101,30,40,0,14,0,14,0,14,151,92,26,26
2024,06037920331,Census Tract 9203.31,Santa Clarita,Los Angeles County,California,SantaClarita,353,91,0,14,0,14,0,14,0,14,0,14,0,14,0,14,0,14,0,14,0,14,0,14,0,14,0,14,0,14,231,84,93,67,18,22,67,63,0,14,53,50,0,14,122,54,9,15,11,16,41,42,0,14,52,38,9,14
2024,06037920332,Census Tract 9203.32,Santa Clarita,Los Angeles County,California,SantaClarita,114,47,7,12,7,12,0,14,0,14,0,14,0,14,0,14,32,27,9,16,0,14,16,18,0,14,7,14,0,14,75,34,8,12,8,13,3,6,4,6,42,30,10,15,0,14,0,14,0,14,0,14,0,14,0,14,0,14
2024,06037920334,Census Tract 9203.34,Santa Clarita,Los Angeles County,California,SantaClarita,742,323,26,41,0,19,0,19,0,19,26,41,0,19,0,19,34,38,0,19,0,19,16,26,18,28,0,19,0,19,301,150,49,57,72,89,0,19,31,37,149,119,0,19,381,305,0,19,15,25,22,35,0,19,343,304,1,3
2024,06037920339,Census Tract 9203.39,Santa Clarita,Los Angeles County,California,SantaClarita,1175,318,14,25,0,21,0,21,14,25,0,21,0,21,0,21,160,133,0,21,0,21,60,92,19,34,81,107,0,21,917,323,154,114,163,126,48,48,111,173,295,227,146,143,84,57,0,21,16,27,0,21,0,21,37,44,31,34
2024,06037920340,Census Tract 9203.40,Santa Clarita,Los Angeles County,California,SantaClarita,381,61,34,29,7,13,0,14,0,14,7,10,20,31,0,14,72,48,7,10,28,24,0,14,0,14,37,44,0,14,275,71,28,26,24,36,15,16,14,14,194,75,0,14,0,14,0,14,0,14,0,14,0,14,0,14,0,14
2024,06037920341,Census Tract 9203.41,Santa Clarita,Los Angeles County,California,SantaClarita,768,80,36,32,0,14,0,14,0,14,0,14,36,32,0,14,187,85,5,9,6,10,24,27,0,14,152,82,0,14,516,110,79,45,34,34,78,61,91,60,227,88,7,10,29,30,13,16,16,25,0,14,0,14,0,14,0,14
2024,06037920342,Census Tract 9203.42,Santa Clarita,Los Angeles County,California,SantaClarita,583,139,25,33,0,14,0,14,0,14,0,14,25,33,0,14,113,65,8,16,16,25,0,14,22,31,67,58,0,14,432,151,100,97,60,54,50,49,34,35,188,114,0,14,13,19,0,14,0,14,0,14,10,17,3,7,0,14
2024,06037920343,Census Tract 9203.43,Santa Clarita,Los Angeles County,California,SantaClarita,711,208,10,15,0,14,0,14,0,14,0,14,10,15,0,14,339,139,26,44,8,13,17,27,86,118,202,93,0,14,313,126,40,43,22,26,20,34,102,84,129,102,0,14,49,50,0,14,0,14,0,14,0,14,49,50,0,14
2024,06037930400,Census Tract 9304,Santa Clarita,Los Angeles County,California,SantaClarita,93,50,0,14,0,14,0,14,0,14,0,14,0,14,0,14,16,26,0,14,0,14,0,14,16,26,0,14,0,14,41,34,21,24,0,14,0,14,0,14,0,14,20,24,36,30,9,12,0,14,22,25,0,14,5,8,0,14
2024,06037502200,Census Tract 5022,Santa Fe Springs,Los Angeles County,California,SantaFeSprings,626,192,29,44,0,19,29,44,0,19,0,19,0,19,0,19,263,165,43,46,140,148,18,25,0,19,23,27,39,58,273,112,38,44,9,14,126,87,62,64,38,31,0,19,61,61,8,12,0,19,0,19,0,19,53,60,0,19
2024,06037502303,Census Tract 5023.03,Santa Fe Springs,Los Angeles County,California,SantaFeSprings,760,191,37,57,0,19,0,19,0,19,0,19,37,57,0,19,187,122,70,77,0,19,0,19,58,69,52,75,7,13,431,180,20,32,61,76,0,19,12,16,338,167,0,19,105,77,30,38,0,19,0,19,33,50,27,44,15,23
2024,06037502700,Census Tract 5027,Santa Fe Springs,Los Angeles County,California,SantaFeSprings,696,211,54,62,0,19,0,19,29,45,0,19,25,40,0,19,178,102,0,19,68,90,67,86,43,71,0,19,0,19,256,116,7,14,64,66,0,19,101,83,23,30,61,53,208,110,19,31,26,39,108,96,0,19,45,39,10,17
2024,06037502801,Census Tract 5028.01,Santa Fe Springs,Los Angeles County,California,SantaFeSprings,152,75,16,20,0,19,0,19,0,19,0,19,16,20,0,19,0,19,0,19,0,19,0,19,0,19,0,19,0,19,129,73,34,40,7,11,21,27,32,43,25,31,10,16,7,12,0,19,0,19,0,19,7,12,0,19,0,19
2024,06037502901,Census Tract 5029.01,Santa Fe Springs,Los Angeles County,California,SantaFeSprings,301,162,0,19,0,19,0,19,0,19,0,19,0,19,0,19,76,72,0,19,35,45,0,19,6,9,35,47,0,19,225,146,34,48,78,123,5,17,5,9,103,61,0,19,0,19,0,19,0,19,0,19,0,19,0,19,0,19
2024,06037503000,Census Tract 5030,Santa Fe Springs,Los Angeles County,California,SantaFeSprings,725,233,31,36,0,19,13,23,0,19,0,19,18,28,0,19,55,64,55,64,0,19,0,19,0,19,0,19,0,19,612,230,138,141,6,13,196,186,11,19,258,108,3,14,27,29,0,19,0,19,0,19,0,19,27,29,0,19
2024,06037504200,Census Tract 5042,Santa Fe Springs,Los Angeles County,California,SantaFeSprings,1664,193,13,20,13,20,0,19,0,19,0,19,0,19,0,19,241,120,58,59,10,14,36,41,20,31,117,106,0,19,749,192,73,91,125,123,46,39,112,83,393,130,0,19,661,181,50,45,36,37,55,53,144,105,287,145,89,71
2024,06037980034,Census Tract 9800.34,Santa Fe Springs,Los Angeles County,California,SantaFeSprings,0,14,0,14,0,14,0,14,0,14,0,14,0,14,0,14,0,14,0,14,0,14,0,14,0,14,0,14,0,14,0,14,0,14,0,14,0,14,0,14,0,14,0,14,0,14,0,14,0,14,0,14,0,14,0,14,0,14
2024,06037264305,Census Tract 2643.05,Santa Monica,Los Angeles County,California,SantaMonica,907,157,12,19,0,14,0,14,0,14,0,14,12,19,0,14,335,135,172,91,62,48,57,85,0,14,44,43,0,14,436,117,111,82,59,52,23,27,57,49,152,73,34,40,124,68,48,45,0,14,0,14,10,16,51,41,15,24
2024,06037701201,Census Tract 7012.01,Santa Monica,Los Angeles County,California,SantaMonica,242,118,7,12,0,14,0,14,0,14,7,12,0,14,0,14,0,14,0,14,0,14,0,14,0,14,0,14,0,14,194,117,30,29,62,95,12,18,20,28,60,38,10,15,41,30,9,13,0,14,0,14,0,14,20,21,12,18
2024,06037701202,Census Tract 7012.02,Santa Monica,Los Angeles County,California,SantaMonica,1044,158,12,18,0,14,0,14,0,14,0,14,12,18,0,14,298,96,48,39,57,56,78,61,23,24,92,72,0,14,500,128,103,58,53,48,55,42,82,59,207,106,0,14,234,92,39,34,8,13,10,17,9,14,158,85,10,16
2024,06037701302,Census Tract 7013.02,Santa Monica,Los Angeles County,California,SantaMonica,1964,309,27,33,0,14,15,26,0,14,0,14,12,20,0,14,465,159,206,114,89,56,40,61,62,76,68,61,0,14,1161,279,251,123,171,113,129,91,114,115,496,224,0,14,311,127,41,36,49,73,10,25,49,46,162,92,0,14
2024,06037701304,Census Tract 7013.04,Santa Monica,Los Angeles County,California,SantaMonica,1359,270,0,19,0,19,0,19,0,19,0,19,0,19,0,19,336,158,191,115,0,19,0,19,31,62,97,72,17,26,758,222,348,172,47,53,96,109,23,37,211,130,33,48,265,107,102,56,0,19,15,24,0,19,135,86,13,22
2024,06037701402,Census Tract 7014.02,Santa Monica,Los Angeles County,California,SantaMonica,3424,447,0,19,0,19,0,19,0,19,0,19,0,19,0,19,507,332,233,313,105,108,38,61,37,61,94,106,0,19,2069,480,843,354,227,193,97,105,174,121,728,385,0,19,848,227,136,126,155,183,186,234,69,86,302,208,0,19
2024,06037701501,Census Tract 7015.01,Santa Monica,Los Angeles County,California,SantaMonica,2069,244,37,42,0,19,0,19,0,19,0,19,37,42,0,19,411,153,181,117,57,54,45,44,32,37,96,65,0,19,1119,281,664,227,158,118,33,39,34,43,183,128,47,51,502,196,169,139,14,24,105,81,29,35,165,116,20,31
2024,06037701502,Census Tract 7015.02,Santa Monica,Los Angeles County,California,SantaMonica,1793,356,30,47,0,14,0,14,0,14,0,14,30,47,0,14,577,234,190,117,152,88,152,190,20,23,63,60,0,14,929,359,306,120,154,111,146,115,0,14,302,266,21,23,257,58,46,32,21,27,22,27,10,17,158,59,0,14
2024,06037701601,Census Tract 7016.01,Santa Monica,Los Angeles County,California,SantaMonica,785,149,0,14,0,14,0,14,0,14,0,14,0,14,0,14,159,82,54,53,8,13,9,14,16,13,72,66,0,14,408,120,97,47,8,12,146,88,8,13,120,74,29,25,218,96,29,25,38,47,56,72,21,20,65,37,9,14
2024,06037701602,Census Tract 7016.02,Santa Monica,Los Angeles County,California,SantaMonica,1459,142,52,59,0,14,21,33,0,14,0,14,31,49,0,14,520,157,106,75,158,138,107,90,0,14,125,107,24,37,604,168,163,86,160,127,0,14,100,60,150,93,31,32,283,113,10,17,14,23,8,12,22,34,229,118,0,14
2024,06037701701,Census Tract 7017.01,Santa Monica,Los Angeles County,California,SantaMonica,1398,218,74,59,0,14,0,14,0,14,0,14,55,51,19,29,347,129,84,54,50,38,88,99,52,47,73,80,0,14,692,198,138,65,123,101,69,48,29,34,314,161,19,22,285,89,35,35,0,14,111,86,11,17,128,64,0,14
2024,06037701702,Census Tract 7017.02,Santa Monica,Los Angeles County,California,SantaMonica,1465,191,36,37,0,14,15,25,9,14,0,14,12,19,0,14,406,134,185,104,33,35,27,34,27,27,134,93,0,14,740,210,122,85,52,50,95,82,67,56,298,161,106,110,283,110,65,56,27,32,11,18,0,14,180,102,0,14
2024,06037701801,Census Tract 7018.01,Santa Monica,Los Angeles County,California,SantaMonica,2100,332,106,98,0,19,0,19,0,19,57,88,36,45,13,21,472,174,134,85,17,28,17,28,16,26,207,114,81,103,956,232,411,192,130,79,67,86,11,21,304,179,33,50,566,261,249,154,20,33,78,101,45,69,159,206,15,24
2024,06037701802,Census Tract 7018.02,Santa Monica,Los Angeles County,California,SantaMonica,1829,356,67,57,0,14,17,26,0,14,16,25,9,14,25,44,414,158,280,142,9,14,85,68,9,14,31,40,0,14,906,308,224,107,83,117,116,82,39,45,394,266,50,58,442,174,55,47,13,15,0,14,16,25,358,170,0,14
2024,06037701902,Census Tract 7019.02,Santa Monica,Los Angeles County,California,SantaMonica,3540,294,277,153,0,19,64,71,18,28,0,19,128,98,67,102,1131,293,456,229,103,120,104,78,188,163,221,112,59,96,1565,317,339,214,203,160,244,179,87,75,622,255,70,65,567,225,101,104,20,31,61,54,43,72,263,163,79,102
2024,06037702002,Census Tract 7020.02,Santa Monica,Los Angeles County,California,SantaMonica,2764,323,108,91,0,19,0,19,0,19,0,19,87,87,21,33,807,201,303,139,68,63,42,51,35,36,359,168,0,19,1191,257,340,143,231,154,109,78,53,76,458,177,0,19,658,274,250,203,18,30,20,32,0,19,279,127,91,145
2024,06037702102,Census Tract 7021.02,Santa Monica,Los Angeles County,California,SantaMonica,2952,484,31,42,0,19,8,17,23,37,0,19,0,19,0,19,640,241,320,203,94,58,56,53,21,37,149,100,0,19,1753,450,619,374,199,124,230,170,151,97,514,196,40,29,528,188,181,117,44,52,36,42,39,45,228,113,0,19
2024,06037702201,Census Tract 7022.01,Santa Monica,Los Angeles County,California,SantaMonica,1522,268,44,65,0,14,0,14,0,14,0,14,0,14,44,65,536,175,199,108,40,47,51,43,80,99,166,111,0,14,596,232,178,150,82,74,26,41,26,31,266,145,18,29,346,139,87,63,19,31,38,30,0,14,202,120,0,14
2024,06037702202,Census Tract 7022.02,Santa Monica,Los Angeles County,California,SantaMonica,918,206,27,31,13,22,0,14,0,14,14,22,0,14,0,14,321,155,217,142,32,36,16,25,17,27,39,40,0,14,413,116,87,49,52,36,9,13,48,60,187,84,30,32,157,83,34,33,0,14,0,14,51,64,72,51,0,14
2024,06037702300,Census Tract 7023,Santa Monica,Los Angeles County,California,SantaMonica,1480,378,111,113,0,19,0,19,61,97,50,70,0,19,0,19,282,136,55,65,0,19,38,43,43,47,83,101,63,75,823,365,128,139,104,81,14,22,95,76,263,139,219,295,264,212,38,39,40,45,14,22,0,19,172,188,0,19
2024,06037990200,Census Tract 9902,Santa Monica,Los Angeles County,California,SantaMonica,0,14,0,14,0,14,0,14,0,14,0,14,0,14,0,14,0,14,0,14,0,14,0,14,0,14,0,14,0,14,0,14,0,14,0,14,0,14,0,14,0,14,0,14,0,14,0,14,0,14,0,14,0,14,0,14,0,14
2024,06037430501,Census Tract 4305.01,Sierra Madre,Los Angeles County,California,SierraMadre,365,175,0,14,0,14,0,14,0,14,0,14,0,14,0,14,76,56,18,23,0,14,31,48,0,14,0,14,27,38,259,164,185,161,0,14,10,16,12,19,52,36,0,14,30,22,7,11,0,14,0,14,7,12,16,19,0,14
2024,06037430502,Census Tract 4305.02,Sierra Madre,Los Angeles County,California,SierraMadre,1676,334,55,87,0,19,0,19,0,19,0,19,0,19,55,87,267,171,130,107,0,19,0,19,0,19,24,36,113,150,966,340,181,117,289,196,51,49,205,235,240,142,0,19,388,149,29,36,35,57,25,31,75,83,197,109,27,35
2024,06037573401,Census Tract 5734.01,Signal Hill,Los Angeles County,California,SignalHill,210,65,0,14,0,14,0,14,0,14,0,14,0,14,0,14,45,26,14,21,24,17,0,14,0,14,7,11,0,14,125,55,32,30,17,22,19,23,21,27,36,30,0,14,40,38,4,7,0,14,0,14,23,36,7,11,6,10
2024,06037573402,Census Tract 5734.02,Signal Hill,Los Angeles County,California,SignalHill,1817,262,122,126,31,52,0,19,0,19,0,19,91,107,0,19,471,209,109,75,35,58,0,19,134,187,193,130,0,19,1037,319,465,222,209,182,189,168,8,14,166,110,0,19,187,163,12,21,0,19,0,19,0,19,175,160,0,19
2024,06037573403,Census Tract 5734.03,Signal Hill,Los Angeles County,California,SignalHill,233,99,0,14,0,14,0,14,0,14,0,14,0,14,0,14,136,63,51,46,39,28,0,14,19,31,0,14,27,37,97,64,27,35,40,47,10,16,3,9,17,24,0,14,0,14,0,14,0,14,0,14,0,14,0,14,0,14
2024,06037980018,Census Tract 9800.18,Signal Hill,Los Angeles County,California,SignalHill,0,14,0,14,0,14,0,14,0,14,0,14,0,14,0,14,0,14,0,14,0,14,0,14,0,14,0,14,0,14,0,14,0,14,0,14,0,14,0,14,0,14,0,14,0,14,0,14,0,14,0,14,0,14,0,14,0,14
2024,06037433506,Census Tract 4335.06,South El Monte,Los Angeles County,California,SouthElMonte,764,170,0,14,0,14,0,14,0,14,0,14,0,14,0,14,174,68,0,14,23,33,51,46,24,36,76,51,0,14,480,153,82,50,43,42,43,42,90,98,222,97,0,14,110,78,0,14,0,14,0,14,0,14,77,64,33,44
2024,06037433803,Census Tract 4338.03,South El Monte,Los Angeles County,California,SouthElMonte,264,92,0,14,0,14,0,14,0,14,0,14,0,14,0,14,55,52,0,14,14,22,25,40,0,14,16,23,0,14,117,75,18,19,17,27,0,14,26,39,56,56,0,14,92,55,24,39,6,8,0,14,28,26,29,27,5,7
2024,06037433804,Census Tract 4338.04,South El Monte,Los Angeles County,California,SouthElMonte,688,102,17,27,0,14,0,14,0,14,0,14,17,27,0,14,78,55,20,32,6,9,6,10,0,14,46,45,0,14,443,96,52,42,36,40,112,82,21,25,176,84,46,55,150,92,4,6,0,14,18,30,0,14,106,77,22,38
2024,06037434003,Census Tract 4340.03,South El Monte,Los Angeles County,California,SouthElMonte,522,89,10,11,0,14,0,14,0,14,6,9,4,6,0,14,134,80,6,9,0,14,8,13,72,75,48,37,0,14,322,78,63,39,53,42,13,15,39,36,133,64,21,28,56,34,8,14,7,11,0,14,5,8,18,23,18,21
2024,06037434004,Census Tract 4340.04,South El Monte,Los Angeles County,California,SouthElMonte,300,85,0,14,0,14,0,14,0,14,0,14,0,14,0,14,72,62,21,20,0,14,9,16,3,5,34,53,5,12,181,77,52,41,57,42,0,14,0,14,72,64,0,14,47,43,0,14,0,14,0,14,0,14,38,42,9,15
2024,06037434100,Census Tract 4341,South El Monte,Los Angeles County,California,SouthElMonte,628,158,46,49,0,19,0,19,0,19,8,11,38,48,0,19,123,82,10,16,0,19,30,45,31,45,52,52,0,19,362,129,96,66,9,15,4,8,25,24,220,96,8,12,97,78,8,12,8,13,0,19,0,19,74,79,7,10
2024,06037535501,Census Tract 5355.01,South Gate,Los Angeles County,California,SouthGate,751,109,29,44,29,44,0,14,0,14,0,14,0,14,0,14,157,88,0,14,0,14,0,14,93,73,64,60,0,14,427,101,93,66,120,77,23,37,18,26,173,83,0,14,138,76,0,14,0,14,18,29,48,57,63,52,9,13
2024,06037535502,Census Tract 5355.02,South Gate,Los Angeles County,California,SouthGate,931,235,0,14,0,14,0,14,0,14,0,14,0,14,0,14,65,68,0,14,0,14,0,14,0,14,65,68,0,14,733,216,318,214,60,59,21,32,25,41,309,110,0,14,133,84,45,56,0,14,0,14,0,14,88,67,0,14
2024,06037535503,Census Tract 5355.03,South Gate,Los Angeles County,California,SouthGate,382,94,0,14,0,14,0,14,0,14,0,14,0,14,0,14,26,22,9,15,0,14,0,14,7,11,10,17,0,14,279,95,137,89,42,38,0,14,10,13,81,50,9,14,77,43,31,29,0,14,0,14,6,8,40,26,0,14
2024,06037535603,Census Tract 5356.03,South Gate,Los Angeles County,California,SouthGate,791,97,0,14,0,14,0,14,0,14,0,14,0,14,0,14,148,82,56,55,34,43,0,14,3,12,55,52,0,14,564,111,60,43,33,26,70,52,62,53,279,100,60,54,79,57,0,14,24,35,7,12,9,17,39,35,0,14
2024,06037535604,Census Tract 5356.04,South Gate,Los Angeles County,California,SouthGate,555,124,29,34,0,14,14,23,0,14,0,14,15,24,0,14,49,48,20,30,0,14,0,14,9,14,20,33,0,14,374,118,127,74,38,38,0,14,17,28,189,76,3,5,103,66,18,28,34,52,0,14,31,35,9,15,11,16
2024,06037535605,Census Tract 5356.05,South Gate,Los Angeles County,California,SouthGate,813,159,13,20,0,14,0,14,13,20,0,14,0,14,0,14,109,74,7,15,20,31,82,66,0,14,0,14,0,14,570,159,187,100,94,52,17,19,101,115,141,79,30,35,121,77,33,52,0,14,29,46,0,14,59,44,0,14
2024,06037535606,Census Tract 5356.06,South Gate,Los Angeles County,California,SouthGate,371,62,7,11,0,14,0,14,0,14,0,14,7,11,0,14,37,35,0,14,0,14,0,14,0,14,37,35,0,14,288,66,49,42,51,43,46,45,26,21,109,51,7,12,39,28,20,26,3,8,6,10,0,14,10,17,0,14
2024,06037535607,Census Tract 5356.07,South Gate,Los Angeles County,California,SouthGate,284,100,25,38,0,14,0,14,0,14,0,14,25,38,0,14,35,52,0,14,0,14,35,52,0,14,0,14,0,14,205,90,42,54,0,14,59,59,13,21,50,55,41,50,19,31,0,14,0,14,0,14,0,14,19,31,0,14
2024,06037535701,Census Tract 5357.01,South Gate,Los Angeles County,California,SouthGate,1002,178,50,58,30,47,0,19,0,19,0,19,20,31,0,19,143,83,9,15,18,29,0,19,0,19,116,78,0,19,589,126,92,69,111,89,107,73,19,31,226,99,34,53,220,133,34,52,47,67,0,19,57,91,82,54,0,19
2024,06037535702,Census Tract 5357.02,South Gate,Los Angeles County,California,SouthGate,955,159,33,51,0,19,33,51,0,19,0,19,0,19,0,19,195,117,67,69,27,32,51,64,14,23,36,55,0,19,570,132,204,113,96,74,0,19,92,92,178,88,0,19,157,86,23,23,0,19,0,19,0,19,124,77,10,14
2024,06037535802,Census Tract 5358.02,South Gate,Los Angeles County,California,SouthGate,776,127,0,19,0,19,0,19,0,19,0,19,0,19,0,19,99,53,10,16,21,31,16,20,0,19,52,45,0,19,526,122,194,83,90,65,41,40,15,22,155,97,31,48,151,72,23,36,27,32,0,19,0,19,80,53,21,34
2024,06037535803,Census Tract 5358.03,South Gate,Los Angeles County,California,SouthGate,625,105,0,14,0,14,0,14,0,14,0,14,0,14,0,14,122,68,21,25,0,14,48,47,20,32,33,46,0,14,385,108,45,51,27,34,0,14,11,17,280,110,22,34,118,82,5,8,0,14,12,19,22,36,79,74,0,14
2024,06037535804,Census Tract 5358.04,South Gate,Los Angeles County,California,SouthGate,941,170,43,47,0,19,0,19,0,19,0,19,43,47,0,19,107,59,26,27,10,22,16,29,0,19,55,49,0,19,658,185,184,114,53,53,116,89,8,14,274,162,23,31,133,79,31,54,0,19,0,19,0,19,79,54,23,33
2024,06037535901,Census Tract 5359.01,South Gate,Los Angeles County,California,SouthGate,730,269,0,19,0,19,0,19,0,19,0,19,0,19,0,19,118,75,11,17,0,19,30,44,0,19,77,58,0,19,541,265,87,63,16,26,53,64,41,47,312,243,32,35,71,49,0,19,0,19,0,19,0,19,67,50,4,6
2024,06037535902,Census Tract 5359.02,South Gate,Los Angeles County,California,SouthGate,444,133,0,19,0,19,0,19,0,19,0,19,0,19,0,19,50,66,0,19,0,19,0,19,50,66,0,19,0,19,383,125,181,88,25,41,29,35,9,14,139,76,0,19,11,17,0,19,0,19,0,19,0,19,11,17,0,19
2024,06037536000,Census Tract 5360,South Gate,Los Angeles County,California,SouthGate,706,99,24,35,24,35,0,14,0,14,0,14,0,14,0,14,170,97,61,45,0,14,0,14,0,14,109,82,0,14,390,99,109,80,26,31,25,23,35,38,162,73,33,52,122,70,9,15,0,14,25,32,0,14,70,61,18,29
2024,06037536102,Census Tract 5361.02,South Gate,Los Angeles County,California,SouthGate,285,110,0,14,0,14,0,14,0,14,0,14,0,14,0,14,93,83,0,14,0,14,12,23,0,14,70,76,11,17,123,69,0,14,0,14,0,14,26,29,97,64,0,14,69,65,0,14,0,14,0,14,0,14,69,65,0,14
2024,06037536103,Census Tract 5361.03,South Gate,Los Angeles County,California,SouthGate,801,186,30,47,0,19,30,47,0,19,0,19,0,19,0,19,96,105,14,22,0,19,0,19,0,19,26,42,56,89,510,159,68,59,88,87,68,75,49,47,237,129,0,19,165,96,0,19,0,19,0,19,15,25,150,90,0,19
2024,06037536104,Census Tract 5361.04,South Gate,Los Angeles County,California,SouthGate,664,128,31,49,0,14,0,14,0,14,0,14,31,49,0,14,237,111,9,14,61,60,82,72,16,22,69,54,0,14,344,105,60,64,0,14,69,62,22,33,193,116,0,14,52,43,16,24,0,14,18,20,0,14,18,25,0,14
2024,06037536201,Census Tract 5362.01,South Gate,Los Angeles County,California,SouthGate,365,111,11,18,11,18,0,14,0,14,0,14,0,14,0,14,30,35,0,14,0,14,30,35,0,14,0,14,0,14,313,105,73,45,42,67,26,44,59,51,113,84,0,14,11,16,0,14,0,14,11,16,0,14,0,14,0,14
2024,06037536202,Census Tract 5362.02,South Gate,Los Angeles County,California,SouthGate,610,165,0,14,0,14,0,14,0,14,0,14,0,14,0,14,83,64,14,20,0,14,16,19,0,14,53,58,0,14,267,110,9,17,97,87,53,47,0,14,108,77,0,14,260,135,0,14,9,14,105,108,0,14,111,80,35,42
2024,06037431100,Census Tract 4311,South Monrovia Island,Los Angeles County,California,SouthMonroviaIsland,1458,203,27,32,11,17,0,19,0,19,0,19,16,27,0,19,448,137,99,77,53,73,52,67,175,99,69,66,0,19,782,188,187,104,68,74,55,74,161,138,311,127,0,19,201,101,24,37,19,31,2,3,10,17,146,97,0,19
2024,06037431200,Census Tract 4312,South Monrovia Island,Los Angeles County,California,SouthMonroviaIsland,519,154,0,19,0,19,0,19,0,19,0,19,0,19,0,19,97,75,58,56,0,19,0,19,0,19,39,49,0,19,416,156,185,123,75,67,58,60,23,36,44,39,31,35,6,10,0,19,0,19,6,10,0,19,0,19,0,19
2024,06037480500,Census Tract 4805,South Pasadena,Los Angeles County,California,SouthPasadena,859,209,0,19,0,19,0,19,0,19,0,19,0,19,0,19,323,147,6,11,110,125,48,56,19,33,128,99,12,18,434,169,67,62,127,93,14,20,0,19,226,136,0,19,102,84,19,31,0,19,50,71,18,29,15,24,0,19
2024,06037480601,Census Tract 4806.01,South Pasadena,Los Angeles County,California,SouthPasadena,1396,134,12,17,0,14,12,17,0,14,0,14,0,14,0,14,345,122,73,50,10,17,62,60,86,87,95,73,19,30,962,134,320,119,147,70,107,78,138,83,205,83,45,71,77,47,23,28,0,14,0,14,0,14,54,36,0,14
2024,06037480602,Census Tract 4806.02,South Pasadena,Los Angeles County,California,SouthPasadena,1091,258,14,18,0,14,0,14,0,14,0,14,0,14,14,18,167,115,12,21,22,25,0,14,50,68,83,80,0,14,854,258,408,235,108,70,69,66,61,59,196,95,12,19,56,40,8,14,0,14,22,26,12,21,14,13,0,14
2024,06037480702,Census Tract 4807.02,South Pasadena,Los Angeles County,California,SouthPasadena,435,118,9,15,0,14,0,14,0,14,0,14,9,15,0,14,150,83,51,55,0,14,0,14,20,24,79,79,0,14,250,116,48,38,40,46,20,25,38,48,104,77,0,14,26,19,7,11,11,16,0,14,0,14,8,12,0,14
2024,06037480703,Census Tract 4807.03,South Pasadena,Los Angeles County,California,SouthPasadena,538,124,0,14,0,14,0,14,0,14,0,14,0,14,0,14,92,63,0,14,9,16,0,14,17,20,45,46,21,35,399,107,132,56,25,23,21,23,13,21,198,96,10,14,47,31,0,14,16,15,0,14,0,14,31,27,0,14
2024,06037480704,Census Tract 4807.04,South Pasadena,Los Angeles County,California,SouthPasadena,1404,393,14,17,0,14,6,11,0,14,0,14,8,13,0,14,194,95,20,19,44,45,6,10,58,78,58,56,8,12,1063,388,177,83,363,368,113,80,115,79,276,97,19,28,133,63,7,11,7,13,14,18,0,14,91,54,14,15
2024,06037482404,Census Tract 4824.04,South San Gabriel,Los Angeles County,California,SouthSanGabriel,337,283,0,14,0,14,0,14,0,14,0,14,0,14,0,14,0,14,0,14,0,14,0,14,0,14,0,14,0,14,309,277,0,14,29,43,0,14,16,25,88,48,176,280,28,35,0,14,0,14,0,14,0,14,17,27,11,18
2024,06037482521,Census Tract 4825.21,South San Gabriel,Los Angeles County,California,SouthSanGabriel,599,173,0,19,0,19,0,19,0,19,0,19,0,19,0,19,119,85,39,60,38,47,0,19,0,19,42,48,0,19,227,95,50,54,0,19,40,33,0,19,99,57,38,55,253,119,31,48,24,33,14,22,10,16,115,85,59,56
2024,06037482522,Census Tract 4825.22,South San Gabriel,Los Angeles County,California,SouthSanGabriel,412,116,13,20,0,14,0,14,0,14,0,14,13,20,0,14,90,59,14,22,0,14,13,21,11,17,52,46,0,14,274,101,37,40,57,42,29,26,39,61,97,65,15,19,35,33,9,14,0,14,11,17,0,14,15,24,0,14
2024,06037408133,Census Tract 4081.33,South San Jose Hills,Los Angeles County,California,SouthSanJoseHills,977,139,30,36,0,19,0,19,9,14,0,19,0,19,21,33,207,101,46,54,49,61,48,59,14,21,50,54,0,19,691,128,130,97,74,78,147,88,34,41,306,118,0,19,49,35,0,19,0,19,8,13,9,16,32,29,0,19
2024,06037408137,Census Tract 4081.37,South San Jose Hills,Los Angeles County,California,SouthSanJoseHills,824,133,50,49,0,14,0,14,0,14,0,14,50,49,0,14,175,89,10,16,57,48,0,14,8,12,100,77,0,14,513,118,54,41,114,86,45,42,103,89,189,86,8,16,86,85,20,30,49,76,17,21,0,14,0,14,0,14
2024,06037408138,Census Tract 4081.38,South San Jose Hills,Los Angeles County,California,SouthSanJoseHills,247,145,0,14,0,14,0,14,0,14,0,14,0,14,0,14,63,54,23,30,17,30,0,14,0,14,23,37,0,14,184,138,43,68,25,39,0,14,0,14,116,93,0,14,0,14,0,14,0,14,0,14,0,14,0,14,0,14
2024,06037408139,Census Tract 4081.39,South San Jose Hills,Los Angeles County,California,SouthSanJoseHills,168,76,33,45,0,14,0,14,0,14,0,14,33,45,0,14,57,42,15,19,7,11,9,13,7,10,19,28,0,14,57,63,9,14,11,14,0,14,0,14,37,59,0,14,21,27,14,23,0,14,0,14,0,14,7,11,0,14
2024,06037408140,Census Tract 4081.40,South San Jose Hills,Los Angeles County,California,SouthSanJoseHills,213,103,0,14,0,14,0,14,0,14,0,14,0,14,0,14,34,42,0,14,25,42,0,14,6,9,3,9,0,14,146,89,50,60,47,73,15,18,6,10,28,39,0,14,33,39,0,14,0,14,0,14,0,14,0,14,33,39
2024,06037408141,Census Tract 4081.41,South San Jose Hills,Los Angeles County,California,SouthSanJoseHills,246,104,0,14,0,14,0,14,0,14,0,14,0,14,0,14,49,50,0,14,18,30,0,14,9,16,22,36,0,14,186,92,79,61,15,25,0,14,0,14,67,74,25,38,11,12,0,14,0,14,0,14,0,14,11,12,0,14
2024,06037502005,Census Tract 5020.05,South Whittier,Los Angeles County,California,SouthWhittier,393,132,39,59,0,14,0,14,0,14,39,59,0,14,0,14,29,33,0,14,13,22,9,18,0,14,0,14,7,12,314,122,5,13,49,46,53,57,31,38,152,100,24,27,11,15,6,11,0,14,0,14,0,14,5,9,0,14
2024,06037502901,Census Tract 5029.01,South Whittier,Los Angeles County,California,SouthWhittier,301,162,0,19,0,19,0,19,0,19,0,19,0,19,0,19,76,72,0,19,35,45,0,19,6,9,35,47,0,19,225,146,34,48,78,123,5,17,5,9,103,61,0,19,0,19,0,19,0,19,0,19,0,19,0,19,0,19
2024,06037503000,Census Tract 5030,South Whittier,Los Angeles County,California,SouthWhittier,725,233,31,36,0,19,13,23,0,19,0,19,18,28,0,19,55,64,55,64,0,19,0,19,0,19,0,19,0,19,612,230,138,141,6,13,196,186,11,19,258,108,3,14,27,29,0,19,0,19,0,19,0,19,27,29,0,19
2024,06037503103,Census Tract 5031.03,South Whittier,Los Angeles County,California,SouthWhittier,365,114,63,51,0,19,24,36,0,19,39,50,0,19,0,19,59,70,0,19,27,41,32,51,0,19,0,19,0,19,235,92,0,19,63,43,0,19,35,53,103,60,34,34,8,13,0,19,0,19,0,19,0,19,8,13,0,19
2024,06037503104,Census Tract 5031.04,South Whittier,Los Angeles County,California,SouthWhittier,146,73,8,11,0,14,0,14,0,14,8,11,0,14,0,14,11,15,8,14,0,14,0,14,3,4,0,14,0,14,74,51,6,10,0,14,7,11,0,14,34,37,27,30,53,44,5,9,0,14,22,29,0,14,26,30,0,14
2024,06037503105,Census Tract 5031.05,South Whittier,Los Angeles County,California,SouthWhittier,433,87,11,17,0,14,0,14,0,14,0,14,11,17,0,14,64,66,0,14,0,14,32,50,3,20,29,36,0,14,284,105,90,68,46,49,0,14,49,43,85,81,14,23,74,76,64,76,0,14,0,14,10,17,0,14,0,14
2024,06037503106,Census Tract 5031.06,South Whittier,Los Angeles County,California,SouthWhittier,372,108,21,27,12,20,0,14,0,14,0,14,9,16,0,14,129,74,21,33,0,14,0,14,56,64,52,46,0,14,159,86,60,49,22,28,12,28,32,52,33,34,0,14,63,61,6,12,0,14,0,14,0,14,57,58,0,14
2024,06037503201,Census Tract 5032.01,South Whittier,Los Angeles County,California,SouthWhittier,92,73,0,14,0,14,0,14,0,14,0,14,0,14,0,14,41,52,0,14,0,14,10,16,0,14,31,50,0,14,44,54,0,14,8,12,0,14,0,14,36,54,0,14,7,11,0,14,0,14,0,14,0,14,7,11,0,14
2024,06037503202,Census Tract 5032.02,South Whittier,Los Angeles County,California,SouthWhittier,396,119,11,16,0,14,0,14,0,14,0,14,11,16,0,14,69,76,0,14,0,14,20,22,0,14,49,75,0,14,153,60,61,57,26,29,11,19,12,20,43,35,0,14,163,66,29,25,9,15,40,55,46,46,39,45,0,14
2024,06037503302,Census Tract 5033.02,South Whittier,Los Angeles County,California,SouthWhittier,810,162,40,37,0,19,0,19,0,19,22,37,10,16,8,14,205,99,0,19,83,68,21,31,10,18,54,57,37,43,429,137,55,49,93,66,32,41,23,26,188,103,38,44,136,75,9,13,0,19,20,22,10,15,97,69,0,19
2024,06037503501,Census Tract 5035.01,South Whittier,Los Angeles County,California,SouthWhittier,842,199,0,19,0,19,0,19,0,19,0,19,0,19,0,19,283,127,47,61,12,18,140,116,58,57,14,16,12,19,490,188,96,69,68,79,46,41,57,47,223,144,0,19,69,93,0,19,0,19,0,19,57,91,12,20,0,19
2024,06037503502,Census Tract 5035.02,South Whittier,Los Angeles County,California,SouthWhittier,276,84,0,14,0,14,0,14,0,14,0,14,0,14,0,14,31,42,0,14,0,14,0,14,0,14,31,42,0,14,170,74,52,49,50,58,0,14,27,27,28,33,13,21,75,66,0,14,0,14,0,14,0,14,75,66,0,14
2024,06037504200,Census Tract 5042,South Whittier,Los Angeles County,California,SouthWhittier,1664,193,13,20,13,20,0,19,0,19,0,19,0,19,0,19,241,120,58,59,10,14,36,41,20,31,117,106,0,19,749,192,73,91,125,123,46,39,112,83,393,130,0,19,661,181,50,45,36,37,55,53,144,105,287,145,89,71
2024,06037920326,Census Tract 9203.26,Stevenson Ranch,Los Angeles County,California,StevensonRanch,1246,183,73,72,31,50,0,19,0,19,10,15,32,52,0,19,259,138,33,38,56,89,16,26,34,53,120,109,0,19,706,222,187,147,49,77,41,65,132,96,297,159,0,19,208,103,31,29,0,19,0,19,24,29,141,94,12,20
2024,06037920338,Census Tract 9203.38,Stevenson Ranch,Los Angeles County,California,StevensonRanch,204,151,0,19,0,19,0,19,0,19,0,19,0,19,0,19,87,133,0,19,0,19,0,19,87,133,0,19,0,19,112,61,0,19,18,21,0,19,0,19,82,54,12,19,5,9,0,19,0,19,0,19,0,19,5,9,0,19
2024,06037920339,Census Tract 9203.39,Stevenson Ranch,Los Angeles County,California,StevensonRanch,1175,318,14,25,0,21,0,21,14,25,0,21,0,21,0,21,160,133,0,21,0,21,60,92,19,34,81,107,0,21,917,323,154,114,163,126,48,48,111,173,295,227,146,143,84,57,0,21,16,27,0,21,0,21,37,44,31,34
2024,06037910002,Census Tract 9100.02,Sun Village,Los Angeles County,California,SunVillage,494,217,0,19,0,19,0,19,0,19,0,19,0,19,0,19,124,148,0,19,0,19,0,19,0,19,40,44,84,129,291,174,26,29,0,19,14,21,0,19,231,167,20,32,79,110,0,19,6,14,0,19,0,19,73,111,0,19
2024,06037910706,Census Tract 9107.06,Sun Village,Los Angeles County,California,SunVillage,323,111,0,19,0,19,0,19,0,19,0,19,0,19,0,19,19,27,0,19,0,19,0,19,0,19,13,24,6,14,265,108,14,24,9,13,0,19,43,47,181,99,18,32,39,42,0,19,23,36,0,19,0,19,16,24,0,19
2024,06037911100,Census Tract 9111,Sun Village,Los Angeles County,California,SunVillage,857,209,105,112,6,10,16,24,69,107,0,19,14,13,0,19,153,105,26,44,0,19,0,19,0,19,122,99,5,8,460,190,70,76,25,29,28,45,68,107,216,133,53,82,139,104,43,59,0,19,0,19,0,19,75,84,21,24
2024,06037431501,Census Tract 4315.01,Temple City,Los Angeles County,California,TempleCity,660,85,35,33,0,14,0,14,17,25,12,18,6,11,0,14,50,46,0,14,0,14,28,41,6,14,16,20,0,14,440,95,66,51,75,55,31,32,35,39,185,104,48,52,135,59,12,18,0,14,24,29,13,21,70,69,16,25
2024,06037431502,Census Tract 4315.02,Temple City,Los Angeles County,California,TempleCity,553,122,0,14,0,14,0,14,0,14,0,14,0,14,0,14,87,67,11,16,0,14,0,14,0,14,76,65,0,14,319,101,34,38,6,12,67,61,0,14,194,102,18,20,147,61,58,49,6,10,16,22,0,14,51,43,16,18
2024,06037431800,Census Tract 4318,Temple City,Los Angeles County,California,TempleCity,745,160,0,19,0,19,0,19,0,19,0,19,0,19,0,19,222,116,58,80,0,19,0,19,45,70,101,68,18,28,388,117,69,50,33,33,53,40,0,19,216,96,17,26,135,81,15,24,0,19,0,19,20,32,67,63,33,40
2024,06037431900,Census Tract 4319,Temple City,Los Angeles County,California,TempleCity,683,233,0,14,0,14,0,14,0,14,0,14,0,14,0,14,42,33,10,16,0,14,22,26,0,14,10,15,0,14,520,215,158,158,64,56,63,52,44,35,191,116,0,14,121,69,0,14,10,16,0,14,0,14,92,61,19,23
2024,06037432001,Census Tract 4320.01,Temple City,Los Angeles County,California,TempleCity,192,63,0,14,0,14,0,14,0,14,0,14,0,14,0,14,17,25,0,14,0,14,0,14,0,14,17,25,0,14,136,54,31,24,18,26,30,35,33,37,24,26,0,14,39,30,0,14,0,14,0,14,10,17,12,19,17,15
2024,06037432002,Census Tract 4320.02,Temple City,Los Angeles County,California,TempleCity,561,170,37,56,0,19,0,19,0,19,0,19,37,56,0,19,40,39,16,25,0,19,8,14,0,19,16,26,0,19,440,164,76,65,54,54,13,21,35,58,191,102,71,83,44,30,0,19,0,19,0,19,0,19,44,30,0,19
2024,06037432101,Census Tract 4321.01,Temple City,Los Angeles County,California,TempleCity,319,105,0,14,0,14,0,14,0,14,0,14,0,14,0,14,102,73,54,60,9,14,21,33,9,14,9,13,0,14,171,74,69,60,49,48,18,22,0,14,28,26,7,11,46,40,16,18,21,33,0,14,0,14,9,15,0,14
2024,06037432102,Census Tract 4321.02,Temple City,Los Angeles County,California,TempleCity,276,110,0,19,0,19,0,19,0,19,0,19,0,19,0,19,39,30,0,19,12,20,0,19,6,9,7,12,14,17,197,100,27,24,8,13,10,16,32,32,91,73,29,42,40,34,0,19,0,19,0,19,0,19,20,25,20,22
2024,06037480012,Census Tract 4800.12,Temple City,Los Angeles County,California,TempleCity,840,151,31,50,0,14,0,14,0,14,0,14,0,14,31,50,164,82,30,32,89,77,9,14,25,30,11,19,0,14,525,147,20,27,50,61,119,95,43,56,251,94,42,42,120,66,35,31,0,14,0,14,0,14,75,54,10,15
2024,06037480101,Census Tract 4801.01,Temple City,Los Angeles County,California,TempleCity,645,168,11,18,0,14,0,14,0,14,0,14,0,14,11,18,127,118,0,14,0,14,93,113,17,27,8,13,9,15,353,94,77,62,38,37,11,18,49,57,166,79,12,19,154,91,0,14,9,15,11,17,0,14,122,89,12,19
2024,06037480102,Census Tract 4801.02,Temple City,Los Angeles County,California,TempleCity,470,154,9,14,0,14,0,14,0,14,0,14,9,14,0,14,122,64,35,36,21,27,50,53,0,14,0,14,16,26,260,128,82,62,17,20,0,14,0,14,95,51,66,105,79,50,6,11,0,14,35,35,10,16,28,25,0,14
2024,06037481201,Census Tract 4812.01,Temple City,Los Angeles County,California,TempleCity,692,145,0,14,0,14,0,14,0,14,0,14,0,14,0,14,250,115,96,80,41,61,8,13,0,14,105,71,0,14,365,118,60,54,30,26,31,34,11,19,233,107,0,14,77,43,7,11,0,14,8,14,0,14,43,41,19,31
2024,06037800101,Census Tract 8001.01,Topanga,Los Angeles County,California,Topanga,134,80,0,19,0,19,0,19,0,19,0,19,0,19,0,19,13,19,0,19,0,19,13,19,0,19,0,19,0,19,96,69,0,19,20,23,0,19,0,19,68,64,8,13,25,31,0,19,0,19,0,19,0,19,0,19,25,31
2024,06037800103,Census Tract 8001.03,Topanga,Los Angeles County,California,Topanga,81,86,0,14,0,14,0,14,0,14,0,14,0,14,0,14,51,77,0,14,0,14,0,14,0,14,51,77,0,14,12,17,12,17,0,14,0,14,0,14,0,14,0,14,18,28,0,14,0,14,0,14,0,14,18,28,0,14
2024,06037800104,Census Tract 8001.04,Topanga,Los Angeles County,California,Topanga,384,154,0,14,0,14,0,14,0,14,0,14,0,14,0,14,14,25,14,25,0,14,0,14,0,14,0,14,0,14,313,148,19,29,66,86,0,14,0,14,228,143,0,14,57,56,0,14,0,14,0,14,0,14,10,15,47,55
2024,06037800506,Census Tract 8005.06,Topanga,Los Angeles County,California,Topanga,276,118,0,14,0,14,0,14,0,14,0,14,0,14,0,14,81,63,19,31,18,27,0,14,0,14,44,50,0,14,75,57,17,26,25,29,0,14,0,14,33,41,0,14,120,74,34,35,0,14,11,17,0,14,75,63,0,14
2024,06037650001,Census Tract 6500.01,Torrance,Los Angeles County,California,Torrance,822,198,0,19,0,19,0,19,0,19,0,19,0,19,0,19,172,129,20,34,0,19,23,39,56,90,73,81,0,19,565,196,54,38,44,42,87,66,130,141,222,140,28,45,85,45,0,19,0,19,0,19,0,19,70,38,15,24
2024,06037650003,Census Tract 6500.03,Torrance,Los Angeles County,California,Torrance,728,73,14,23,0,14,0,14,0,14,0,14,14,23,0,14,195,91,15,24,79,67,13,16,68,73,20,25,0,14,446,104,47,53,112,78,21,24,36,43,191,81,39,57,73,48,16,25,0,14,0,14,0,14,42,38,15,19
2024,06037650004,Census Tract 6500.04,Torrance,Los Angeles County,California,Torrance,929,173,31,39,24,38,0,14,0,14,0,14,7,10,0,14,119,48,32,28,0,14,44,41,0,14,35,29,8,11,602,179,141,65,83,67,27,26,107,99,244,116,0,14,177,90,37,44,0,14,42,54,34,55,55,39,9,15
2024,06037650101,Census Tract 6501.01,Torrance,Los Angeles County,California,Torrance,428,296,3,11,0,14,0,14,0,14,0,14,0,14,3,11,0,14,0,14,0,14,0,14,0,14,0,14,0,14,394,295,0,14,40,64,27,43,24,38,281,273,22,36,31,36,0,14,0,14,0,14,0,14,31,36,0,14
2024,06037650102,Census Tract 6501.02,Torrance,Los Angeles County,California,Torrance,224,86,0,14,0,14,0,14,0,14,0,14,0,14,0,14,23,25,4,6,6,13,13,20,0,14,0,14,0,14,192,86,70,47,2,9,12,13,40,55,53,42,15,15,9,10,6,9,0,14,3,6,0,14,0,14,0,14
2024,06037650200,Census Tract 6502,Torrance,Los Angeles County,California,Torrance,378,124,13,20,0,19,0,19,0,19,0,19,13,20,0,19,87,49,31,27,10,15,19,21,0,19,27,26,0,19,259,117,66,67,0,19,14,17,0,19,169,100,10,16,19,20,0,19,0,19,0,19,0,19,9,14,10,15
2024,06037650300,Census Tract 6503,Torrance,Los Angeles County,California,Torrance,1429,293,0,19,0,19,0,19,0,19,0,19,0,19,0,19,274,153,62,88,39,44,73,108,0,19,100,128,0,19,740,224,35,41,62,80,120,164,47,72,423,217,53,81,415,181,11,19,35,39,155,149,41,34,100,81,73,101
2024,06037650401,Census Tract 6504.01,Torrance,Los Angeles County,California,Torrance,239,83,0,14,0,14,0,14,0,14,0,14,0,14,0,14,73,44,37,34,9,13,0,14,9,17,18,21,0,14,134,66,5,9,54,49,22,20,0,14,48,61,5,8,32,29,0,14,7,11,11,18,0,14,14,21,0,14
2024,06037650501,Census Tract 6505.01,Torrance,Los Angeles County,California,Torrance,115,51,0,14,0,14,0,14,0,14,0,14,0,14,0,14,19,21,11,17,8,12,0,14,0,14,0,14,0,14,89,46,0,14,0,14,0,14,32,45,45,29,12,20,7,12,0,14,0,14,0,14,0,14,7,12,0,14
2024,06037650502,Census Tract 6505.02,Torrance,Los Angeles County,California,Torrance,377,105,0,14,0,14,0,14,0,14,0,14,0,14,0,14,78,55,29,34,0,14,22,31,0,14,0,14,27,37,240,92,101,66,45,50,19,21,12,21,56,44,7,11,59,39,10,17,0,14,0,14,0,14,49,36,0,14
2024,06037650603,Census Tract 6506.03,Torrance,Los Angeles County,California,Torrance,544,116,0,14,0,14,0,14,0,14,0,14,0,14,0,14,57,48,23,36,0,14,9,13,25,28,0,14,0,14,301,99,141,95,19,30,8,13,51,56,82,58,0,14,186,75,22,24,0,14,0,14,40,51,124,65,0,14
2024,06037650604,Census Tract 6506.04,Torrance,Los Angeles County,California,Torrance,2490,388,49,65,0,19,0,19,0,19,0,19,38,61,11,19,680,220,210,172,101,84,77,74,26,43,255,149,11,20,1315,410,212,111,123,111,422,341,46,54,467,221,45,50,446,175,21,27,12,21,53,50,90,100,270,153,0,19
2024,06037650605,Census Tract 6506.05,Torrance,Los Angeles County,California,Torrance,731,101,12,19,0,14,0,14,0,14,0,14,12,19,0,14,108,65,31,33,49,54,19,26,0,14,9,14,0,14,526,121,192,85,130,76,0,14,30,28,174,82,0,14,85,52,7,12,7,11,8,13,40,41,23,23,0,14
2024,06037650606,Census Tract 6506.06,Torrance,Los Angeles County,California,Torrance,1458,224,32,42,0,14,0,14,32,42,0,14,0,14,0,14,518,207,209,158,80,112,114,120,37,46,78,76,0,14,644,166,205,94,67,49,75,60,10,15,254,120,33,52,264,140,0,14,0,14,10,17,0,14,254,144,0,14
2024,06037650607,Census Tract 6506.07,Torrance,Los Angeles County,California,Torrance,809,163,61,66,0,14,0,14,0,14,28,45,33,50,0,14,115,82,28,32,14,23,47,67,18,28,8,14,0,14,583,190,98,60,76,56,85,83,85,81,239,150,0,14,50,41,30,33,0,14,0,14,0,14,20,23,0,14
2024,06037650701,Census Tract 6507.01,Torrance,Los Angeles County,California,Torrance,156,55,0,14,0,14,0,14,0,14,0,14,0,14,0,14,19,22,12,19,0,14,0,14,0,14,7,11,0,14,124,49,9,13,32,30,0,14,6,9,77,46,0,14,13,9,0,14,0,14,0,14,0,14,4,6,9,8
2024,06037650702,Census Tract 6507.02,Torrance,Los Angeles County,California,Torrance,281,109,0,14,0,14,0,14,0,14,0,14,0,14,0,14,48,43,6,10,9,14,0,14,0,14,33,39,0,14,176,78,51,62,4,8,13,20,60,32,35,34,13,14,57,59,0,14,0,14,0,14,37,54,10,15,10,16
2024,06037650801,Census Tract 6508.01,Torrance,Los Angeles County,California,Torrance,578,122,0,14,0,14,0,14,0,14,0,14,0,14,0,14,63,39,31,36,8,13,0,14,0,14,7,12,17,20,452,132,155,86,70,51,31,48,44,55,152,87,0,14,63,49,0,14,13,16,5,8,25,39,9,15,11,12
2024,06037650802,Census Tract 6508.02,Torrance,Los Angeles County,California,Torrance,452,145,0,14,0,14,0,14,0,14,0,14,0,14,0,14,53,61,0,14,0,14,0,14,36,55,17,26,0,14,387,130,42,41,50,39,64,48,35,39,196,116,0,14,12,19,0,14,0,14,0,14,12,19,0,14,0,14
2024,06037650901,Census Tract 6509.01,Torrance,Los Angeles County,California,Torrance,1188,214,9,14,0,14,0,14,0,14,0,14,9,14,0,14,147,94,62,72,1,10,59,57,0,14,25,37,0,14,682,188,236,135,140,112,28,33,0,14,267,148,11,18,350,163,0,14,26,43,69,108,90,104,152,102,13,21
2024,06037650903,Census Tract 6509.03,Torrance,Los Angeles County,California,Torrance,1132,267,29,33,18,27,0,14,0,14,0,14,11,18,0,14,241,111,36,48,0,14,11,18,0,14,194,95,0,14,766,271,100,56,67,48,60,52,270,256,246,158,23,26,96,68,23,26,0,14,40,50,21,34,12,20,0,14
2024,06037650904,Census Tract 6509.04,Torrance,Los Angeles County,California,Torrance,495,100,0,14,0,14,0,14,0,14,0,14,0,14,0,14,151,88,116,80,0,14,0,14,0,14,35,43,0,14,290,96,110,73,89,54,30,34,0,14,61,51,0,14,54,54,0,14,0,14,0,14,0,14,21,24,33,51
2024,06037651001,Census Tract 6510.01,Torrance,Los Angeles County,California,Torrance,558,145,26,31,0,19,0,19,0,19,17,28,9,16,0,19,117,80,10,15,39,57,0,19,0,19,68,64,0,19,359,131,20,25,9,19,9,15,8,13,313,132,0,19,56,59,9,14,0,19,0,19,0,19,47,58,0,19
2024,06037651002,Census Tract 6510.02,Torrance,Los Angeles County,California,Torrance,696,191,10,17,10,17,0,14,0,14,0,14,0,14,0,14,132,113,12,19,73,101,0,14,17,27,30,37,0,14,448,175,147,107,29,34,92,86,29,43,136,102,15,23,106,65,17,28,5,10,41,30,7,12,29,31,7,12
2024,06037651101,Census Tract 6511.01,Torrance,Los Angeles County,California,Torrance,800,127,0,14,0,14,0,14,0,14,0,14,0,14,0,14,172,77,33,31,89,72,0,14,8,14,42,42,0,14,461,126,73,43,33,31,48,36,81,73,217,126,9,13,167,87,0,14,7,11,0,14,0,14,104,60,56,51
2024,06037651102,Census Tract 6511.02,Torrance,Los Angeles County,California,Torrance,756,116,23,35,0,14,0,14,0,14,0,14,23,35,0,14,133,68,45,46,0,14,17,20,0,14,71,52,0,14,443,122,188,75,53,38,7,11,43,39,145,88,7,12,157,69,0,14,9,15,9,13,8,12,83,52,48,49
2024,06037651201,Census Tract 6512.01,Torrance,Los Angeles County,California,Torrance,248,203,0,14,0,14,0,14,0,14,0,14,0,14,0,14,0,14,0,14,0,14,0,14,0,14,0,14,0,14,229,202,27,36,0,14,0,14,0,14,36,32,166,189,19,23,9,15,0,14,0,14,0,14,0,14,10,17
2024,06037651221,Census Tract 6512.21,Torrance,Los Angeles County,California,Torrance,932,212,50,32,8,13,0,14,9,14,0,14,27,24,6,9,189,76,68,48,40,38,29,33,16,26,36,39,0,14,579,181,67,53,33,40,79,49,91,58,230,140,79,56,114,60,16,18,0,14,0,14,6,10,91,56,1,7
2024,06037651222,Census Tract 6512.22,Torrance,Los Angeles County,California,Torrance,1722,298,30,35,0,19,0,19,0,19,0,19,30,35,0,19,404,163,54,47,74,79,128,117,13,22,135,113,0,19,1095,321,183,97,296,168,26,42,49,46,505,277,36,59,193,103,0,19,23,26,11,18,0,19,140,100,19,24
2024,06037651302,Census Tract 6513.02,Torrance,Los Angeles County,California,Torrance,449,185,0,19,0,19,0,19,0,19,0,19,0,19,0,19,20,32,20,32,0,19,0,19,0,19,0,19,0,19,340,208,64,53,52,50,0,19,15,24,158,174,51,76,89,78,48,74,0,19,0,19,14,24,27,29,0,19
2024,06037651304,Census Tract 6513.04,Torrance,Los Angeles County,California,Torrance,1177,250,13,21,0,19,0,19,13,21,0,19,0,19,0,19,57,55,19,31,18,31,0,19,0,19,0,19,20,33,913,260,340,187,89,77,106,111,33,38,274,151,71,84,194,102,44,51,19,31,0,19,0,19,113,75,18,30
2024,06037651401,Census Tract 6514.01,Torrance,Los Angeles County,California,Torrance,545,229,0,14,0,14,0,14,0,14,0,14,0,14,0,14,104,83,25,37,0,14,53,73,0,14,26,40,0,14,185,91,34,37,35,36,0,14,18,27,98,70,0,14,256,208,58,64,15,22,0,14,0,14,42,67,141,198
2024,06037651402,Census Tract 6514.02,Torrance,Los Angeles County,California,Torrance,821,243,38,62,0,19,0,19,38,62,0,19,0,19,0,19,160,107,48,69,0,19,61,73,0,19,51,61,0,19,497,206,93,75,56,57,53,52,33,52,262,169,0,19,126,85,14,23,0,19,12,21,19,28,81,78,0,19
2024,06037980005,Census Tract 9800.05,Torrance,Los Angeles County,California,Torrance,0,14,0,14,0,14,0,14,0,14,0,14,0,14,0,14,0,14,0,14,0,14,0,14,0,14,0,14,0,14,0,14,0,14,0,14,0,14,0,14,0,14,0,14,0,14,0,14,0,14,0,14,0,14,0,14,0,14
2024,06037990200,Census Tract 9902,Torrance,Los Angeles County,California,Torrance,0,14,0,14,0,14,0,14,0,14,0,14,0,14,0,14,0,14,0,14,0,14,0,14,0,14,0,14,0,14,0,14,0,14,0,14,0,14,0,14,0,14,0,14,0,14,0,14,0,14,0,14,0,14,0,14,0,14
2024,06037406601,Census Tract 4066.01,Valinda,Los Angeles County,California,Valinda,293,147,0,19,0,19,0,19,0,19,0,19,0,19,0,19,98,102,9,15,0,19,10,16,0,19,79,99,0,19,169,100,28,41,54,53,8,12,11,13,68,81,0,19,26,21,0,19,0,19,0,19,0,19,10,15,16,20
2024,06037406602,Census Tract 4066.02,Valinda,Los Angeles County,California,Valinda,358,106,0,14,0,14,0,14,0,14,0,14,0,14,0,14,50,56,0,14,32,51,12,21,6,10,0,14,0,14,223,104,51,64,78,72,0,14,9,16,85,58,0,14,85,71,18,28,0,14,0,14,0,14,27,41,40,54
2024,06037407501,Census Tract 4075.01,Valinda,Los Angeles County,California,Valinda,364,92,0,14,0,14,0,14,0,14,0,14,0,14,0,14,35,34,0,14,5,7,0,14,0,14,30,34,0,14,293,101,65,47,27,25,0,14,20,33,181,100,0,14,36,36,0,14,28,37,0,14,8,12,0,14,0,14
2024,06037407502,Census Tract 4075.02,Valinda,Los Angeles County,California,Valinda,317,91,0,14,0,14,0,14,0,14,0,14,0,14,0,14,60,45,34,37,7,11,7,10,7,12,5,10,0,14,227,77,70,51,13,14,44,41,32,35,38,34,30,24,30,26,0,14,0,14,9,13,0,14,21,23,0,14
2024,06037407801,Census Tract 4078.01,Valinda,Los Angeles County,California,Valinda,97,46,0,14,0,14,0,14,0,14,0,14,0,14,0,14,45,42,14,22,0,14,0,14,0,14,31,39,0,14,52,30,32,24,3,8,0,14,0,14,5,9,12,19,0,14,0,14,0,14,0,14,0,14,0,14,0,14
2024,06037407802,Census Tract 4078.02,Valinda,Los Angeles County,California,Valinda,132,68,6,9,0,14,6,9,0,14,0,14,0,14,0,14,24,20,6,10,0,14,9,14,6,10,3,5,0,14,95,66,50,38,0,14,37,54,0,14,8,11,0,14,7,9,0,14,1,2,0,14,0,14,0,14,6,9
2024,06037407901,Census Tract 4079.01,Valinda,Los Angeles County,California,Valinda,112,74,0,14,0,14,0,14,0,14,0,14,0,14,0,14,7,12,0,14,0,14,0,14,0,14,7,12,0,14,105,70,9,18,0,14,18,22,0,14,78,68,0,14,0,14,0,14,0,14,0,14,0,14,0,14,0,14
2024,06037408003,Census Tract 4080.03,Valinda,Los Angeles County,California,Valinda,239,90,0,14,0,14,0,14,0,14,0,14,0,14,0,14,86,55,10,17,8,12,21,30,0,14,4,7,43,49,128,68,13,21,43,43,24,29,8,13,29,27,11,17,25,31,8,14,0,14,0,14,0,14,17,27,0,14
2024,06037408004,Census Tract 4080.04,Valinda,Los Angeles County,California,Valinda,403,74,8,11,0,14,0,14,0,14,0,14,8,11,0,14,186,64,25,26,12,13,12,18,0,14,137,50,0,14,171,63,34,29,0,14,44,35,15,17,78,47,0,14,38,24,14,12,0,14,0,14,6,9,18,20,0,14
2024,06037920106,Census Tract 9201.06,Val Verde,Los Angeles County,California,ValVerde,135,58,0,14,0,14,0,14,0,14,0,14,0,14,0,14,0,14,0,14,0,14,0,14,0,14,0,14,0,14,135,58,28,26,17,17,17,27,0,14,73,60,0,14,0,14,0,14,0,14,0,14,0,14,0,14,0,14
2024,06037980016,Census Tract 9800.16,Vernon,Los Angeles County,California,Vernon,92,35,0,14,0,14,0,14,0,14,0,14,0,14,0,14,21,13,0,14,10,10,6,8,0,14,2,2,3,4,46,28,7,6,8,7,17,24,2,2,12,10,0,14,25,15,11,9,4,4,0,14,0,14,10,9,0,14
2024,06037703100,Census Tract 7031,View Park-Windsor Hills,Los Angeles County,California,ViewPark-WindsorHills,698,222,38,53,6,19,0,19,0,19,0,19,32,52,0,19,146,149,92,133,34,42,0,19,20,36,0,19,0,19,412,191,158,136,75,120,149,141,0,19,30,26,0,19,102,111,0,19,0,19,50,79,0,19,52,82,0,19
2024,06037703200,Census Tract 7032,View Park-Windsor Hills,Los Angeles County,California,ViewPark-WindsorHills,684,197,0,19,0,19,0,19,0,19,0,19,0,19,0,19,86,78,24,38,0,19,24,39,32,51,6,33,0,19,323,154,39,44,0,19,111,57,0,19,173,148,0,19,275,144,51,59,0,19,0,19,0,19,211,130,13,23
2024,06037404501,Census Tract 4045.01,Vincent,Los Angeles County,California,Vincent,358,88,34,29,11,17,0,14,0,14,0,14,23,25,0,14,26,27,0,14,0,14,0,14,0,14,26,27,0,14,251,86,26,29,6,16,40,37,59,67,120,54,0,14,47,34,0,14,0,14,0,14,0,14,35,29,12,17
2024,06037404503,Census Tract 4045.03,Vincent,Los Angeles County,California,Vincent,172,62,0,14,0,14,0,14,0,14,0,14,0,14,0,14,24,30,24,30,0,14,0,14,0,14,0,14,0,14,106,47,16,17,0,14,31,25,13,14,46,34,0,14,42,27,27,22,0,14,0,14,0,14,15,15,0,14
2024,06037405301,Census Tract 4053.01,Vincent,Los Angeles County,California,Vincent,483,106,37,42,0,14,21,33,13,22,0,14,3,7,0,14,78,68,0,14,0,14,35,55,34,48,9,15,0,14,300,101,44,38,9,14,86,80,35,33,126,87,0,14,68,44,11,13,8,14,12,21,0,14,24,21,13,22
2024,06037405400,Census Tract 4054,Vincent,Los Angeles County,California,Vincent,284,174,0,14,0,14,0,14,0,14,0,14,0,14,0,14,91,149,0,14,0,14,91,149,0,14,0,14,0,14,168,100,18,28,26,38,43,58,13,22,68,63,0,14,25,30,0,14,10,15,0,14,0,14,15,26,0,14
2024,06037405500,Census Tract 4055,Vincent,Los Angeles County,California,Vincent,568,156,10,17,0,19,0,19,0,19,0,19,0,19,10,17,144,107,81,95,7,14,0,19,24,37,32,31,0,19,296,112,20,23,46,38,57,49,0,19,168,95,5,7,118,113,0,19,7,11,0,19,0,19,84,108,27,41
2024,06037405701,Census Tract 4057.01,Vincent,Los Angeles County,California,Vincent,467,141,74,70,0,14,0,14,41,64,0,14,33,40,0,14,121,96,0,14,15,25,5,8,0,14,68,91,33,49,262,133,9,20,44,64,43,39,16,24,138,118,12,19,10,16,0,14,0,14,0,14,10,16,0,14,0,14
2024,06037405702,Census Tract 4057.02,Vincent,Los Angeles County,California,Vincent,450,124,24,37,0,19,24,37,0,19,0,19,0,19,0,19,87,61,23,27,28,41,0,19,36,53,0,19,0,19,293,111,109,93,68,62,25,27,0,19,80,58,11,18,46,44,13,20,0,19,0,19,0,19,33,39,0,19
2024,06037405800,Census Tract 4058,Vincent,Los Angeles County,California,Vincent,483,138,0,19,0,19,0,19,0,19,0,19,0,19,0,19,65,81,0,19,0,19,55,79,0,19,10,19,0,19,351,131,16,25,24,26,125,103,29,44,129,70,28,44,67,75,0,19,0,19,0,19,0,19,57,75,10,16
2024,06037403401,Census Tract 4034.01,Walnut,Los Angeles County,California,Walnut,329,137,0,14,0,14,0,14,0,14,0,14,0,14,0,14,9,16,0,14,9,16,0,14,0,14,0,14,0,14,285,131,14,24,31,28,34,37,38,62,117,101,51,51,35,33,0,14,0,14,0,14,0,14,10,18,25,28
2024,06037403402,Census Tract 4034.02,Walnut,Los Angeles County,California,Walnut,250,85,0,14,0,14,0,14,0,14,0,14,0,14,0,14,54,60,0,14,0,14,0,14,20,30,34,44,0,14,142,68,26,28,20,34,13,22,0,14,83,72,0,14,54,34,0,14,14,24,13,20,0,14,16,17,11,17
2024,06037403403,Census Tract 4034.03,Walnut,Los Angeles County,California,Walnut,164,74,0,19,0,19,0,19,0,19,0,19,0,19,0,19,18,27,0,19,0,19,0,19,0,19,18,27,0,19,138,68,23,32,36,43,18,21,17,29,36,28,8,13,8,12,8,12,0,19,0,19,0,19,0,19,0,19
2024,06037403404,Census Tract 4034.04,Walnut,Los Angeles County,California,Walnut,67,34,0,14,0,14,0,14,0,14,0,14,0,14,0,14,18,22,0,14,0,14,0,14,0,14,0,14,18,22,41,23,0,14,6,9,0,14,0,14,29,18,6,8,8,10,0,14,0,14,0,14,0,14,0,14,8,10
2024,06037403407,Census Tract 4034.07,Walnut,Los Angeles County,California,Walnut,63,35,0,14,0,14,0,14,0,14,0,14,0,14,0,14,9,10,0,14,0,14,0,14,0,14,4,6,5,9,53,33,11,17,0,14,0,14,0,14,36,31,6,9,1,5,0,14,0,14,0,14,0,14,0,14,1,5
2024,06037403408,Census Tract 4034.08,Walnut,Los Angeles County,California,Walnut,245,139,7,10,0,19,0,19,0,19,0,19,7,10,0,19,15,23,0,19,0,19,15,23,0,19,0,19,0,19,182,136,7,10,18,23,17,26,32,46,15,23,93,130,41,26,6,11,0,19,0,19,0,19,22,25,13,21
2024,06037403409,Census Tract 4034.09,Walnut,Los Angeles County,California,Walnut,287,85,25,26,0,14,0,14,0,14,0,14,25,26,0,14,64,57,0,14,13,21,21,36,0,14,30,39,0,14,164,71,16,21,10,12,29,32,15,23,74,50,20,19,34,33,11,18,0,14,0,14,0,14,23,29,0,14
2024,06037403500,Census Tract 4035,Walnut,Los Angeles County,California,Walnut,184,74,0,14,0,14,0,14,0,14,0,14,0,14,0,14,0,14,0,14,0,14,0,14,0,14,0,14,0,14,30,20,0,14,0,14,4,9,0,14,0,14,26,20,154,70,6,10,5,10,9,14,0,14,134,69,0,14
2024,06037534700,Census Tract 5347,Walnut Park,Los Angeles County,California,WalnutPark,295,113,9,14,9,14,0,14,0,14,0,14,0,14,0,14,49,45,21,33,0,14,0,14,0,14,23,34,5,9,151,93,39,47,0,14,5,8,7,10,100,82,0,14,86,55,0,14,0,14,24,37,0,14,46,38,16,23
2024,06037534802,Census Tract 5348.02,Walnut Park,Los Angeles County,California,WalnutPark,274,78,14,22,0,14,0,14,0,14,0,14,14,22,0,14,50,46,4,11,0,14,0,14,25,32,21,25,0,14,169,65,25,29,26,31,23,33,8,11,87,49,0,14,41,31,0,14,0,14,0,14,0,14,13,19,28,24
2024,06037534803,Census Tract 5348.03,Walnut Park,Los Angeles County,California,WalnutPark,675,138,99,68,19,28,0,14,17,28,8,12,55,58,0,14,131,89,50,50,0,14,16,27,0,14,65,60,0,14,388,133,112,79,39,44,30,27,10,27,197,114,0,14,57,49,0,14,0,14,7,14,0,14,50,46,0,14
2024,06037534804,Census Tract 5348.04,Walnut Park,Los Angeles County,California,WalnutPark,588,124,8,11,0,14,8,11,0,14,0,14,0,14,0,14,108,61,26,43,0,14,41,44,18,29,23,37,0,14,406,121,102,54,29,35,76,56,13,19,186,104,0,14,66,48,4,6,0,14,0,14,0,14,62,48,0,14
2024,06037602700,Census Tract 6027,West Athens,Los Angeles County,California,WestAthens,269,110,0,14,0,14,0,14,0,14,0,14,0,14,0,14,50,43,16,24,0,14,0,14,0,14,15,24,19,29,119,82,32,50,32,38,0,14,0,14,55,44,0,14,100,76,11,19,33,51,0,14,0,14,38,48,18,28
2024,06037602801,Census Tract 6028.01,West Athens,Los Angeles County,California,WestAthens,1017,223,10,15,0,14,0,14,0,14,0,14,10,15,0,14,267,126,0,14,0,14,65,58,0,14,202,116,0,14,575,204,40,48,58,52,13,23,132,115,291,130,41,47,165,164,0,14,0,14,103,160,0,14,62,71,0,14
2024,06037602802,Census Tract 6028.02,West Athens,Los Angeles County,California,WestAthens,184,74,0,14,0,14,0,14,0,14,0,14,0,14,0,14,81,53,10,16,37,37,0,14,0,14,34,38,0,14,103,65,0,14,32,34,0,14,0,14,71,57,0,14,0,14,0,14,0,14,0,14,0,14,0,14,0,14
2024,06037543502,Census Tract 5435.02,West Carson,Los Angeles County,California,WestCarson,483,167,7,12,0,14,0,14,0,14,0,14,7,12,0,14,83,60,0,14,0,14,0,14,7,12,70,61,6,10,351,150,116,129,11,17,19,27,55,55,84,63,66,82,42,48,0,14,0,14,0,14,4,11,38,47,0,14
2024,06037543503,Census Tract 5435.03,West Carson,Los Angeles County,California,WestCarson,812,220,11,19,11,19,0,19,0,19,0,19,0,19,0,19,297,189,69,78,19,30,27,31,0,19,132,140,50,74,352,134,75,72,78,88,55,54,10,16,121,81,13,21,152,82,32,31,19,22,11,19,52,65,25,29,13,23
2024,06037543603,Census Tract 5436.03,West Carson,Los Angeles County,California,WestCarson,265,117,0,14,0,14,0,14,0,14,0,14,0,14,0,14,0,14,0,14,0,14,0,14,0,14,0,14,0,14,38,36,0,14,0,14,10,16,14,19,0,14,14,25,227,109,42,65,0,14,0,14,0,14,144,90,41,38
2024,06037543605,Census Tract 5436.05,West Carson,Los Angeles County,California,WestCarson,362,124,0,14,0,14,0,14,0,14,0,14,0,14,0,14,141,112,0,14,0,14,0,14,7,12,97,101,37,57,184,106,30,30,25,41,27,44,0,14,90,74,12,19,37,28,13,14,0,14,0,14,0,14,19,23,5,9
2024,06037543606,Census Tract 5436.06,West Carson,Los Angeles County,California,WestCarson,491,157,0,14,0,14,0,14,0,14,0,14,0,14,0,14,117,68,31,35,41,50,9,15,6,9,30,40,0,14,282,149,0,14,53,78,46,54,0,14,157,102,26,25,92,47,0,14,0,14,10,17,0,14,82,44,0,14
2024,06037403500,Census Tract 4035,West Covina,Los Angeles County,California,WestCovina,184,74,0,14,0,14,0,14,0,14,0,14,0,14,0,14,0,14,0,14,0,14,0,14,0,14,0,14,0,14,30,20,0,14,0,14,4,9,0,14,0,14,26,20,154,70,6,10,5,10,9,14,0,14,134,69,0,14
2024,06037403601,Census Tract 4036.01,West Covina,Los Angeles County,California,WestCovina,577,297,21,38,21,38,0,19,0,19,0,19,0,19,0,19,138,110,23,39,21,45,0,19,0,19,94,97,0,19,304,260,0,19,12,20,245,257,0,19,36,53,11,19,114,99,0,19,0,19,0,19,0,19,77,91,37,43
2024,06037405301,Census Tract 4053.01,West Covina,Los Angeles County,California,WestCovina,483,106,37,42,0,14,21,33,13,22,0,14,3,7,0,14,78,68,0,14,0,14,35,55,34,48,9,15,0,14,300,101,44,38,9,14,86,80,35,33,126,87,0,14,68,44,11,13,8,14,12,21,0,14,24,21,13,22
2024,06037405302,Census Tract 4053.02,West Covina,Los Angeles County,California,WestCovina,634,140,0,19,0,19,0,19,0,19,0,19,0,19,0,19,97,58,43,46,0,19,8,14,9,13,37,44,0,19,484,146,68,58,145,103,31,49,0,19,240,101,0,19,53,36,16,20,0,19,10,15,9,14,9,14,9,14
2024,06037405400,Census Tract 4054,West Covina,Los Angeles County,California,WestCovina,284,174,0,14,0,14,0,14,0,14,0,14,0,14,0,14,91,149,0,14,0,14,91,149,0,14,0,14,0,14,168,100,18,28,26,38,43,58,13,22,68,63,0,14,25,30,0,14,10,15,0,14,0,14,15,26,0,14
2024,06037405500,Census Tract 4055,West Covina,Los Angeles County,California,WestCovina,568,156,10,17,0,19,0,19,0,19,0,19,0,19,10,17,144,107,81,95,7,14,0,19,24,37,32,31,0,19,296,112,20,23,46,38,57,49,0,19,168,95,5,7,118,113,0,19,7,11,0,19,0,19,84,108,27,41
2024,06037405600,Census Tract 4056,West Covina,Los Angeles County,California,WestCovina,517,224,0,19,0,19,0,19,0,19,0,19,0,19,0,19,94,82,9,14,38,59,0,19,0,19,47,65,0,19,234,98,102,77,26,41,13,22,61,51,32,33,0,19,189,181,5,8,0,19,6,10,7,11,171,181,0,19
2024,06037406201,Census Tract 4062.01,West Covina,Los Angeles County,California,WestCovina,965,129,101,67,0,14,0,14,26,33,0,14,75,79,0,14,212,79,43,39,16,28,74,52,52,53,27,24,0,14,276,136,0,14,32,30,34,39,20,27,154,115,36,56,376,108,10,17,6,10,54,67,67,76,221,92,18,20
2024,06037406300,Census Tract 4063,West Covina,Los Angeles County,California,WestCovina,674,145,0,19,0,19,0,19,0,19,0,19,0,19,0,19,242,128,35,54,64,88,35,40,0,19,108,76,0,19,318,94,131,71,0,19,14,23,0,19,167,83,6,12,114,74,11,17,0,19,0,19,29,46,30,29,44,51
2024,06037406413,Census Tract 4064.13,West Covina,Los Angeles County,California,WestCovina,532,164,0,19,0,19,0,19,0,19,0,19,0,19,0,19,63,90,0,19,0,19,0,19,63,90,0,19,0,19,373,139,137,96,12,16,17,21,152,118,44,53,11,15,96,72,0,19,0,19,0,19,0,19,85,71,11,13
2024,06037406500,Census Tract 4065,West Covina,Los Angeles County,California,WestCovina,836,185,20,31,0,19,0,19,0,19,0,19,20,31,0,19,87,83,0,19,0,19,71,77,16,27,0,19,0,19,697,174,165,144,47,65,45,54,0,19,440,185,0,19,32,38,0,19,0,19,19,31,0,19,0,19,13,24
2024,06037406601,Census Tract 4066.01,West Covina,Los Angeles County,California,WestCovina,293,147,0,19,0,19,0,19,0,19,0,19,0,19,0,19,98,102,9,15,0,19,10,16,0,19,79,99,0,19,169,100,28,41,54,53,8,12,11,13,68,81,0,19,26,21,0,19,0,19,0,19,0,19,10,15,16,20
2024,06037406602,Census Tract 4066.02,West Covina,Los Angeles County,California,WestCovina,358,106,0,14,0,14,0,14,0,14,0,14,0,14,0,14,50,56,0,14,32,51,12,21,6,10,0,14,0,14,223,104,51,64,78,72,0,14,9,16,85,58,0,14,85,71,18,28,0,14,0,14,0,14,27,41,40,54
2024,06037406701,Census Tract 4067.01,West Covina,Los Angeles County,California,WestCovina,307,83,37,39,0,14,19,27,0,14,18,25,0,14,0,14,121,72,27,29,0,14,0,14,0,14,94,71,0,14,142,60,27,23,11,17,12,19,12,18,80,49,0,14,7,9,0,14,0,14,0,14,0,14,4,7,3,5
2024,06037406702,Census Tract 4067.02,West Covina,Los Angeles County,California,WestCovina,1479,203,43,53,0,19,0,19,0,19,0,19,12,20,31,48,428,153,171,104,25,39,25,34,36,45,148,108,23,28,709,192,72,59,18,20,49,77,173,153,397,194,0,19,299,146,39,35,0,19,71,88,52,59,124,79,13,21
2024,06037406801,Census Tract 4068.01,West Covina,Los Angeles County,California,WestCovina,405,117,0,14,0,14,0,14,0,14,0,14,0,14,0,14,77,69,48,68,0,14,0,14,0,14,17,20,12,19,307,113,0,14,84,59,72,79,60,65,91,69,0,14,21,24,0,14,8,14,0,14,10,17,0,14,3,9
2024,06037406903,Census Tract 4069.03,West Covina,Los Angeles County,California,WestCovina,848,216,25,46,25,46,0,19,0,19,0,19,0,19,0,19,41,60,6,10,35,59,0,19,0,19,0,19,0,19,474,190,35,46,0,19,6,11,174,175,259,159,0,19,308,149,0,19,39,65,36,28,0,19,233,139,0,19
2024,06037407400,Census Tract 4074,West Covina,Los Angeles County,California,WestCovina,45,49,5,8,0,14,0,14,0,14,0,14,5,8,0,14,0,14,0,14,0,14,0,14,0,14,0,14,0,14,30,44,0,14,0,14,0,14,4,8,26,43,0,14,10,14,0,14,0,14,0,14,0,14,10,14,0,14
2024,06037407801,Census Tract 4078.01,West Covina,Los Angeles County,California,WestCovina,97,46,0,14,0,14,0,14,0,14,0,14,0,14,0,14,45,42,14,22,0,14,0,14,0,14,31,39,0,14,52,30,32,24,3,8,0,14,0,14,5,9,12,19,0,14,0,14,0,14,0,14,0,14,0,14,0,14
2024,06037407902,Census Tract 4079.02,West Covina,Los Angeles County,California,WestCovina,152,70,0,14,0,14,0,14,0,14,0,14,0,14,0,14,0,14,0,14,0,14,0,14,0,14,0,14,0,14,134,71,34,29,0,14,0,14,3,7,94,63,3,7,18,23,8,16,0,14,0,14,0,14,10,15,0,14
2024,06037408003,Census Tract 4080.03,West Covina,Los Angeles County,California,WestCovina,239,90,0,14,0,14,0,14,0,14,0,14,0,14,0,14,86,55,10,17,8,12,21,30,0,14,4,7,43,49,128,68,13,21,43,43,24,29,8,13,29,27,11,17,25,31,8,14,0,14,0,14,0,14,17,27,0,14
2024,06037408004,Census Tract 4080.04,West Covina,Los Angeles County,California,WestCovina,403,74,8,11,0,14,0,14,0,14,0,14,8,11,0,14,186,64,25,26,12,13,12,18,0,14,137,50,0,14,171,63,34,29,0,14,44,35,15,17,78,47,0,14,38,24,14,12,0,14,0,14,6,9,18,20,0,14
2024,06037408005,Census Tract 4080.05,West Covina,Los Angeles County,California,WestCovina,413,162,0,19,0,19,0,19,0,19,0,19,0,19,0,19,93,70,24,27,0,19,57,65,0,19,12,20,0,19,310,150,87,114,0,19,76,74,13,21,110,66,24,30,10,15,0,19,0,19,0,19,0,19,0,19,10,15
2024,06037408006,Census Tract 4080.06,West Covina,Los Angeles County,California,WestCovina,708,100,25,39,0,14,0,14,0,14,0,14,25,39,0,14,194,84,18,22,33,36,10,15,24,38,103,75,6,10,409,108,78,39,40,43,14,19,34,35,237,106,6,10,80,42,18,27,0,14,2,3,0,14,60,39,0,14
2024,06037408133,Census Tract 4081.33,West Covina,Los Angeles County,California,WestCovina,977,139,30,36,0,19,0,19,9,14,0,19,0,19,21,33,207,101,46,54,49,61,48,59,14,21,50,54,0,19,691,128,130,97,74,78,147,88,34,41,306,118,0,19,49,35,0,19,0,19,8,13,9,16,32,29,0,19
2024,06037408134,Census Tract 4081.34,West Covina,Los Angeles County,California,WestCovina,121,48,0,14,0,14,0,14,0,14,0,14,0,14,0,14,0,14,0,14,0,14,0,14,0,14,0,14,0,14,82,39,30,26,0,14,12,20,5,10,24,39,11,16,39,29,0,14,0,14,19,25,0,14,15,14,5,7
2024,06037408135,Census Tract 4081.35,West Covina,Los Angeles County,California,WestCovina,709,216,8,12,0,14,0,14,8,12,0,14,0,14,0,14,179,181,8,14,0,14,143,174,0,14,28,46,0,14,468,130,73,50,20,24,80,70,17,20,224,132,54,70,54,36,10,19,0,14,0,14,8,14,29,23,7,12
2024,06037408136,Census Tract 4081.36,West Covina,Los Angeles County,California,WestCovina,217,97,0,14,0,14,0,14,0,14,0,14,0,14,0,14,6,11,0,14,0,14,0,14,0,14,6,11,0,14,162,86,0,14,43,54,23,35,40,41,25,31,31,50,49,41,0,14,0,14,7,11,27,35,0,14,15,23
2024,06037408137,Census Tract 4081.37,West Covina,Los Angeles County,California,WestCovina,824,133,50,49,0,14,0,14,0,14,0,14,50,49,0,14,175,89,10,16,57,48,0,14,8,12,100,77,0,14,513,118,54,41,114,86,45,42,103,89,189,86,8,16,86,85,20,30,49,76,17,21,0,14,0,14,0,14
2024,06037408141,Census Tract 4081.41,West Covina,Los Angeles County,California,WestCovina,246,104,0,14,0,14,0,14,0,14,0,14,0,14,0,14,49,50,0,14,18,30,0,14,9,16,22,36,0,14,186,92,79,61,15,25,0,14,0,14,67,74,25,38,11,12,0,14,0,14,0,14,0,14,11,12,0,14
2024,06037700101,Census Tract 7001.01,West Hollywood,Los Angeles County,California,WestHollywood,3321,359,61,55,0,19,22,34,0,19,0,19,39,45,0,19,831,285,286,237,99,60,0,19,42,51,382,194,22,36,1873,389,723,289,115,117,322,186,142,128,495,213,76,102,556,136,81,58,157,126,107,75,51,82,160,98,0,19
2024,06037700102,Census Tract 7001.02,West Hollywood,Los Angeles County,California,WestHollywood,2371,396,199,128,18,29,0,14,0,14,85,102,96,84,0,14,661,231,17,31,133,122,145,119,38,25,270,176,58,92,862,215,333,180,0,14,171,145,62,61,296,170,0,14,649,356,64,63,137,187,185,249,0,14,194,128,69,108
2024,06037700200,Census Tract 7002,West Hollywood,Los Angeles County,California,WestHollywood,3786,619,145,151,0,19,0,19,38,61,81,129,26,44,0,19,857,279,216,131,106,163,60,69,156,81,257,193,62,74,2224,478,908,369,115,106,254,177,101,99,800,371,46,54,560,307,357,324,0,19,0,19,0,19,203,152,0,19
2024,06037700300,Census Tract 7003,West Hollywood,Los Angeles County,California,WestHollywood,2755,348,127,133,26,31,0,19,0,19,0,19,101,120,0,19,693,228,130,72,123,93,128,107,122,142,171,131,19,30,1394,272,623,201,172,142,14,24,12,21,545,244,28,33,541,162,121,80,34,39,137,144,32,37,217,103,0,19
2024,06037700400,Census Tract 7004,West Hollywood,Los Angeles County,California,WestHollywood,2428,333,22,33,0,14,0,14,0,14,0,14,22,33,0,14,640,221,114,96,217,167,69,54,26,28,214,181,0,14,1337,318,411,185,218,234,101,74,129,128,420,184,58,47,429,129,107,79,21,34,39,41,31,31,231,96,0,14
2024,06037700501,Census Tract 7005.01,West Hollywood,Los Angeles County,California,WestHollywood,1651,264,229,166,0,14,0,14,0,14,23,39,93,122,113,128,441,195,134,132,9,27,98,75,58,68,142,123,0,14,729,176,342,164,49,42,155,123,22,35,161,92,0,14,252,203,0,14,32,48,0,14,0,14,134,143,86,115
2024,06037700502,Census Tract 7005.02,West Hollywood,Los Angeles County,California,WestHollywood,2062,323,41,39,15,24,12,20,0,14,0,14,14,23,0,14,784,239,162,124,129,122,186,139,95,124,212,156,0,14,1034,236,362,147,51,47,49,38,35,40,503,205,34,39,203,112,15,25,33,39,0,14,31,39,124,106,0,14
2024,06037800324,Census Tract 8003.24,Westlake Village,Los Angeles County,California,WestlakeVillage,234,118,0,19,0,19,0,19,0,19,0,19,0,19,0,19,14,23,0,19,14,23,0,19,0,19,0,19,0,19,220,116,56,58,0,19,0,19,0,19,143,91,21,35,0,19,0,19,0,19,0,19,0,19,0,19,0,19
2024,06037800325,Census Tract 8003.25,Westlake Village,Los Angeles County,California,WestlakeVillage,288,100,0,14,0,14,0,14,0,14,0,14,0,14,0,14,33,27,9,14,8,14,0,14,8,13,8,13,0,14,217,104,23,18,0,14,53,41,35,43,98,87,8,13,38,24,12,17,8,12,0,14,0,14,18,20,0,14
2024,06037800335,Census Tract 8003.35,Westlake Village,Los Angeles County,California,WestlakeVillage,344,146,14,24,0,14,0,14,0,14,0,14,14,24,0,14,47,50,15,24,0,14,0,14,0,14,32,43,0,14,201,125,22,27,0,14,63,94,0,14,30,32,86,86,82,67,40,61,0,14,13,22,0,14,10,17,19,23
2024,06037800338,Census Tract 8003.38,Westlake Village,Los Angeles County,California,WestlakeVillage,277,166,0,19,0,19,0,19,0,19,0,19,0,19,0,19,76,61,0,19,0,19,0,19,0,19,76,61,0,19,90,95,73,88,0,19,0,19,0,19,17,28,0,19,111,122,0,19,15,23,91,119,0,19,5,8,0,19
2024,06037600100,Census Tract 6001,Westmont,Los Angeles County,California,Westmont,1649,239,50,51,38,46,0,19,0,19,0,19,12,20,0,19,238,119,36,51,0,19,0,19,39,65,163,108,0,19,1056,245,129,104,76,83,91,75,105,105,620,210,35,56,305,116,88,75,0,19,50,79,47,74,120,89,0,19
2024,06037600201,Census Tract 6002.01,Westmont,Los Angeles County,California,Westmont,878,151,11,18,0,14,11,18,0,14,0,14,0,14,0,14,115,88,0,14,0,14,30,50,0,14,85,73,0,14,579,167,121,84,133,95,18,30,0,14,307,135,0,14,173,97,50,50,39,60,22,34,0,14,52,39,10,17
2024,06037600202,Census Tract 6002.02,Westmont,Los Angeles County,California,Westmont,1717,335,0,19,0,19,0,19,0,19,0,19,0,19,0,19,193,131,141,121,0,19,0,19,0,19,52,85,0,19,1194,361,0,19,89,100,0,19,106,93,868,306,131,152,330,134,0,19,21,24,57,77,8,12,223,105,21,35
2024,06037600302,Census Tract 6003.02,Westmont,Los Angeles County,California,Westmont,404,146,18,31,0,14,0,14,0,14,0,14,18,31,0,14,119,86,17,32,16,23,0,14,0,14,86,79,0,14,217,116,9,15,11,19,58,63,14,22,106,83,19,26,50,45,31,40,0,14,11,18,0,14,8,14,0,14
2024,06037600303,Census Tract 6003.03,Westmont,Los Angeles County,California,Westmont,1119,168,27,39,0,14,0,14,0,14,0,14,27,39,0,14,301,157,32,49,118,100,0,14,0,14,151,126,0,14,594,132,135,103,78,68,10,18,31,35,317,103,23,32,197,94,26,38,0,14,8,13,0,14,163,97,0,14
2024,06037600304,Census Tract 6003.04,Westmont,Los Angeles County,California,Westmont,835,135,17,28,0,14,0,14,0,14,0,14,17,28,0,14,143,81,0,14,22,24,33,32,0,14,60,62,28,34,560,140,74,52,66,65,8,14,115,102,294,120,3,6,115,56,65,49,0,14,12,21,13,15,25,32,0,14
2024,06037600400,Census Tract 6004,Westmont,Los Angeles County,California,Westmont,803,240,0,14,0,14,0,14,0,14,0,14,0,14,0,14,119,91,0,14,0,14,42,65,0,14,77,69,0,14,447,212,0,14,48,49,28,44,62,69,296,196,13,24,237,101,24,36,5,9,0,14,100,88,86,71,22,25
2024,06037404703,Census Tract 4047.03,West Puente Valley,Los Angeles County,California,WestPuenteValley,400,69,12,18,0,14,12,18,0,14,0,14,0,14,0,14,77,38,16,17,14,17,8,13,6,10,33,25,0,14,273,69,100,57,8,14,41,36,11,18,106,45,7,11,38,25,14,15,0,14,0,14,0,14,21,22,3,6
2024,06037406903,Census Tract 4069.03,West Puente Valley,Los Angeles County,California,WestPuenteValley,848,216,25,46,25,46,0,19,0,19,0,19,0,19,0,19,41,60,6,10,35,59,0,19,0,19,0,19,0,19,474,190,35,46,0,19,6,11,174,175,259,159,0,19,308,149,0,19,39,65,36,28,0,19,233,139,0,19
2024,06037407001,Census Tract 4070.01,West Puente Valley,Los Angeles County,California,WestPuenteValley,319,100,0,19,0,19,0,19,0,19,0,19,0,19,0,19,93,79,41,48,25,43,27,42,0,19,0,19,0,19,206,97,0,19,15,24,45,69,48,49,69,68,29,47,20,19,0,19,0,19,0,19,0,19,20,19,0,19
2024,06037407002,Census Tract 4070.02,West Puente Valley,Los Angeles County,California,WestPuenteValley,69,49,0,14,0,14,0,14,0,14,0,14,0,14,0,14,1,5,0,14,1,5,0,14,0,14,0,14,0,14,63,48,26,33,16,23,0,14,0,14,21,22,0,14,5,7,0,14,0,14,0,14,0,14,0,14,5,7
2024,06037407301,Census Tract 4073.01,West Puente Valley,Los Angeles County,California,WestPuenteValley,221,85,0,14,0,14,0,14,0,14,0,14,0,14,0,14,57,51,0,14,0,14,0,14,0,14,57,51,0,14,123,73,0,14,13,19,9,14,24,34,47,55,30,31,41,45,0,14,0,14,0,14,0,14,41,45,0,14
2024,06037407302,Census Tract 4073.02,West Puente Valley,Los Angeles County,California,WestPuenteValley,212,103,0,14,0,14,0,14,0,14,0,14,0,14,0,14,37,39,0,14,0,14,0,14,21,29,16,26,0,14,155,98,43,40,0,14,3,7,63,92,22,29,24,31,20,25,0,14,0,14,0,14,0,14,6,14,14,23
2024,06037407501,Census Tract 4075.01,West Puente Valley,Los Angeles County,California,WestPuenteValley,364,92,0,14,0,14,0,14,0,14,0,14,0,14,0,14,35,34,0,14,5,7,0,14,0,14,30,34,0,14,293,101,65,47,27,25,0,14,20,33,181,100,0,14,36,36,0,14,28,37,0,14,8,12,0,14,0,14
2024,06037540800,Census Tract 5408,West Rancho Dominguez,Los Angeles County,California,WestRanchoDominguez,423,162,33,54,0,19,0,19,0,19,0,19,33,54,0,19,32,38,20,33,0,19,0,19,0,19,12,18,0,19,316,148,70,80,102,99,0,19,0,19,110,90,34,54,42,47,16,25,0,19,2,3,0,19,24,39,0,19
2024,06037540901,Census Tract 5409.01,West Rancho Dominguez,Los Angeles County,California,WestRanchoDominguez,598,172,0,19,0,19,0,19,0,19,0,19,0,19,0,19,125,97,22,35,0,19,0,19,0,19,103,94,0,19,416,152,62,72,23,38,18,21,103,82,210,111,0,19,57,65,11,18,0,19,0,19,0,19,46,64,0,19
2024,06037540902,Census Tract 5409.02,West Rancho Dominguez,Los Angeles County,California,WestRanchoDominguez,521,159,0,14,0,14,0,14,0,14,0,14,0,14,0,14,14,22,0,14,0,14,0,14,0,14,14,22,0,14,410,149,96,91,37,53,0,14,0,14,227,115,50,57,97,69,8,16,0,14,41,40,0,14,16,22,32,49
2024,06037541003,Census Tract 5410.03,West Rancho Dominguez,Los Angeles County,California,WestRanchoDominguez,337,124,14,37,0,14,0,14,0,14,0,14,14,37,0,14,21,36,21,36,0,14,0,14,0,14,0,14,0,14,230,104,20,26,0,14,31,49,17,19,150,101,12,19,72,73,63,71,0,14,0,14,9,14,0,14,0,14
2024,06037541100,Census Tract 5411,West Rancho Dominguez,Los Angeles County,California,WestRanchoDominguez,337,102,4,6,4,6,0,14,0,14,0,14,0,14,0,14,33,40,0,14,0,14,0,14,0,14,33,40,0,14,254,101,11,18,52,54,67,76,8,12,116,81,0,14,46,40,0,14,0,14,5,7,0,14,32,38,9,15
2024,06037541200,Census Tract 5412,West Rancho Dominguez,Los Angeles County,California,WestRanchoDominguez,558,185,22,36,0,19,0,19,0,19,0,19,22,36,0,19,48,64,0,19,48,64,0,19,0,19,0,19,0,19,296,143,21,31,47,63,35,55,9,14,99,96,85,94,192,95,10,16,34,51,44,45,8,13,86,66,10,20
2024,06037543000,Census Tract 5430,West Rancho Dominguez,Los Angeles County,California,WestRanchoDominguez,382,126,36,56,0,14,0,14,0,14,0,14,36,56,0,14,148,104,0,14,0,14,0,14,0,14,134,102,14,22,160,99,50,62,0,14,0,14,14,22,96,84,0,14,38,56,0,14,0,14,3,4,35,56,0,14,0,14
2024,06037501001,Census Tract 5010.01,West Whittier-Los Nietos,Los Angeles County,California,WestWhittier-LosNietos,174,77,15,24,0,14,0,14,0,14,15,24,0,14,0,14,50,46,20,32,0,14,0,14,14,23,16,23,0,14,102,67,6,10,21,34,17,27,53,51,5,7,0,14,7,10,0,14,0,14,0,14,0,14,7,10,0,14
2024,06037501002,Census Tract 5010.02,West Whittier-Los Nietos,Los Angeles County,California,WestWhittier-LosNietos,158,71,0,14,0,14,0,14,0,14,0,14,0,14,0,14,13,21,13,21,0,14,0,14,0,14,0,14,0,14,84,56,0,14,0,14,0,14,27,36,47,42,10,16,61,47,4,8,11,16,0,14,0,14,37,43,9,15
2024,06037501200,Census Tract 5012,West Whittier-Los Nietos,Los Angeles County,California,WestWhittier-LosNietos,418,112,0,19,0,19,0,19,0,19,0,19,0,19,0,19,84,66,53,59,0,19,0,19,0,19,31,41,0,19,315,105,48,54,38,39,33,30,78,61,118,68,0,19,19,20,0,19,0,19,0,19,0,19,11,16,8,13
2024,06037502100,Census Tract 5021,West Whittier-Los Nietos,Los Angeles County,California,WestWhittier-LosNietos,485,180,0,19,0,19,0,19,0,19,0,19,0,19,0,19,54,68,11,16,43,66,0,19,0,19,0,19,0,19,267,139,56,66,44,50,0,19,19,30,64,60,84,118,164,89,0,19,8,14,12,19,45,56,99,73,0,19
2024,06037502200,Census Tract 5022,West Whittier-Los Nietos,Los Angeles County,California,WestWhittier-LosNietos,626,192,29,44,0,19,29,44,0,19,0,19,0,19,0,19,263,165,43,46,140,148,18,25,0,19,23,27,39,58,273,112,38,44,9,14,126,87,62,64,38,31,0,19,61,61,8,12,0,19,0,19,0,19,53,60,0,19
2024,06037502303,Census Tract 5023.03,West Whittier-Los Nietos,Los Angeles County,California,WestWhittier-LosNietos,760,191,37,57,0,19,0,19,0,19,0,19,37,57,0,19,187,122,70,77,0,19,0,19,58,69,52,75,7,13,431,180,20,32,61,76,0,19,12,16,338,167,0,19,105,77,30,38,0,19,0,19,33,50,27,44,15,23
2024,06037500202,Census Tract 5002.02,Whittier,Los Angeles County,California,Whittier,207,151,31,52,0,14,0,14,0,14,0,14,31,52,0,14,27,44,0,14,0,14,0,14,27,44,0,14,0,14,64,73,0,14,0,14,44,68,5,11,15,27,0,14,85,94,0,14,0,14,0,14,0,14,9,15,76,95
2024,06037500203,Census Tract 5002.03,Whittier,Los Angeles County,California,Whittier,128,78,0,14,0,14,0,14,0,14,0,14,0,14,0,14,0,14,0,14,0,14,0,14,0,14,0,14,0,14,120,77,0,14,0,14,39,62,63,61,18,29,0,14,8,15,0,14,0,14,0,14,0,14,8,15,0,14
2024,06037501001,Census Tract 5010.01,Whittier,Los Angeles County,California,Whittier,174,77,15,24,0,14,0,14,0,14,15,24,0,14,0,14,50,46,20,32,0,14,0,14,14,23,16,23,0,14,102,67,6,10,21,34,17,27,53,51,5,7,0,14,7,10,0,14,0,14,0,14,0,14,7,10,0,14
2024,06037501002,Census Tract 5010.02,Whittier,Los Angeles County,California,Whittier,158,71,0,14,0,14,0,14,0,14,0,14,0,14,0,14,13,21,13,21,0,14,0,14,0,14,0,14,0,14,84,56,0,14,0,14,0,14,27,36,47,42,10,16,61,47,4,8,11,16,0,14,0,14,37,43,9,15
2024,06037501200,Census Tract 5012,Whittier,Los Angeles County,California,Whittier,418,112,0,19,0,19,0,19,0,19,0,19,0,19,0,19,84,66,53,59,0,19,0,19,0,19,31,41,0,19,315,105,48,54,38,39,33,30,78,61,118,68,0,19,19,20,0,19,0,19,0,19,0,19,11,16,8,13
2024,06037501301,Census Tract 5013.01,Whittier,Los Angeles County,California,Whittier,218,103,0,14,0,14,0,14,0,14,0,14,0,14,0,14,25,32,8,14,10,19,0,14,0,14,7,17,0,14,153,93,47,71,0,14,8,13,0,14,98,62,0,14,40,47,0,14,0,14,40,47,0,14,0,14,0,14
2024,06037501302,Census Tract 5013.02,Whittier,Los Angeles County,California,Whittier,855,248,0,14,0,14,0,14,0,14,0,14,0,14,0,14,187,111,0,14,15,27,17,26,45,75,110,97,0,14,519,234,53,56,224,182,20,22,103,83,108,86,11,17,149,133,25,27,0,14,30,52,0,14,94,146,0,14
2024,06037501400,Census Tract 5014,Whittier,Los Angeles County,California,Whittier,584,167,93,117,0,14,0,14,0,14,0,14,93,117,0,14,125,85,34,40,0,14,25,40,11,19,55,63,0,14,252,112,86,63,0,14,36,44,58,60,72,54,0,14,114,68,0,14,11,18,39,48,0,14,64,62,0,14
2024,06037501501,Census Tract 5015.01,Whittier,Los Angeles County,California,Whittier,152,77,0,14,0,14,0,14,0,14,0,14,0,14,0,14,6,9,0,14,0,14,6,9,0,14,0,14,0,14,140,78,36,25,12,16,27,43,12,18,53,52,0,14,6,9,0,14,0,14,0,14,6,9,0,14,0,14
2024,06037501503,Census Tract 5015.03,Whittier,Los Angeles County,California,Whittier,1488,196,50,61,0,19,50,61,0,19,0,19,0,19,0,19,423,169,58,48,58,77,102,97,57,68,148,97,0,19,953,231,356,184,111,83,82,84,50,46,336,175,18,31,62,53,0,19,19,23,0,19,0,19,43,48,0,19
2024,06037501504,Census Tract 5015.04,Whittier,Los Angeles County,California,Whittier,1313,168,23,26,0,14,10,15,0,14,0,14,13,22,0,14,126,85,40,44,12,18,0,14,10,17,64,72,0,14,633,157,150,99,27,31,65,64,57,95,334,120,0,14,531,141,72,54,13,20,84,66,54,58,308,111,0,14
2024,06037501600,Census Tract 5016,Whittier,Los Angeles County,California,Whittier,978,256,118,108,0,19,0,19,0,19,0,19,79,91,39,61,149,115,17,33,20,36,0,19,0,19,112,103,0,19,579,216,108,83,0,19,75,83,15,25,381,211,0,19,132,121,27,44,39,45,66,104,0,19,0,19,0,19
2024,06037501700,Census Tract 5017,Whittier,Los Angeles County,California,Whittier,581,156,33,40,23,37,0,14,0,14,0,14,10,15,0,14,142,116,0,14,0,14,23,37,31,51,58,87,30,49,320,120,120,78,40,45,15,24,21,34,113,95,11,17,86,91,0,14,0,14,0,14,0,14,38,46,48,77
2024,06037501802,Census Tract 5018.02,Whittier,Los Angeles County,California,Whittier,614,94,0,14,0,14,0,14,0,14,0,14,0,14,0,14,131,72,49,50,13,19,22,23,29,26,18,25,0,14,365,103,64,67,32,37,41,37,33,49,195,90,0,14,118,63,0,14,7,12,27,42,10,16,74,50,0,14
2024,06037501803,Census Tract 5018.03,Whittier,Los Angeles County,California,Whittier,1135,165,12,19,0,14,0,14,0,14,0,14,0,14,12,19,239,117,8,14,48,58,31,40,40,47,101,78,11,18,791,159,37,40,20,23,158,91,122,78,399,117,55,59,93,61,0,14,0,14,0,14,4,22,89,59,0,14
2024,06037501804,Census Tract 5018.04,Whittier,Los Angeles County,California,Whittier,599,104,35,28,0,14,0,14,0,14,0,14,24,26,11,15,133,67,22,22,17,17,0,14,29,32,65,49,0,14,279,87,25,20,29,27,35,31,48,54,134,46,8,13,152,68,10,11,13,15,0,14,19,20,95,64,15,23
2024,06037501900,Census Tract 5019,Whittier,Los Angeles County,California,Whittier,250,120,0,14,0,14,0,14,0,14,0,14,0,14,0,14,15,23,0,14,0,14,0,14,0,14,15,23,0,14,229,122,77,96,47,67,26,41,25,42,54,43,0,14,6,10,0,14,0,14,0,14,0,14,6,10,0,14
2024,06037502003,Census Tract 5020.03,Whittier,Los Angeles County,California,Whittier,272,75,22,30,0,14,0,14,0,14,0,14,22,30,0,14,26,27,8,11,0,14,0,14,0,14,18,25,0,14,180,61,27,27,0,14,8,14,4,6,136,56,5,8,44,32,3,5,0,14,0,14,0,14,41,32,0,14
2024,06037502004,Census Tract 5020.04,Whittier,Los Angeles County,California,Whittier,388,139,0,14,0,14,0,14,0,14,0,14,0,14,0,14,36,25,6,11,0,14,0,14,0,14,30,26,0,14,226,86,86,56,31,38,26,29,28,31,55,36,0,14,126,100,0,14,0,14,0,14,18,26,108,96,0,14
2024,06037502005,Census Tract 5020.05,Whittier,Los Angeles County,California,Whittier,393,132,39,59,0,14,0,14,0,14,39,59,0,14,0,14,29,33,0,14,13,22,9,18,0,14,0,14,7,12,314,122,5,13,49,46,53,57,31,38,152,100,24,27,11,15,6,11,0,14,0,14,0,14,5,9,0,14
2024,06037502100,Census Tract 5021,Whittier,Los Angeles County,California,Whittier,485,180,0,19,0,19,0,19,0,19,0,19,0,19,0,19,54,68,11,16,43,66,0,19,0,19,0,19,0,19,267,139,56,66,44,50,0,19,19,30,64,60,84,118,164,89,0,19,8,14,12,19,45,56,99,73,0,19
2024,06037503301,Census Tract 5033.01,Whittier,Los Angeles County,California,Whittier,124,77,0,14,0,14,0,14,0,14,0,14,0,14,0,14,0,14,0,14,0,14,0,14,0,14,0,14,0,14,124,77,31,44,0,14,20,27,49,51,24,28,0,14,0,14,0,14,0,14,0,14,0,14,0,14,0,14
2024,06037503401,Census Tract 5034.01,Whittier,Los Angeles County,California,Whittier,716,208,63,97,0,19,0,19,63,97,0,19,0,19,0,19,131,115,0,19,30,49,14,27,0,19,87,90,0,19,415,209,194,153,0,19,0,19,70,63,151,109,0,19,107,63,0,19,13,22,18,30,21,33,45,58,10,18
2024,06037503402,Census Tract 5034.02,Whittier,Los Angeles County,California,Whittier,362,117,22,36,0,14,0,14,0,14,0,14,22,36,0,14,58,72,0,14,0,14,0,14,0,14,58,72,0,14,249,110,93,87,34,47,49,52,0,14,73,58,0,14,33,31,0,14,0,14,0,14,23,27,10,16,0,14
2024,06037503501,Census Tract 5035.01,Whittier,Los Angeles County,California,Whittier,842,199,0,19,0,19,0,19,0,19,0,19,0,19,0,19,283,127,47,61,12,18,140,116,58,57,14,16,12,19,490,188,96,69,68,79,46,41,57,47,223,144,0,19,69,93,0,19,0,19,0,19,57,91,12,20,0,19
2024,06037503502,Census Tract 5035.02,Whittier,Los Angeles County,California,Whittier,276,84,0,14,0,14,0,14,0,14,0,14,0,14,0,14,31,42,0,14,0,14,0,14,0,14,31,42,0,14,170,74,52,49,50,58,0,14,27,27,28,33,13,21,75,66,0,14,0,14,0,14,0,14,75,66,0,14
2024,06037504200,Census Tract 5042,Whittier,Los Angeles County,California,Whittier,1664,193,13,20,13,20,0,19,0,19,0,19,0,19,0,19,241,120,58,59,10,14,36,41,20,31,117,106,0,19,749,192,73,91,125,123,46,39,112,83,393,130,0,19,661,181,50,45,36,37,55,53,144,105,287,145,89,71
2024,06037980036,Census Tract 9800.36,Whittier,Los Angeles County,California,Whittier,23,21,0,14,0,14,0,14,0,14,0,14,0,14,0,14,5,7,5,7,0,14,0,14,0,14,0,14,0,14,12,17,0,14,0,14,0,14,0,14,0,14,12,17,6,8,0,14,0,14,0,14,0,14,6,8,0,14
2024,06037540400,Census Tract 5404,Willowbrook,Los Angeles County,California,Willowbrook,216,103,19,32,0,14,19,32,0,14,0,14,0,14,0,14,67,55,17,23,0,14,26,35,24,37,0,14,0,14,130,89,22,21,0,14,15,24,18,21,75,83,0,14,0,14,0,14,0,14,0,14,0,14,0,14,0,14
2024,06037540600,Census Tract 5406,Willowbrook,Los Angeles County,California,Willowbrook,739,200,0,14,0,14,0,14,0,14,0,14,0,14,0,14,86,141,0,14,0,14,0,14,86,141,0,14,0,14,378,150,47,55,48,47,57,74,0,14,131,111,95,92,275,111,0,14,11,18,10,16,29,42,225,114,0,14
2024,06037540700,Census Tract 5407,Willowbrook,Los Angeles County,California,Willowbrook,583,117,18,22,0,14,0,14,10,19,0,14,8,11,0,14,78,52,7,12,0,14,0,14,0,14,61,48,10,15,346,119,207,114,19,24,31,35,10,20,69,57,10,17,141,71,0,14,15,22,30,39,7,10,89,51,0,14
2024,06037540800,Census Tract 5408,Willowbrook,Los Angeles County,California,Willowbrook,423,162,33,54,0,19,0,19,0,19,0,19,33,54,0,19,32,38,20,33,0,19,0,19,0,19,12,18,0,19,316,148,70,80,102,99,0,19,0,19,110,90,34,54,42,47,16,25,0,19,2,3,0,19,24,39,0,19
2024,06037541300,Census Tract 5413,Willowbrook,Los Angeles County,California,Willowbrook,298,123,0,19,0,19,0,19,0,19,0,19,0,19,0,19,67,59,0,19,0,19,0,19,8,15,47,53,12,18,231,107,10,14,0,19,58,65,31,49,123,79,9,17,0,19,0,19,0,19,0,19,0,19,0,19,0,19
2024,06037541401,Census Tract 5414.01,Willowbrook,Los Angeles County,California,Willowbrook,699,161,7,12,7,12,0,14,0,14,0,14,0,14,0,14,289,95,7,13,16,25,19,27,67,78,180,80,0,14,316,154,58,42,11,17,30,37,42,47,175,126,0,14,87,57,20,32,7,10,17,20,0,14,36,44,7,11
2024,06037541402,Census Tract 5414.02,Willowbrook,Los Angeles County,California,Willowbrook,306,123,0,14,0,14,0,14,0,14,0,14,0,14,0,14,0,14,0,14,0,14,0,14,0,14,0,14,0,14,280,125,38,45,55,67,0,14,82,97,105,57,0,14,26,29,0,14,0,14,0,14,0,14,0,14,26,29
2024,06037541500,Census Tract 5415,Willowbrook,Los Angeles County,California,Willowbrook,784,199,0,19,0,19,0,19,0,19,0,19,0,19,0,19,216,140,11,19,59,96,0,19,0,19,111,93,35,51,497,153,156,88,27,43,74,59,29,34,211,99,0,19,71,60,11,18,22,38,0,19,0,19,26,42,12,21
