YEAR,GEO_ID,TRACT,CITY,COUNTY,STATE,ABBREV_NAME,B25070_001E,B25070_001M,B25070_002E,B25070_002M,B25070_003E,B25070_003M,B25070_004E,B25070_004M,B25070_005E,B25070_005M,B25070_006E,B25070_006M,B25070_007E,B25070_007M,B25070_008E,B25070_008M,B25070_009E,B25070_009M,B25070_010E,B25070_010M,B25070_011E,B25070_011M
2024,06037910213,Census Tract 9102.13,Acton,Los Angeles County,California,Acton,134,101,52,84,0,14,22,24,0,14,25,42,0,14,0,14,29,27,6,9,0,14
2024,06037910804,Census Tract 9108.04,Acton,Los Angeles County,California,Acton,44,40,0,14,18,29,0,14,0,14,0,14,0,14,0,14,0,14,11,17,15,21
2024,06037910814,Census Tract 9108.14,Acton,Los Angeles County,California,Acton,100,65,0,14,39,35,0,14,23,38,0,14,0,14,0,14,0,14,28,31,10,17
2024,06037910815,Census Tract 9108.15,Acton,Los Angeles County,California,Acton,293,132,0,19,6,11,34,53,10,15,0,19,0,19,12,21,48,74,50,70,133,105
2024,06037800324,Census Tract 8003.24,Agoura Hills,Los Angeles County,California,AgouraHills,234,118,14,23,0,19,42,52,14,23,0,19,0,19,24,37,24,36,95,80,21,35
2024,06037800328,Census Tract 8003.28,Agoura Hills,Los Angeles County,California,AgouraHills,76,38,0,14,28,25,5,8,0,14,0,14,0,14,0,14,0,14,36,28,7,11
2024,06037800333,Census Tract 8003.33,Agoura Hills,Los Angeles County,California,AgouraHills,617,138,11,17,73,57,41,42,41,42,65,72,39,55,44,35,25,33,239,106,39,47
2024,06037800334,Census Tract 8003.34,Agoura Hills,Los Angeles County,California,AgouraHills,110,79,0,14,7,12,11,19,10,28,0,14,8,30,0,14,29,34,45,48,0,14
2024,06037800335,Census Tract 8003.35,Agoura Hills,Los Angeles County,California,AgouraHills,344,146,40,61,22,27,15,24,0,14,76,95,0,14,0,14,31,36,55,49,105,84
2024,06037800336,Census Tract 8003.36,Agoura Hills,Los Angeles County,California,AgouraHills,111,57,0,14,27,30,14,21,33,35,0,14,14,22,0,14,0,14,12,18,11,17
2024,06037800338,Census Tract 8003.38,Agoura Hills,Los Angeles County,California,AgouraHills,277,166,0,19,56,81,17,23,15,23,91,119,0,19,17,28,51,53,30,39,0,19
2024,06037910808,Census Tract 9108.08,Agua Dulce,Los Angeles County,California,AguaDulce,25,24,0,14,17,19,0,14,0,14,0,14,0,14,8,14,0,14,0,14,0,14
2024,06037910810,Census Tract 9108.10,Agua Dulce,Los Angeles County,California,AguaDulce,57,55,0,14,0,14,0,14,0,14,0,14,0,14,0,14,0,14,57,55,0,14
2024,06037910814,Census Tract 9108.14,Agua Dulce,Los Angeles County,California,AguaDulce,100,65,0,14,39,35,0,14,23,38,0,14,0,14,0,14,0,14,28,31,10,17
2024,06037480302,Census Tract 4803.02,Alhambra,Los Angeles County,California,Alhambra,932,152,46,45,72,52,122,91,79,58,164,83,49,43,53,43,115,64,208,82,24,20
2024,06037480303,Census Tract 4803.03,Alhambra,Los Angeles County,California,Alhambra,1344,149,3,5,149,92,69,47,250,127,222,139,104,73,140,92,22,25,315,114,70,52
2024,06037480304,Census Tract 4803.04,Alhambra,Los Angeles County,California,Alhambra,1395,178,20,21,41,35,91,51,267,117,178,85,170,91,52,35,213,97,350,110,13,20
2024,06037480400,Census Tract 4804,Alhambra,Los Angeles County,California,Alhambra,1282,241,0,19,78,66,140,109,187,139,104,94,295,150,0,19,177,124,301,157,0,19
2024,06037480802,Census Tract 4808.02,Alhambra,Los Angeles County,California,Alhambra,344,119,0,14,0,14,54,49,37,41,45,45,11,18,9,14,11,18,144,101,33,30
2024,06037480803,Census Tract 4808.03,Alhambra,Los Angeles County,California,Alhambra,366,114,0,14,43,67,41,34,35,32,114,71,24,25,24,22,13,19,72,49,0,14
2024,06037480804,Census Tract 4808.04,Alhambra,Los Angeles County,California,Alhambra,1279,233,7,11,221,130,122,74,147,82,156,82,107,80,62,53,126,69,285,110,46,43
2024,06037480901,Census Tract 4809.01,Alhambra,Los Angeles County,California,Alhambra,1260,178,70,54,103,80,110,69,124,73,130,104,77,64,57,51,132,71,336,133,121,91
2024,06037480902,Census Tract 4809.02,Alhambra,Los Angeles County,California,Alhambra,1163,242,8,13,38,32,214,107,94,64,59,34,93,63,45,49,111,75,406,223,95,88
2024,06037480903,Census Tract 4809.03,Alhambra,Los Angeles County,California,Alhambra,577,209,0,14,122,154,113,72,26,30,26,30,0,14,8,13,26,24,207,121,49,52
2024,06037481001,Census Tract 4810.01,Alhambra,Los Angeles County,California,Alhambra,1183,172,61,92,39,32,41,30,72,62,204,89,137,113,186,115,68,48,304,102,71,56
2024,06037481002,Census Tract 4810.02,Alhambra,Los Angeles County,California,Alhambra,1435,240,21,34,88,66,249,129,176,119,117,100,249,146,132,111,110,82,242,115,51,53
2024,06037481500,Census Tract 4815,Alhambra,Los Angeles County,California,Alhambra,528,194,0,14,36,38,72,64,30,30,55,42,70,79,8,14,27,32,176,159,54,42
2024,06037481603,Census Tract 4816.03,Alhambra,Los Angeles County,California,Alhambra,715,128,25,32,113,69,59,47,112,66,98,59,56,47,24,26,83,51,116,71,29,30
2024,06037481604,Census Tract 4816.04,Alhambra,Los Angeles County,California,Alhambra,890,173,38,58,40,34,93,75,90,62,139,110,123,64,48,37,59,47,260,97,0,14
2024,06037481605,Census Tract 4816.05,Alhambra,Los Angeles County,California,Alhambra,584,119,37,57,73,55,50,47,180,107,47,43,0,14,18,23,64,63,103,65,12,15
2024,06037481606,Census Tract 4816.06,Alhambra,Los Angeles County,California,Alhambra,1285,157,9,14,82,78,220,103,63,40,176,108,88,70,110,67,113,67,350,122,74,50
2024,06037481800,Census Tract 4818,Alhambra,Los Angeles County,California,Alhambra,179,57,7,10,27,23,7,10,24,23,8,11,20,21,0,14,29,34,14,16,43,32
2024,06037481901,Census Tract 4819.01,Alhambra,Los Angeles County,California,Alhambra,668,196,0,19,79,69,100,74,94,59,22,20,59,38,15,25,42,39,232,151,25,26
2024,06037481902,Census Tract 4819.02,Alhambra,Los Angeles County,California,Alhambra,526,102,9,14,8,14,36,40,88,68,17,20,53,47,53,50,15,23,121,67,126,67
2024,06037603702,Census Tract 6037.02,Alondra Park,Los Angeles County,California,AlondraPark,291,104,11,18,37,55,19,30,69,75,12,17,6,11,20,29,0,19,109,77,8,15
2024,06037603706,Census Tract 6037.06,Alondra Park,Los Angeles County,California,AlondraPark,985,88,0,14,5,9,76,54,117,80,149,85,162,97,221,109,124,86,131,78,0,14
2024,06037460101,Census Tract 4601.01,Altadena,Los Angeles County,California,Altadena,151,75,0,19,17,28,0,19,0,19,31,29,13,22,29,34,0,19,53,50,8,20
2024,06037460200,Census Tract 4602,Altadena,Los Angeles County,California,Altadena,439,140,0,19,14,24,37,42,14,26,61,68,13,25,0,19,131,101,169,114,0,19
2024,06037460301,Census Tract 4603.01,Altadena,Los Angeles County,California,Altadena,196,93,0,14,11,18,22,26,68,71,0,14,0,14,32,40,12,18,39,32,12,18
2024,06037460302,Census Tract 4603.02,Altadena,Los Angeles County,California,Altadena,332,180,15,22,18,24,23,27,35,52,16,19,33,37,10,16,0,14,80,59,102,157
2024,06037460401,Census Tract 4604.01,Altadena,Los Angeles County,California,Altadena,138,48,0,14,6,8,35,30,0,14,9,10,28,30,19,31,31,33,10,11,0,14
2024,06037461000,Census Tract 4610,Altadena,Los Angeles County,California,Altadena,441,113,0,19,27,43,20,26,46,39,55,57,81,59,20,32,116,71,60,47,16,31
2024,06037461100,Census Tract 4611,Altadena,Los Angeles County,California,Altadena,592,118,0,19,0,19,24,23,30,29,30,32,33,40,9,15,75,65,288,93,103,89
2024,06037461200,Census Tract 4612,Altadena,Los Angeles County,California,Altadena,232,95,0,14,18,20,34,43,11,18,15,16,8,12,45,58,36,46,39,26,26,24
2024,06037461300,Census Tract 4613,Altadena,Los Angeles County,California,Altadena,900,291,0,19,60,67,191,178,8,13,152,106,44,61,54,85,70,79,247,137,74,86
2024,06037462500,Census Tract 4625,Altadena,Los Angeles County,California,Altadena,726,221,20,33,22,36,144,105,22,36,102,80,50,61,183,168,39,44,118,98,26,41
2024,06037430400,Census Tract 4304,Arcadia,Los Angeles County,California,Arcadia,194,80,0,14,40,36,11,17,34,29,39,47,0,14,0,14,10,16,60,49,0,14
2024,06037430600,Census Tract 4306,Arcadia,Los Angeles County,California,Arcadia,145,80,0,14,0,14,75,57,8,15,0,14,0,14,0,14,0,14,5,8,57,65
2024,06037430701,Census Tract 4307.01,Arcadia,Los Angeles County,California,Arcadia,737,162,13,20,39,25,45,42,72,44,115,87,57,50,90,86,11,17,235,102,60,55
2024,06037430721,Census Tract 4307.21,Arcadia,Los Angeles County,California,Arcadia,661,139,39,35,40,33,62,64,35,28,40,61,82,71,78,78,69,66,181,102,35,33
2024,06037430723,Census Tract 4307.23,Arcadia,Los Angeles County,California,Arcadia,1166,197,0,14,69,56,146,125,123,73,19,22,155,87,45,46,243,115,266,85,100,81
2024,06037430724,Census Tract 4307.24,Arcadia,Los Angeles County,California,Arcadia,1527,231,0,19,213,174,297,122,201,109,115,63,69,40,62,44,100,76,389,136,81,76
2024,06037430801,Census Tract 4308.01,Arcadia,Los Angeles County,California,Arcadia,1302,342,0,19,103,145,213,150,119,90,182,119,12,19,188,239,85,97,374,202,26,29
2024,06037430802,Census Tract 4308.02,Arcadia,Los Angeles County,California,Arcadia,291,95,9,15,62,49,23,23,9,16,13,19,8,13,32,38,49,39,72,53,14,18
2024,06037430803,Census Tract 4308.03,Arcadia,Los Angeles County,California,Arcadia,595,163,0,19,7,14,32,31,50,46,46,49,100,71,62,98,21,24,156,99,121,72
2024,06037431300,Census Tract 4313,Arcadia,Los Angeles County,California,Arcadia,377,111,16,20,7,10,68,78,31,30,49,36,58,52,20,34,6,9,99,54,23,23
2024,06037431400,Census Tract 4314,Arcadia,Los Angeles County,California,Arcadia,352,147,0,14,17,26,0,14,50,48,98,98,29,28,0,14,42,39,116,99,0,14
2024,06037431502,Census Tract 4315.02,Arcadia,Los Angeles County,California,Arcadia,553,122,17,23,60,51,26,30,12,16,83,61,0,14,48,57,70,60,203,93,34,25
2024,06037431600,Census Tract 4316,Arcadia,Los Angeles County,California,Arcadia,366,139,0,14,30,33,48,44,6,10,19,30,22,26,35,49,75,97,118,57,13,19
2024,06037431701,Census Tract 4317.01,Arcadia,Los Angeles County,California,Arcadia,674,193,45,63,29,50,72,85,18,42,0,19,140,135,92,71,69,72,182,142,27,28
2024,06037431800,Census Tract 4318,Arcadia,Los Angeles County,California,Arcadia,745,160,0,19,64,60,78,85,33,33,53,40,65,75,90,56,97,72,197,95,68,55
2024,06037432502,Census Tract 4325.02,Arcadia,Los Angeles County,California,Arcadia,294,113,25,35,0,14,25,23,62,59,62,73,33,36,17,22,13,20,29,29,28,28
2024,06037554801,Census Tract 5548.01,Artesia,Los Angeles County,California,Artesia,252,75,44,35,48,42,39,42,2,11,21,24,0,14,5,8,24,26,56,50,13,20
2024,06037554802,Census Tract 5548.02,Artesia,Los Angeles County,California,Artesia,829,183,57,63,77,67,52,39,117,90,110,90,79,69,99,67,22,25,169,92,47,44
2024,06037554900,Census Tract 5549,Artesia,Los Angeles County,California,Artesia,1197,240,0,19,132,72,102,137,231,188,120,93,167,95,93,112,37,52,315,136,0,19
2024,06037599000,Census Tract 5990,Avalon,Los Angeles County,California,Avalon,602,230,0,14,0,14,147,131,41,68,43,71,202,155,0,14,127,117,0,14,42,68
2024,06037599100,Census Tract 5991,Avalon,Los Angeles County,California,Avalon,66,54,0,14,0,14,12,21,16,25,0,14,38,58,0,14,0,14,0,14,0,14
2024,06037408301,Census Tract 4083.01,Avocado Heights,Los Angeles County,California,AvocadoHeights,453,142,0,19,55,54,10,15,71,68,27,29,23,27,22,37,62,58,150,83,33,52
2024,06037408302,Census Tract 4083.02,Avocado Heights,Los Angeles County,California,AvocadoHeights,307,127,0,14,0,14,31,45,28,41,29,32,24,39,0,14,14,17,101,84,80,81
2024,06037408303,Census Tract 4083.03,Avocado Heights,Los Angeles County,California,AvocadoHeights,81,47,0,14,29,35,0,14,0,14,0,14,0,14,0,14,0,14,52,44,0,14
2024,06037980035,Census Tract 9800.35,Avocado Heights,Los Angeles County,California,AvocadoHeights,125,50,19,19,14,18,7,11,24,23,0,14,32,28,4,6,13,16,12,16,0,14
2024,06037400602,Census Tract 4006.02,Azusa,Los Angeles County,California,Azusa,774,165,13,21,57,52,84,66,88,71,112,82,122,98,32,36,51,61,186,80,29,35
2024,06037400603,Census Tract 4006.03,Azusa,Los Angeles County,California,Azusa,497,196,0,14,55,72,7,12,181,112,17,26,45,55,0,14,20,26,117,113,55,58
2024,06037400605,Census Tract 4006.05,Azusa,Los Angeles County,California,Azusa,493,128,6,9,18,19,41,45,68,74,28,44,57,76,15,24,56,49,165,86,39,38
2024,06037400801,Census Tract 4008.01,Azusa,Los Angeles County,California,Azusa,542,140,0,19,32,51,22,28,165,130,13,20,58,62,10,19,49,55,142,91,51,54
2024,06037404000,Census Tract 4040,Azusa,Los Angeles County,California,Azusa,517,86,18,22,9,15,24,29,131,68,100,54,84,60,72,45,7,10,72,61,0,14
2024,06037404100,Census Tract 4041,Azusa,Los Angeles County,California,Azusa,424,158,0,19,0,19,51,52,36,52,0,19,76,59,74,71,140,119,37,37,10,16
2024,06037404201,Census Tract 4042.01,Azusa,Los Angeles County,California,Azusa,534,126,0,14,0,14,11,18,27,25,137,100,105,81,13,20,138,104,103,66,0,14
2024,06037404203,Census Tract 4042.03,Azusa,Los Angeles County,California,Azusa,496,97,19,30,40,38,73,43,30,24,5,8,54,40,39,41,81,63,133,63,22,19
2024,06037404301,Census Tract 4043.01,Azusa,Los Angeles County,California,Azusa,1192,202,9,10,44,57,238,161,161,92,147,94,150,84,92,70,63,60,285,107,3,5
2024,06037404302,Census Tract 4043.02,Azusa,Los Angeles County,California,Azusa,225,65,8,12,3,5,48,52,36,37,4,6,0,14,3,6,32,31,91,58,0,14
2024,06037404401,Census Tract 4044.01,Azusa,Los Angeles County,California,Azusa,520,124,0,14,63,65,47,46,62,50,120,103,42,47,69,61,54,43,39,38,24,36
2024,06037404402,Census Tract 4044.02,Azusa,Los Angeles County,California,Azusa,421,125,53,61,0,14,48,42,43,33,42,40,11,18,45,44,72,66,71,73,36,41
2024,06037404501,Census Tract 4045.01,Azusa,Los Angeles County,California,Azusa,358,88,16,25,21,21,0,14,6,16,40,37,59,67,30,32,59,38,115,54,12,17
2024,06037404503,Census Tract 4045.03,Azusa,Los Angeles County,California,Azusa,172,62,17,19,8,12,42,34,0,14,31,25,13,14,17,22,0,14,44,28,0,14
2024,06037404504,Census Tract 4045.04,Azusa,Los Angeles County,California,Azusa,999,216,0,14,50,44,12,18,168,90,335,188,73,57,11,17,116,140,218,115,16,27
2024,06037404701,Census Tract 4047.01,Baldwin Park,Los Angeles County,California,BaldwinPark,534,158,34,35,29,38,62,75,45,50,51,58,49,76,54,60,93,80,97,72,20,31
2024,06037404702,Census Tract 4047.02,Baldwin Park,Los Angeles County,California,BaldwinPark,630,117,0,14,47,45,127,92,67,50,59,58,60,59,2,8,47,46,137,79,84,88
2024,06037404703,Census Tract 4047.03,Baldwin Park,Los Angeles County,California,BaldwinPark,400,69,0,14,72,48,58,33,34,28,49,38,17,21,37,34,39,31,84,45,10,11
2024,06037404804,Census Tract 4048.04,Baldwin Park,Los Angeles County,California,BaldwinPark,502,124,27,39,66,49,14,13,9,16,70,59,60,59,25,31,39,43,174,110,18,23
2024,06037404805,Census Tract 4048.05,Baldwin Park,Los Angeles County,California,BaldwinPark,442,85,48,55,28,34,53,35,41,29,62,45,66,45,34,36,17,19,58,47,35,32
2024,06037404806,Census Tract 4048.06,Baldwin Park,Los Angeles County,California,BaldwinPark,701,145,0,19,20,24,56,46,102,73,19,24,69,73,89,83,58,46,258,100,30,32
2024,06037404901,Census Tract 4049.01,Baldwin Park,Los Angeles County,California,BaldwinPark,583,177,10,16,43,57,33,38,0,14,70,65,57,51,34,53,86,79,170,100,80,103
2024,06037404902,Census Tract 4049.02,Baldwin Park,Los Angeles County,California,BaldwinPark,230,69,10,14,0,14,20,20,21,21,22,35,6,10,7,12,6,9,95,51,43,37
2024,06037404903,Census Tract 4049.03,Baldwin Park,Los Angeles County,California,BaldwinPark,214,53,2,6,6,11,16,27,25,27,4,7,2,5,38,31,12,15,34,35,75,48
2024,06037405001,Census Tract 4050.01,Baldwin Park,Los Angeles County,California,BaldwinPark,349,154,0,19,51,66,0,19,8,13,36,56,30,37,118,116,14,17,81,70,11,17
2024,06037405002,Census Tract 4050.02,Baldwin Park,Los Angeles County,California,BaldwinPark,231,99,0,14,12,15,30,46,12,21,13,17,29,25,46,70,9,14,80,48,0,14
2024,06037405101,Census Tract 4051.01,Baldwin Park,Los Angeles County,California,BaldwinPark,439,129,0,19,37,44,54,56,63,58,49,65,19,21,27,44,9,15,161,120,20,22
2024,06037405102,Census Tract 4051.02,Baldwin Park,Los Angeles County,California,BaldwinPark,798,163,48,56,22,31,49,44,38,31,219,129,49,67,20,22,36,36,261,130,56,72
2024,06037405201,Census Tract 4052.01,Baldwin Park,Los Angeles County,California,BaldwinPark,605,147,20,24,32,29,39,48,67,70,120,82,16,25,42,32,86,64,134,79,49,73
2024,06037405202,Census Tract 4052.02,Baldwin Park,Los Angeles County,California,BaldwinPark,541,121,12,18,8,13,24,28,155,86,69,64,0,14,30,35,180,86,49,47,14,22
2024,06037405203,Census Tract 4052.03,Baldwin Park,Los Angeles County,California,BaldwinPark,228,70,6,9,0,14,6,9,18,29,43,28,45,41,23,26,41,40,18,22,28,30
2024,06037406903,Census Tract 4069.03,Baldwin Park,Los Angeles County,California,BaldwinPark,848,216,0,19,17,30,49,57,74,87,42,31,174,175,61,60,26,24,405,213,0,19
2024,06037407001,Census Tract 4070.01,Baldwin Park,Los Angeles County,California,BaldwinPark,319,100,0,19,32,47,9,16,40,50,72,81,48,49,41,52,28,45,20,19,29,47
2024,06037407002,Census Tract 4070.02,Baldwin Park,Los Angeles County,California,BaldwinPark,69,49,10,19,0,14,16,26,17,24,0,14,0,14,21,22,0,14,0,14,5,7
2024,06037532304,Census Tract 5323.04,Bell,Los Angeles County,California,Bell,520,126,15,23,72,74,0,14,15,27,90,58,63,57,68,74,52,54,145,97,0,14
2024,06037533201,Census Tract 5332.01,Bell,Los Angeles County,California,Bell,485,80,0,14,30,30,61,45,97,65,43,41,76,63,0,14,12,18,129,56,37,37
2024,06037533601,Census Tract 5336.01,Bell,Los Angeles County,California,Bell,1097,176,65,69,136,100,138,117,101,86,100,64,34,36,116,87,100,116,307,125,0,14
2024,06037533602,Census Tract 5336.02,Bell,Los Angeles County,California,Bell,1075,160,0,19,153,97,78,57,150,81,21,35,158,132,56,52,185,98,274,119,0,19
2024,06037533603,Census Tract 5336.03,Bell,Los Angeles County,California,Bell,1400,230,48,82,41,45,51,51,134,84,91,74,98,129,96,73,151,83,617,141,73,80
2024,06037533803,Census Tract 5338.03,Bell,Los Angeles County,California,Bell,1112,161,0,19,32,38,87,59,37,50,141,82,55,62,0,19,132,84,585,136,43,53
2024,06037533804,Census Tract 5338.04,Bell,Los Angeles County,California,Bell,559,120,0,14,23,32,127,94,61,59,16,28,0,14,81,62,78,63,173,91,0,14
2024,06037533805,Census Tract 5338.05,Bell,Los Angeles County,California,Bell,757,131,0,14,76,63,63,52,31,25,67,54,27,28,77,62,130,81,264,112,22,32
2024,06037533806,Census Tract 5338.06,Bell,Los Angeles County,California,Bell,701,134,0,14,34,34,35,39,124,95,80,71,32,51,33,44,97,85,210,105,56,36
2024,06037553100,Census Tract 5531,Bellflower,Los Angeles County,California,Bellflower,916,169,0,19,87,75,191,128,102,92,112,61,50,50,33,41,29,34,248,121,64,48
2024,06037553201,Census Tract 5532.01,Bellflower,Los Angeles County,California,Bellflower,417,155,0,14,103,117,34,32,4,6,37,58,5,8,27,38,60,51,114,59,33,29
2024,06037553202,Census Tract 5532.02,Bellflower,Los Angeles County,California,Bellflower,330,120,0,14,0,14,13,21,81,65,11,18,7,11,7,12,49,59,118,88,44,65
2024,06037553300,Census Tract 5533,Bellflower,Los Angeles County,California,Bellflower,208,88,25,40,13,18,11,18,52,39,15,26,0,14,18,21,47,63,12,18,15,19
2024,06037554001,Census Tract 5540.01,Bellflower,Los Angeles County,California,Bellflower,514,221,0,14,45,61,10,17,175,210,31,28,99,97,53,57,24,29,48,45,29,36
2024,06037554002,Census Tract 5540.02,Bellflower,Los Angeles County,California,Bellflower,1046,177,49,46,139,84,63,53,52,56,94,73,81,68,133,96,146,96,289,139,0,19
2024,06037554101,Census Tract 5541.01,Bellflower,Los Angeles County,California,Bellflower,736,121,43,38,52,50,58,37,68,48,70,58,62,62,22,34,94,74,246,117,21,34
2024,06037554105,Census Tract 5541.05,Bellflower,Los Angeles County,California,Bellflower,1360,217,76,79,33,33,44,49,149,91,115,74,110,86,63,62,186,82,558,216,26,24
2024,06037554106,Census Tract 5541.06,Bellflower,Los Angeles County,California,Bellflower,682,111,5,7,9,14,112,63,56,42,38,35,77,59,99,75,89,72,154,67,43,46
2024,06037554201,Census Tract 5542.01,Bellflower,Los Angeles County,California,Bellflower,369,112,0,14,36,42,35,40,65,70,6,11,82,67,0,14,80,58,60,56,5,9
2024,06037554203,Census Tract 5542.03,Bellflower,Los Angeles County,California,Bellflower,852,217,28,31,107,69,110,124,35,43,42,52,55,41,26,24,65,15,338,176,46,53
2024,06037554204,Census Tract 5542.04,Bellflower,Los Angeles County,California,Bellflower,1502,250,32,32,18,24,208,93,209,113,201,97,107,67,137,92,167,124,351,191,72,70
2024,06037554301,Census Tract 5543.01,Bellflower,Los Angeles County,California,Bellflower,534,156,11,18,14,22,30,40,35,47,72,71,58,66,83,72,84,73,114,60,33,48
2024,06037554302,Census Tract 5543.02,Bellflower,Los Angeles County,California,Bellflower,835,158,0,14,52,52,93,68,137,92,103,91,72,60,117,98,137,89,124,79,0,14
2024,06037554403,Census Tract 5544.03,Bellflower,Los Angeles County,California,Bellflower,1232,218,50,48,19,23,194,149,120,79,120,86,90,66,44,50,133,85,424,163,38,40
2024,06037554404,Census Tract 5544.04,Bellflower,Los Angeles County,California,Bellflower,988,161,0,14,48,55,158,86,132,74,93,67,124,79,44,53,78,55,311,126,0,14
2024,06037554405,Census Tract 5544.05,Bellflower,Los Angeles County,California,Bellflower,1188,179,10,17,60,94,24,27,167,102,148,106,97,84,159,100,65,71,458,163,0,14
2024,06037554406,Census Tract 5544.06,Bellflower,Los Angeles County,California,Bellflower,741,138,16,25,22,25,127,111,75,58,140,90,59,56,151,124,56,56,82,48,13,17
2024,06037533901,Census Tract 5339.01,Bell Gardens,Los Angeles County,California,BellGardens,1170,141,0,19,86,62,108,86,177,91,19,30,108,71,98,72,101,75,401,151,72,73
2024,06037533902,Census Tract 5339.02,Bell Gardens,Los Angeles County,California,BellGardens,706,118,0,14,39,37,85,60,126,80,5,8,98,70,5,7,112,65,225,97,11,17
2024,06037534001,Census Tract 5340.01,Bell Gardens,Los Angeles County,California,BellGardens,1100,155,0,19,68,53,243,126,124,82,134,96,36,32,80,56,139,72,205,114,71,53
2024,06037534002,Census Tract 5340.02,Bell Gardens,Los Angeles County,California,BellGardens,690,128,0,14,33,35,147,115,66,54,43,41,18,20,139,114,59,55,119,75,66,66
2024,06037534101,Census Tract 5341.01,Bell Gardens,Los Angeles County,California,BellGardens,344,84,19,20,50,35,27,28,90,65,61,40,20,27,0,14,9,17,41,36,27,29
2024,06037534102,Census Tract 5341.02,Bell Gardens,Los Angeles County,California,BellGardens,1233,145,30,46,88,64,108,77,183,110,118,73,59,60,57,51,111,77,479,161,0,19
2024,06037534201,Census Tract 5342.01,Bell Gardens,Los Angeles County,California,BellGardens,753,135,28,43,6,10,78,72,66,52,75,59,100,61,55,63,52,45,282,148,11,17
2024,06037534202,Census Tract 5342.02,Bell Gardens,Los Angeles County,California,BellGardens,950,111,62,46,97,70,91,62,116,85,46,47,142,108,54,53,47,46,291,101,4,7
2024,06037534203,Census Tract 5342.03,Bell Gardens,Los Angeles County,California,BellGardens,707,84,18,22,39,30,74,51,48,46,106,52,96,51,19,19,121,77,186,71,0,14
2024,06037700600,Census Tract 7006,Beverly Hills,Los Angeles County,California,BeverlyHills,82,57,16,23,25,28,0,14,0,14,0,14,0,14,0,14,0,14,10,18,31,44
2024,06037700700,Census Tract 7007,Beverly Hills,Los Angeles County,California,BeverlyHills,180,110,0,14,13,19,0,14,0,14,43,67,14,24,0,14,0,14,55,69,55,43
2024,06037700801,Census Tract 7008.01,Beverly Hills,Los Angeles County,California,BeverlyHills,1550,256,147,108,116,94,96,100,104,78,90,73,132,105,19,33,100,60,619,230,127,106
2024,06037700802,Census Tract 7008.02,Beverly Hills,Los Angeles County,California,BeverlyHills,1334,248,27,32,65,43,269,111,135,119,94,99,45,38,73,54,125,96,473,179,28,26
2024,06037700901,Census Tract 7009.01,Beverly Hills,Los Angeles County,California,BeverlyHills,833,195,0,14,31,32,42,36,40,39,225,126,88,83,0,14,85,61,307,160,15,18
2024,06037700902,Census Tract 7009.02,Beverly Hills,Los Angeles County,California,BeverlyHills,2701,370,310,187,141,82,271,127,133,85,138,114,301,203,200,164,179,132,801,318,227,146
2024,06037701000,Census Tract 7010,Beverly Hills,Los Angeles County,California,BeverlyHills,1842,315,233,163,121,94,198,165,264,197,226,142,36,44,69,88,112,94,510,215,73,87
2024,06037430200,Census Tract 4302,Bradbury,Los Angeles County,California,Bradbury,188,73,0,14,2,3,27,25,5,6,0,14,5,6,37,59,34,26,64,36,14,10
2024,06037310100,Census Tract 3101,Burbank (Los Angeles County),Los Angeles County,California,Burbank(LosAngelesCounty),156,96,0,19,0,19,28,55,0,19,0,19,0,19,37,52,23,40,39,47,29,50
2024,06037310201,Census Tract 3102.01,Burbank (Los Angeles County),Los Angeles County,California,Burbank(LosAngelesCounty),851,187,0,19,0,19,102,64,88,78,123,70,186,162,0,19,40,39,312,141,0,19
2024,06037310202,Census Tract 3102.02,Burbank (Los Angeles County),Los Angeles County,California,Burbank(LosAngelesCounty),1034,171,7,11,17,19,104,55,50,35,145,91,82,49,111,72,71,48,447,127,0,14
2024,06037310300,Census Tract 3103,Burbank (Los Angeles County),Los Angeles County,California,Burbank(LosAngelesCounty),24,29,0,14,0,14,0,14,0,14,0,14,5,10,0,14,0,14,19,27,0,14
2024,06037310400,Census Tract 3104,Burbank (Los Angeles County),Los Angeles County,California,Burbank(LosAngelesCounty),559,182,0,14,17,20,77,58,95,73,34,27,122,156,32,37,35,30,116,56,31,48
2024,06037310501,Census Tract 3105.01,Burbank (Los Angeles County),Los Angeles County,California,Burbank(LosAngelesCounty),1338,216,9,16,89,66,99,66,113,72,315,238,129,66,32,31,217,161,290,119,45,52
2024,06037310601,Census Tract 3106.01,Burbank (Los Angeles County),Los Angeles County,California,Burbank(LosAngelesCounty),1927,325,0,19,42,65,225,132,209,106,85,78,126,100,205,137,255,164,695,324,85,129
2024,06037310602,Census Tract 3106.02,Burbank (Los Angeles County),Los Angeles County,California,Burbank(LosAngelesCounty),602,125,58,94,7,13,50,40,63,38,16,26,46,45,0,14,68,67,274,99,20,28
2024,06037310701,Census Tract 3107.01,Burbank (Los Angeles County),Los Angeles County,California,Burbank(LosAngelesCounty),1061,197,10,16,50,30,103,61,124,72,205,111,91,60,104,59,98,66,269,182,7,11
2024,06037310703,Census Tract 3107.03,Burbank (Los Angeles County),Los Angeles County,California,Burbank(LosAngelesCounty),1581,298,118,163,24,20,137,78,70,58,143,87,290,220,0,19,55,54,644,209,100,89
2024,06037310704,Census Tract 3107.04,Burbank (Los Angeles County),Los Angeles County,California,Burbank(LosAngelesCounty),1870,276,0,14,59,63,161,99,100,64,205,158,114,84,35,35,364,244,765,184,67,83
2024,06037310705,Census Tract 3107.05,Burbank (Los Angeles County),Los Angeles County,California,Burbank(LosAngelesCounty),1211,196,29,30,18,26,46,37,134,93,98,68,238,172,60,54,148,96,412,133,28,26
2024,06037310800,Census Tract 3108,Burbank (Los Angeles County),Los Angeles County,California,Burbank(LosAngelesCounty),1239,373,34,56,58,75,45,46,101,63,114,103,130,133,0,19,65,51,621,384,71,111
2024,06037310900,Census Tract 3109,Burbank (Los Angeles County),Los Angeles County,California,Burbank(LosAngelesCounty),531,227,4,14,11,26,100,92,20,34,48,54,14,24,43,52,78,127,173,146,40,52
2024,06037311000,Census Tract 3110,Burbank (Los Angeles County),Los Angeles County,California,Burbank(LosAngelesCounty),786,157,8,14,116,80,42,30,147,92,68,61,38,35,40,49,68,47,216,120,43,52
2024,06037311100,Census Tract 3111,Burbank (Los Angeles County),Los Angeles County,California,Burbank(LosAngelesCounty),628,232,0,14,34,49,167,176,127,144,33,28,85,62,18,19,0,14,65,43,99,74
2024,06037311200,Census Tract 3112,Burbank (Los Angeles County),Los Angeles County,California,Burbank(LosAngelesCounty),710,200,52,42,65,57,73,54,73,54,30,28,102,160,23,21,93,55,170,88,29,26
2024,06037311300,Census Tract 3113,Burbank (Los Angeles County),Los Angeles County,California,Burbank(LosAngelesCounty),678,220,14,22,6,10,177,188,58,60,84,49,104,84,59,56,67,65,100,52,9,15
2024,06037311400,Census Tract 3114,Burbank (Los Angeles County),Los Angeles County,California,Burbank(LosAngelesCounty),455,140,11,17,55,58,86,72,73,48,26,25,32,29,63,89,34,27,65,38,10,15
2024,06037311500,Census Tract 3115,Burbank (Los Angeles County),Los Angeles County,California,Burbank(LosAngelesCounty),1323,185,0,19,168,153,241,128,148,108,97,84,135,88,93,78,85,84,337,160,19,31
2024,06037311601,Census Tract 3116.01,Burbank (Los Angeles County),Los Angeles County,California,Burbank(LosAngelesCounty),558,173,0,14,61,50,22,26,30,34,189,132,34,36,6,10,61,45,142,69,13,18
2024,06037311602,Census Tract 3116.02,Burbank (Los Angeles County),Los Angeles County,California,Burbank(LosAngelesCounty),1856,265,23,41,59,58,81,79,210,115,317,163,215,163,242,158,97,101,480,189,132,130
2024,06037311700,Census Tract 3117,Burbank (Los Angeles County),Los Angeles County,California,Burbank(LosAngelesCounty),1162,196,21,34,33,42,71,68,209,136,194,104,53,55,10,17,122,83,360,170,89,109
2024,06037311801,Census Tract 3118.01,Burbank (Los Angeles County),Los Angeles County,California,Burbank(LosAngelesCounty),1049,211,0,14,94,69,133,95,77,52,101,71,87,85,48,49,67,55,403,202,39,65
2024,06037311802,Census Tract 3118.02,Burbank (Los Angeles County),Los Angeles County,California,Burbank(LosAngelesCounty),1208,189,51,81,111,137,197,92,185,103,87,79,86,73,0,14,113,64,326,106,52,47
2024,06037980001,Census Tract 9800.01,Burbank (Los Angeles County),Los Angeles County,California,Burbank(LosAngelesCounty),0,14,0,14,0,14,0,14,0,14,0,14,0,14,0,14,0,14,0,14,0,14
2024,06037800101,Census Tract 8001.01,Calabasas,Los Angeles County,California,Calabasas,134,80,0,19,0,19,0,19,20,23,13,19,0,19,0,19,0,19,68,64,33,33
2024,06037800103,Census Tract 8001.03,Calabasas,Los Angeles County,California,Calabasas,81,86,0,14,12,17,0,14,0,14,0,14,0,14,0,14,0,14,69,83,0,14
2024,06037800104,Census Tract 8001.04,Calabasas,Los Angeles County,California,Calabasas,384,154,0,14,19,29,14,25,66,86,0,14,0,14,118,117,10,16,110,90,47,55
2024,06037800202,Census Tract 8002.02,Calabasas,Los Angeles County,California,Calabasas,167,116,13,22,19,30,0,19,18,30,17,27,0,19,0,19,48,75,52,67,0,19
2024,06037800204,Census Tract 8002.04,Calabasas,Los Angeles County,California,Calabasas,382,157,0,14,34,45,0,14,10,16,8,15,7,17,31,29,0,14,292,162,0,14
2024,06037800205,Census Tract 8002.05,Calabasas,Los Angeles County,California,Calabasas,974,172,0,14,12,20,131,85,72,58,84,67,86,79,83,57,126,90,252,139,128,139
2024,06037800328,Census Tract 8003.28,Calabasas,Los Angeles County,California,Calabasas,76,38,0,14,28,25,5,8,0,14,0,14,0,14,0,14,0,14,36,28,7,11
2024,06037800337,Census Tract 8003.37,Calabasas,Los Angeles County,California,Calabasas,1059,248,0,14,9,13,62,64,114,68,21,32,88,67,54,40,75,67,587,253,49,51
2024,06037541003,Census Tract 5410.03,Carson,Los Angeles County,California,Carson,337,124,0,14,63,71,41,45,0,14,31,49,26,25,0,14,0,14,164,114,12,19
2024,06037543100,Census Tract 5431,Carson,Los Angeles County,California,Carson,284,175,0,19,0,19,0,19,78,117,10,15,0,19,11,20,64,63,87,89,34,35
2024,06037543304,Census Tract 5433.04,Carson,Los Angeles County,California,Carson,243,99,18,30,34,44,59,63,26,27,0,19,0,19,16,29,9,15,47,46,34,35
2024,06037543306,Census Tract 5433.06,Carson,Los Angeles County,California,Carson,294,127,33,39,12,19,59,38,17,26,0,19,35,56,11,17,29,45,62,66,36,34
2024,06037543321,Census Tract 5433.21,Carson,Los Angeles County,California,Carson,338,206,0,19,21,29,90,150,0,19,29,46,0,19,0,19,17,27,158,134,23,27
2024,06037543322,Census Tract 5433.22,Carson,Los Angeles County,California,Carson,208,139,0,19,120,122,19,29,0,19,53,52,0,19,0,19,16,29,0,19,0,19
2024,06037543400,Census Tract 5434,Carson,Los Angeles County,California,Carson,90,52,15,21,0,14,6,8,2,5,5,9,6,9,11,16,0,14,41,46,4,6
2024,06037543501,Census Tract 5435.01,Carson,Los Angeles County,California,Carson,931,214,71,46,0,19,82,81,163,90,56,80,19,33,88,90,101,108,308,164,43,34
2024,06037543601,Census Tract 5436.01,Carson,Los Angeles County,California,Carson,354,123,6,10,45,61,25,25,12,20,101,73,110,76,16,25,0,14,34,51,5,8
2024,06037543607,Census Tract 5436.07,Carson,Los Angeles County,California,Carson,129,94,8,14,0,14,0,14,0,14,0,14,10,15,0,14,3,9,108,91,0,14
2024,06037543701,Census Tract 5437.01,Carson,Los Angeles County,California,Carson,97,48,12,20,0,14,5,10,16,23,6,9,22,30,7,10,13,21,7,11,9,10
2024,06037543703,Census Tract 5437.03,Carson,Los Angeles County,California,Carson,334,148,13,14,5,8,14,21,101,62,27,21,19,20,12,19,25,22,110,123,8,13
2024,06037543704,Census Tract 5437.04,Carson,Los Angeles County,California,Carson,330,84,24,24,13,24,11,17,91,65,12,13,0,14,64,53,11,21,104,60,0,14
2024,06037543705,Census Tract 5437.05,Carson,Los Angeles County,California,Carson,373,88,8,14,56,57,34,43,53,50,33,26,32,46,62,50,30,44,25,37,40,37
2024,06037543801,Census Tract 5438.01,Carson,Los Angeles County,California,Carson,389,160,0,14,86,83,100,93,49,58,0,14,22,35,15,24,76,80,28,27,13,22
2024,06037543803,Census Tract 5438.03,Carson,Los Angeles County,California,Carson,636,189,45,73,0,14,8,18,39,63,81,87,74,65,129,96,55,59,205,117,0,14
2024,06037543804,Census Tract 5438.04,Carson,Los Angeles County,California,Carson,368,113,39,37,16,21,75,92,22,34,50,48,17,28,42,37,17,17,88,64,2,9
2024,06037543903,Census Tract 5439.03,Carson,Los Angeles County,California,Carson,298,100,31,28,36,53,31,36,32,51,46,65,12,18,18,29,0,14,92,66,0,14
2024,06037543905,Census Tract 5439.05,Carson,Los Angeles County,California,Carson,663,200,90,79,54,62,27,42,41,39,6,12,85,78,41,56,73,62,153,108,93,123
2024,06037544001,Census Tract 5440.01,Carson,Los Angeles County,California,Carson,238,87,31,47,6,11,24,26,51,45,37,40,10,18,32,40,18,23,29,34,0,14
2024,06037544002,Census Tract 5440.02,Carson,Los Angeles County,California,Carson,215,82,9,14,17,26,28,30,32,33,26,30,3,5,33,34,0,14,67,60,0,14
2024,06037980002,Census Tract 9800.02,Carson,Los Angeles County,California,Carson,0,14,0,14,0,14,0,14,0,14,0,14,0,14,0,14,0,14,0,14,0,14
2024,06037980025,Census Tract 9800.25,Carson,Los Angeles County,California,Carson,254,78,0,14,0,14,17,26,17,17,37,34,0,14,14,15,47,46,122,64,0,14
2024,06037980037,Census Tract 9800.37,Carson,Los Angeles County,California,Carson,0,14,0,14,0,14,0,14,0,14,0,14,0,14,0,14,0,14,0,14,0,14
2024,06037920102,Census Tract 9201.02,Castaic,Los Angeles County,California,Castaic,777,157,0,14,0,14,31,29,68,59,2,3,25,28,77,86,173,88,367,124,34,46
2024,06037920104,Census Tract 9201.04,Castaic,Los Angeles County,California,Castaic,68,52,23,31,0,14,0,14,0,14,18,27,0,14,0,14,0,14,19,31,8,12
2024,06037920116,Census Tract 9201.16,Castaic,Los Angeles County,California,Castaic,104,64,0,14,10,16,10,16,23,27,0,14,9,14,9,16,28,45,15,24,0,14
2024,06037920118,Census Tract 9201.18,Castaic,Los Angeles County,California,Castaic,155,71,0,19,0,19,12,19,45,39,29,39,8,12,13,20,0,19,25,40,23,23
2024,06037920119,Census Tract 9201.19,Castaic,Los Angeles County,California,Castaic,15,14,0,14,0,14,5,8,0,14,6,9,0,14,0,14,0,14,4,6,0,14
2024,06037554511,Census Tract 5545.11,Cerritos,Los Angeles County,California,Cerritos,338,167,0,14,0,14,131,127,40,36,26,27,11,17,0,14,24,26,56,41,50,45
2024,06037554512,Census Tract 5545.12,Cerritos,Los Angeles County,California,Cerritos,737,241,128,112,73,61,101,92,153,178,35,56,69,67,14,22,37,45,66,73,61,61
2024,06037554513,Census Tract 5545.13,Cerritos,Los Angeles County,California,Cerritos,176,63,10,14,6,10,5,8,47,33,10,14,43,33,15,16,5,10,29,25,6,9
2024,06037554514,Census Tract 5545.14,Cerritos,Los Angeles County,California,Cerritos,523,229,139,199,0,14,167,97,120,90,16,21,13,15,35,50,0,14,22,22,11,20
2024,06037554515,Census Tract 5545.15,Cerritos,Los Angeles County,California,Cerritos,121,66,0,14,19,31,15,16,0,14,15,20,7,12,13,21,10,16,18,18,24,30
2024,06037554516,Census Tract 5545.16,Cerritos,Los Angeles County,California,Cerritos,226,78,16,19,6,11,26,40,58,51,0,14,0,14,7,13,37,46,45,41,31,26
2024,06037554517,Census Tract 5545.17,Cerritos,Los Angeles County,California,Cerritos,537,128,15,22,65,45,78,69,61,39,84,74,38,34,48,42,23,27,115,98,10,14
2024,06037554518,Census Tract 5545.18,Cerritos,Los Angeles County,California,Cerritos,309,146,36,58,22,33,14,16,20,22,33,52,0,14,17,19,9,14,137,102,21,24
2024,06037554519,Census Tract 5545.19,Cerritos,Los Angeles County,California,Cerritos,126,70,0,14,10,17,15,25,0,14,10,16,0,14,0,14,0,14,18,21,73,57
2024,06037554521,Census Tract 5545.21,Cerritos,Los Angeles County,California,Cerritos,527,125,8,13,71,61,46,38,74,53,42,50,58,58,8,12,34,36,179,96,7,10
2024,06037554522,Census Tract 5545.22,Cerritos,Los Angeles County,California,Cerritos,252,121,0,14,17,27,95,74,61,68,44,49,0,14,0,14,12,19,0,14,23,25
2024,06037403702,Census Tract 4037.02,Charter Oak,Los Angeles County,California,CharterOak,224,79,0,14,0,14,0,14,11,16,47,36,6,10,11,16,0,14,53,59,96,51
2024,06037403703,Census Tract 4037.03,Charter Oak,Los Angeles County,California,CharterOak,250,102,0,14,0,14,22,25,13,22,71,59,9,14,40,47,27,47,68,67,0,14
2024,06037403721,Census Tract 4037.21,Charter Oak,Los Angeles County,California,CharterOak,628,248,10,16,6,10,30,27,71,62,27,26,218,205,46,61,51,38,169,91,0,19
2024,06037403801,Census Tract 4038.01,Charter Oak,Los Angeles County,California,CharterOak,1134,305,0,19,44,49,107,131,124,82,340,188,20,31,213,186,80,97,92,93,114,94
2024,06037403802,Census Tract 4038.02,Charter Oak,Los Angeles County,California,CharterOak,801,186,0,19,0,19,191,150,35,41,90,96,119,104,9,15,255,172,79,59,23,26
2024,06037400801,Census Tract 4008.01,Citrus,Los Angeles County,California,Citrus,542,140,0,19,32,51,22,28,165,130,13,20,58,62,10,19,49,55,142,91,51,54
2024,06037403801,Census Tract 4038.01,Citrus,Los Angeles County,California,Citrus,1134,305,0,19,44,49,107,131,124,82,340,188,20,31,213,186,80,97,92,93,114,94
2024,06037403901,Census Tract 4039.01,Citrus,Los Angeles County,California,Citrus,275,76,26,37,20,22,38,30,0,14,57,45,66,52,0,14,0,14,62,46,6,12
2024,06037404000,Census Tract 4040,Citrus,Los Angeles County,California,Citrus,517,86,18,22,9,15,24,29,131,68,100,54,84,60,72,45,7,10,72,61,0,14
2024,06037404100,Census Tract 4041,Citrus,Los Angeles County,California,Citrus,424,158,0,19,0,19,51,52,36,52,0,19,76,59,74,71,140,119,37,37,10,16
2024,06037404201,Census Tract 4042.01,Citrus,Los Angeles County,California,Citrus,534,126,0,14,0,14,11,18,27,25,137,100,105,81,13,20,138,104,103,66,0,14
2024,06037404203,Census Tract 4042.03,Citrus,Los Angeles County,California,Citrus,496,97,19,30,40,38,73,43,30,24,5,8,54,40,39,41,81,63,133,63,22,19
2024,06037405900,Census Tract 4059,Citrus,Los Angeles County,California,Citrus,318,124,7,12,50,58,32,30,0,14,70,65,52,56,37,45,19,23,51,48,0,14
2024,06037400205,Census Tract 4002.05,Claremont,Los Angeles County,California,Claremont,62,55,7,11,0,14,0,14,0,14,0,14,0,14,0,14,37,47,18,26,0,14
2024,06037400206,Census Tract 4002.06,Claremont,Los Angeles County,California,Claremont,189,96,19,22,0,19,9,14,27,25,12,18,13,20,0,19,0,19,36,53,73,72
2024,06037400209,Census Tract 4002.09,Claremont,Los Angeles County,California,Claremont,208,99,0,14,0,14,86,73,35,52,0,14,0,14,0,14,0,14,47,55,40,48
2024,06037401705,Census Tract 4017.05,Claremont,Los Angeles County,California,Claremont,102,68,0,14,0,14,0,14,6,10,46,60,0,14,13,19,0,14,31,28,6,11
2024,06037401801,Census Tract 4018.01,Claremont,Los Angeles County,California,Claremont,424,135,0,14,50,61,137,80,25,29,59,52,13,16,11,21,26,43,86,65,17,20
2024,06037401802,Census Tract 4018.02,Claremont,Los Angeles County,California,Claremont,259,100,0,14,7,11,15,18,53,58,39,60,0,14,38,31,5,10,74,52,28,29
2024,06037401901,Census Tract 4019.01,Claremont,Los Angeles County,California,Claremont,65,32,0,14,0,14,5,7,19,18,14,12,11,19,0,14,0,14,11,12,5,7
2024,06037401902,Census Tract 4019.02,Claremont,Los Angeles County,California,Claremont,1911,321,145,101,66,86,272,172,181,115,129,67,149,107,323,257,131,105,443,248,72,93
2024,06037402001,Census Tract 4020.01,Claremont,Los Angeles County,California,Claremont,835,156,0,14,18,29,13,20,75,62,144,88,103,80,15,25,33,33,361,160,73,63
2024,06037402002,Census Tract 4020.02,Claremont,Los Angeles County,California,Claremont,644,190,8,14,20,22,30,29,112,64,59,45,29,32,72,62,111,162,186,69,17,19
2024,06037531302,Census Tract 5313.02,Commerce,Los Angeles County,California,Commerce,863,158,0,19,35,49,140,103,79,63,67,69,138,97,50,51,128,91,182,86,44,51
2024,06037532302,Census Tract 5323.02,Commerce,Los Angeles County,California,Commerce,319,92,42,58,13,19,0,14,43,35,8,13,0,14,20,30,29,46,132,60,32,36
2024,06037532303,Census Tract 5323.03,Commerce,Los Angeles County,California,Commerce,692,152,0,14,50,38,173,115,112,77,22,35,9,15,31,40,73,64,178,95,44,63
2024,06037532304,Census Tract 5323.04,Commerce,Los Angeles County,California,Commerce,520,126,15,23,72,74,0,14,15,27,90,58,63,57,68,74,52,54,145,97,0,14
2024,06037541100,Census Tract 5411,Compton,Los Angeles County,California,Compton,337,102,0,14,15,19,0,14,52,54,72,76,8,12,48,53,34,48,99,64,9,15
2024,06037541200,Census Tract 5412,Compton,Los Angeles County,California,Compton,558,185,0,19,0,19,31,34,129,103,79,70,17,20,53,78,25,39,129,79,95,98
2024,06037541300,Census Tract 5413,Compton,Los Angeles County,California,Compton,298,123,0,19,10,14,0,19,0,19,58,65,39,52,8,14,9,14,153,90,21,23
2024,06037541603,Census Tract 5416.03,Compton,Los Angeles County,California,Compton,475,103,12,20,22,25,93,54,46,39,47,43,20,36,39,33,50,35,134,68,12,19
2024,06037541604,Census Tract 5416.04,Compton,Los Angeles County,California,Compton,873,160,0,19,98,75,69,64,78,57,36,43,72,53,44,36,77,66,384,148,15,26
2024,06037541605,Census Tract 5416.05,Compton,Los Angeles County,California,Compton,821,160,0,19,56,67,165,106,121,99,98,63,20,27,35,39,79,94,209,148,38,61
2024,06037541606,Census Tract 5416.06,Compton,Los Angeles County,California,Compton,529,114,12,17,0,14,36,29,28,30,157,89,32,31,22,23,2,5,177,71,63,50
2024,06037541801,Census Tract 5418.01,Compton,Los Angeles County,California,Compton,762,117,0,19,0,19,109,82,133,119,92,77,45,46,77,79,30,47,258,118,18,34
2024,06037541802,Census Tract 5418.02,Compton,Los Angeles County,California,Compton,380,110,0,19,18,28,15,24,0,19,8,15,39,41,15,26,55,57,199,95,31,43
2024,06037542000,Census Tract 5420,Compton,Los Angeles County,California,Compton,413,87,0,19,108,85,33,41,26,40,45,43,31,51,37,51,20,32,80,65,33,40
2024,06037542103,Census Tract 5421.03,Compton,Los Angeles County,California,Compton,326,81,0,14,42,36,55,44,11,19,20,31,41,33,12,19,14,25,96,49,35,35
2024,06037542104,Census Tract 5421.04,Compton,Los Angeles County,California,Compton,437,116,0,14,11,17,0,14,53,40,117,99,41,43,39,35,12,18,117,52,47,38
2024,06037542105,Census Tract 5421.05,Compton,Los Angeles County,California,Compton,718,174,81,82,0,14,35,39,111,72,66,54,83,74,30,47,35,39,203,97,74,114
2024,06037542106,Census Tract 5421.06,Compton,Los Angeles County,California,Compton,490,115,17,27,0,14,24,29,41,29,140,100,16,26,12,17,76,57,112,56,52,43
2024,06037542200,Census Tract 5422,Compton,Los Angeles County,California,Compton,465,135,0,19,18,30,9,18,32,43,74,72,27,42,99,83,56,64,102,66,48,52
2024,06037542401,Census Tract 5424.01,Compton,Los Angeles County,California,Compton,334,136,0,14,0,14,8,13,69,76,0,14,0,14,64,103,34,37,149,86,10,16
2024,06037542402,Census Tract 5424.02,Compton,Los Angeles County,California,Compton,328,108,0,14,7,14,32,47,109,75,20,23,0,14,4,6,28,24,127,99,1,2
2024,06037542501,Census Tract 5425.01,Compton,Los Angeles County,California,Compton,589,238,4,9,0,14,42,48,142,124,89,81,22,35,148,189,35,60,107,64,0,14
2024,06037542502,Census Tract 5425.02,Compton,Los Angeles County,California,Compton,841,187,10,15,7,14,83,56,216,160,89,76,26,30,0,14,141,72,229,114,40,39
2024,06037542601,Census Tract 5426.01,Compton,Los Angeles County,California,Compton,497,90,19,19,11,17,59,42,109,66,30,29,10,16,6,11,69,48,179,69,5,7
2024,06037542602,Census Tract 5426.02,Compton,Los Angeles County,California,Compton,785,117,0,14,98,74,20,34,51,50,121,84,13,20,113,82,110,77,232,115,27,34
2024,06037542700,Census Tract 5427,Compton,Los Angeles County,California,Compton,412,157,0,19,13,20,26,41,97,71,0,19,29,46,0,19,97,117,121,96,29,36
2024,06037542800,Census Tract 5428,Compton,Los Angeles County,California,Compton,179,82,0,14,6,9,7,11,20,25,11,15,14,22,42,44,36,41,6,9,37,34
2024,06037542900,Census Tract 5429,Compton,Los Angeles County,California,Compton,204,75,17,23,25,38,33,30,14,22,13,18,44,38,18,28,8,14,32,36,0,14
2024,06037543000,Census Tract 5430,Compton,Los Angeles County,California,Compton,382,126,0,14,17,27,33,56,0,14,3,4,49,59,0,14,36,60,230,122,14,22
2024,06037543100,Census Tract 5431,Compton,Los Angeles County,California,Compton,284,175,0,19,0,19,0,19,78,117,10,15,0,19,11,20,64,63,87,89,34,35
2024,06037543201,Census Tract 5432.01,Compton,Los Angeles County,California,Compton,333,85,0,14,84,62,48,33,35,43,10,15,7,10,34,40,31,26,68,46,16,23
2024,06037543203,Census Tract 5432.03,Compton,Los Angeles County,California,Compton,725,124,17,26,0,14,137,68,12,19,54,52,37,38,39,39,37,40,281,92,111,84
2024,06037543305,Census Tract 5433.05,Compton,Los Angeles County,California,Compton,184,77,0,14,103,70,0,14,0,14,8,15,18,22,0,14,55,64,0,14,0,14
2024,06037403601,Census Tract 4036.01,Covina,Los Angeles County,California,Covina,577,297,0,19,21,38,23,39,33,51,245,257,0,19,11,19,8,14,188,137,48,46
2024,06037403702,Census Tract 4037.02,Covina,Los Angeles County,California,Covina,224,79,0,14,0,14,0,14,11,16,47,36,6,10,11,16,0,14,53,59,96,51
2024,06037403703,Census Tract 4037.03,Covina,Los Angeles County,California,Covina,250,102,0,14,0,14,22,25,13,22,71,59,9,14,40,47,27,47,68,67,0,14
2024,06037403721,Census Tract 4037.21,Covina,Los Angeles County,California,Covina,628,248,10,16,6,10,30,27,71,62,27,26,218,205,46,61,51,38,169,91,0,19
2024,06037403722,Census Tract 4037.22,Covina,Los Angeles County,California,Covina,997,135,0,19,53,46,32,30,90,63,102,94,120,79,54,67,95,62,394,150,57,48
2024,06037403801,Census Tract 4038.01,Covina,Los Angeles County,California,Covina,1134,305,0,19,44,49,107,131,124,82,340,188,20,31,213,186,80,97,92,93,114,94
2024,06037403802,Census Tract 4038.02,Covina,Los Angeles County,California,Covina,801,186,0,19,0,19,191,150,35,41,90,96,119,104,9,15,255,172,79,59,23,26
2024,06037405400,Census Tract 4054,Covina,Los Angeles County,California,Covina,284,174,0,14,0,14,18,28,36,41,134,157,13,22,0,14,9,17,74,58,0,14
2024,06037405701,Census Tract 4057.01,Covina,Los Angeles County,California,Covina,467,141,0,14,9,20,0,14,59,67,89,71,26,29,94,107,75,90,70,59,45,53
2024,06037405702,Census Tract 4057.02,Covina,Los Angeles County,California,Covina,450,124,0,19,41,53,104,73,120,88,25,27,36,53,53,51,24,37,36,40,11,18
2024,06037405800,Census Tract 4058,Covina,Los Angeles County,California,Covina,483,138,0,19,0,19,16,25,24,26,180,125,29,44,0,19,99,95,97,60,38,47
2024,06037405900,Census Tract 4059,Covina,Los Angeles County,California,Covina,318,124,7,12,50,58,32,30,0,14,70,65,52,56,37,45,19,23,51,48,0,14
2024,06037406000,Census Tract 4060,Covina,Los Angeles County,California,Covina,313,119,7,12,84,67,0,19,26,24,35,49,15,18,33,52,18,30,95,70,0,19
2024,06037406101,Census Tract 4061.01,Covina,Los Angeles County,California,Covina,576,160,0,14,8,15,49,56,147,118,68,47,49,63,93,61,42,53,103,79,17,20
2024,06037406103,Census Tract 4061.03,Covina,Los Angeles County,California,Covina,1772,236,35,42,205,144,328,223,202,117,143,96,143,97,24,27,275,136,345,156,72,85
2024,06037534301,Census Tract 5343.01,Cudahy,Los Angeles County,California,Cudahy,843,114,15,27,105,84,31,36,51,51,105,68,59,65,0,14,188,107,259,104,30,45
2024,06037534302,Census Tract 5343.02,Cudahy,Los Angeles County,California,Cudahy,834,110,0,14,10,15,76,48,75,52,143,71,117,64,79,54,47,37,248,115,39,30
2024,06037534403,Census Tract 5344.03,Cudahy,Los Angeles County,California,Cudahy,725,129,8,12,20,21,33,30,68,48,132,120,78,47,95,58,87,72,200,81,4,5
2024,06037534404,Census Tract 5344.04,Cudahy,Los Angeles County,California,Cudahy,688,114,29,38,60,41,21,20,141,77,52,33,20,20,69,47,34,36,210,81,52,56
2024,06037534405,Census Tract 5344.05,Cudahy,Los Angeles County,California,Cudahy,791,95,0,14,48,70,135,82,130,77,26,32,117,79,12,13,98,74,223,107,2,7
2024,06037534406,Census Tract 5344.06,Cudahy,Los Angeles County,California,Cudahy,1082,201,9,14,32,27,53,50,63,54,155,90,96,84,65,67,136,102,356,136,117,189
2024,06037702400,Census Tract 7024,Culver City,Los Angeles County,California,CulverCity,1308,252,87,63,244,190,154,99,191,79,82,52,94,82,90,99,98,79,240,127,28,44
2024,06037702501,Census Tract 7025.01,Culver City,Los Angeles County,California,CulverCity,1042,397,46,44,24,31,96,67,340,391,98,72,73,52,79,65,26,30,260,161,0,14
2024,06037702502,Census Tract 7025.02,Culver City,Los Angeles County,California,CulverCity,628,177,13,22,72,79,55,52,53,56,103,74,62,91,51,60,0,14,128,122,91,92
2024,06037702600,Census Tract 7026,Culver City,Los Angeles County,California,CulverCity,551,216,17,27,33,35,20,33,53,50,55,56,38,45,105,101,29,35,201,179,0,19
2024,06037702700,Census Tract 7027,Culver City,Los Angeles County,California,CulverCity,272,127,0,14,29,31,26,24,15,18,58,47,60,95,0,14,24,26,35,54,25,28
2024,06037702801,Census Tract 7028.01,Culver City,Los Angeles County,California,CulverCity,1254,205,13,21,159,110,92,70,96,87,38,37,126,107,59,63,66,48,538,185,67,75
2024,06037702802,Census Tract 7028.02,Culver City,Los Angeles County,California,CulverCity,634,180,0,14,40,26,17,16,185,127,107,87,79,56,8,12,32,32,166,82,0,14
2024,06037702803,Census Tract 7028.03,Culver City,Los Angeles County,California,CulverCity,798,109,20,26,74,66,58,50,131,111,123,85,70,54,11,18,66,56,235,119,10,17
2024,06037703003,Census Tract 7030.03,Culver City,Los Angeles County,California,CulverCity,1477,369,48,77,73,78,214,159,98,97,100,64,259,241,152,143,107,88,393,216,33,35
2024,06037602201,Census Tract 6022.01,Del Aire,Los Angeles County,California,DelAire,837,160,0,14,11,22,88,61,149,116,184,103,89,90,42,37,76,82,198,104,0,14
2024,06037602301,Census Tract 6023.01,Del Aire,Los Angeles County,California,DelAire,417,147,31,31,23,29,28,34,57,51,11,18,16,19,40,62,44,42,136,113,31,26
2024,06037910215,Census Tract 9102.15,Desert View Highlands,Los Angeles County,California,DesertViewHighlands,604,200,0,19,7,11,27,31,152,99,83,92,0,19,0,19,41,55,234,151,60,90
2024,06037910401,Census Tract 9104.01,Desert View Highlands,Los Angeles County,California,DesertViewHighlands,1048,295,0,19,20,32,243,150,59,58,68,70,179,143,84,73,46,73,349,192,0,19
2024,06037403305,Census Tract 4033.05,Diamond Bar,Los Angeles County,California,DiamondBar,178,51,8,13,0,14,48,21,10,15,14,15,0,14,9,10,7,10,77,40,5,9
2024,06037403316,Census Tract 4033.16,Diamond Bar,Los Angeles County,California,DiamondBar,634,212,0,19,0,19,19,30,27,32,120,148,40,38,0,19,28,32,372,152,28,31
2024,06037403319,Census Tract 4033.19,Diamond Bar,Los Angeles County,California,DiamondBar,592,139,9,14,9,13,63,42,74,67,40,46,27,27,44,60,69,37,191,103,66,56
2024,06037403320,Census Tract 4033.20,Diamond Bar,Los Angeles County,California,DiamondBar,256,112,0,19,24,28,42,40,11,17,66,55,31,35,20,28,7,11,44,55,11,18
2024,06037403321,Census Tract 4033.21,Diamond Bar,Los Angeles County,California,DiamondBar,333,132,0,14,10,18,25,31,0,14,8,14,11,17,0,14,39,52,192,118,48,63
2024,06037403323,Census Tract 4033.23,Diamond Bar,Los Angeles County,California,DiamondBar,407,137,0,19,16,21,24,33,9,16,67,64,30,35,8,14,41,50,212,121,0,19
2024,06037403324,Census Tract 4033.24,Diamond Bar,Los Angeles County,California,DiamondBar,549,188,0,19,101,128,24,39,0,19,24,36,61,86,37,57,49,65,166,131,87,97
2024,06037403325,Census Tract 4033.25,Diamond Bar,Los Angeles County,California,DiamondBar,375,105,16,24,0,14,9,14,0,14,47,41,0,14,172,97,0,14,91,67,40,63
2024,06037403326,Census Tract 4033.26,Diamond Bar,Los Angeles County,California,DiamondBar,169,87,0,14,33,24,12,17,17,20,44,37,0,14,42,61,0,14,21,29,0,14
2024,06037403327,Census Tract 4033.27,Diamond Bar,Los Angeles County,California,DiamondBar,51,32,0,14,0,14,24,25,13,17,6,11,0,14,0,14,0,14,8,14,0,14
2024,06037403328,Census Tract 4033.28,Diamond Bar,Los Angeles County,California,DiamondBar,459,130,0,19,22,25,48,39,24,28,36,30,88,78,38,38,47,59,115,74,41,43
2024,06037408703,Census Tract 4087.03,Diamond Bar,Los Angeles County,California,DiamondBar,114,67,0,19,0,19,24,38,17,22,0,19,0,19,0,19,25,39,32,33,16,23
2024,06037408707,Census Tract 4087.07,Diamond Bar,Los Angeles County,California,DiamondBar,250,115,55,61,0,19,0,19,17,28,60,62,0,19,0,19,15,25,83,77,20,25
2024,06037550501,Census Tract 5505.01,Downey,Los Angeles County,California,Downey,498,164,0,14,38,50,22,29,35,34,0,14,33,50,75,86,107,118,166,105,22,26
2024,06037550502,Census Tract 5505.02,Downey,Los Angeles County,California,Downey,267,178,0,14,0,14,0,14,47,50,0,14,11,18,19,33,178,170,12,22,0,14
2024,06037550601,Census Tract 5506.01,Downey,Los Angeles County,California,Downey,961,195,23,35,39,34,150,95,187,147,94,76,96,66,22,24,17,20,290,141,43,34
2024,06037550602,Census Tract 5506.02,Downey,Los Angeles County,California,Downey,288,104,0,14,14,23,42,46,0,14,63,59,21,34,36,53,0,14,56,62,56,48
2024,06037550700,Census Tract 5507,Downey,Los Angeles County,California,Downey,552,165,0,19,47,75,59,76,76,109,38,44,154,120,0,19,78,133,100,74,0,19
2024,06037550801,Census Tract 5508.01,Downey,Los Angeles County,California,Downey,598,273,0,19,66,93,10,16,45,50,68,59,88,85,69,65,237,256,7,18,8,14
2024,06037550802,Census Tract 5508.02,Downey,Los Angeles County,California,Downey,304,105,6,10,0,14,44,58,23,27,45,49,0,14,0,14,30,31,154,92,2,5
2024,06037550901,Census Tract 5509.01,Downey,Los Angeles County,California,Downey,1140,162,60,89,47,54,225,107,212,117,38,40,124,83,55,68,188,120,157,100,34,46
2024,06037550902,Census Tract 5509.02,Downey,Los Angeles County,California,Downey,1335,127,0,19,22,24,118,85,290,103,132,108,128,71,191,93,114,74,303,103,37,56
2024,06037551001,Census Tract 5510.01,Downey,Los Angeles County,California,Downey,266,118,29,47,27,30,18,20,15,24,23,27,32,39,30,48,20,30,72,68,0,14
2024,06037551002,Census Tract 5510.02,Downey,Los Angeles County,California,Downey,391,167,0,14,74,82,12,20,109,131,0,14,34,43,54,58,52,54,42,37,14,22
2024,06037551101,Census Tract 5511.01,Downey,Los Angeles County,California,Downey,725,110,0,14,35,35,88,72,174,105,103,93,107,91,80,79,23,30,105,79,10,17
2024,06037551102,Census Tract 5511.02,Downey,Los Angeles County,California,Downey,1770,179,37,41,82,59,213,116,150,93,182,110,191,122,232,119,176,89,465,133,42,46
2024,06037551201,Census Tract 5512.01,Downey,Los Angeles County,California,Downey,582,170,0,14,0,14,36,33,33,30,17,20,37,43,75,56,146,141,203,114,35,44
2024,06037551203,Census Tract 5512.03,Downey,Los Angeles County,California,Downey,393,112,0,14,0,14,29,44,19,22,39,47,28,35,36,55,34,58,129,91,79,72
2024,06037551204,Census Tract 5512.04,Downey,Los Angeles County,California,Downey,632,193,0,14,0,14,19,22,132,89,43,52,146,105,32,52,122,103,62,49,76,125
2024,06037551300,Census Tract 5513,Downey,Los Angeles County,California,Downey,1454,174,10,15,130,103,89,71,195,114,230,117,119,80,74,55,140,100,455,156,12,19
2024,06037551401,Census Tract 5514.01,Downey,Los Angeles County,California,Downey,732,161,43,68,17,27,68,72,98,112,122,96,52,60,82,85,32,39,218,106,0,14
2024,06037551402,Census Tract 5514.02,Downey,Los Angeles County,California,Downey,538,201,0,19,62,67,12,16,72,109,25,30,85,76,0,19,30,46,221,158,31,46
2024,06037551501,Census Tract 5515.01,Downey,Los Angeles County,California,Downey,702,222,40,53,0,14,138,138,60,73,59,80,10,17,89,69,162,115,111,98,33,33
2024,06037551502,Census Tract 5515.02,Downey,Los Angeles County,California,Downey,676,183,0,14,38,48,53,55,96,75,91,126,93,117,13,22,58,66,221,108,13,22
2024,06037551700,Census Tract 5517,Downey,Los Angeles County,California,Downey,597,116,58,49,3,7,84,55,91,55,34,27,8,13,69,64,14,21,192,108,44,44
2024,06037551801,Census Tract 5518.01,Downey,Los Angeles County,California,Downey,427,107,0,14,35,42,12,20,70,74,73,64,12,17,4,7,55,50,141,92,25,31
2024,06037551802,Census Tract 5518.02,Downey,Los Angeles County,California,Downey,801,122,0,14,38,50,108,78,63,62,67,55,150,104,94,73,129,104,113,70,39,33
2024,06037553400,Census Tract 5534,Downey,Los Angeles County,California,Downey,420,114,19,22,34,49,154,94,22,28,8,15,46,51,36,37,46,55,39,30,16,21
2024,06037577800,Census Tract 5778,Downey,Los Angeles County,California,Downey,174,131,0,14,5,9,7,11,73,105,15,20,66,79,0,14,0,14,8,14,0,14
2024,06037980012,Census Tract 9800.12,Downey,Los Angeles County,California,Downey,0,14,0,14,0,14,0,14,0,14,0,14,0,14,0,14,0,14,0,14,0,14
2024,06037430003,Census Tract 4300.03,Duarte,Los Angeles County,California,Duarte,211,71,0,14,26,23,21,22,28,27,45,52,9,15,27,31,0,14,55,50,0,14
2024,06037430004,Census Tract 4300.04,Duarte,Los Angeles County,California,Duarte,453,119,0,14,30,33,59,45,51,40,73,69,19,23,56,48,123,82,42,35,0,14
2024,06037430005,Census Tract 4300.05,Duarte,Los Angeles County,California,Duarte,452,261,0,14,0,14,28,36,188,250,10,21,26,33,25,32,99,79,49,42,27,26
2024,06037430101,Census Tract 4301.01,Duarte,Los Angeles County,California,Duarte,1280,225,27,43,13,21,179,123,118,81,152,103,116,101,85,108,85,73,426,157,79,54
2024,06037430102,Census Tract 4301.02,Duarte,Los Angeles County,California,Duarte,538,164,4,7,25,30,190,118,45,41,17,18,9,11,3,7,63,88,176,100,6,11
2024,06037530202,Census Tract 5302.02,East Los Angeles,Los Angeles County,California,EastLosAngeles,461,135,0,14,12,19,0,14,41,63,33,38,67,77,96,75,43,45,121,84,48,50
2024,06037530301,Census Tract 5303.01,East Los Angeles,Los Angeles County,California,EastLosAngeles,455,73,7,13,43,36,47,39,23,20,77,55,17,19,96,74,45,35,95,46,5,8
2024,06037530302,Census Tract 5303.02,East Los Angeles,Los Angeles County,California,EastLosAngeles,1159,193,64,59,140,78,118,76,49,48,101,64,52,43,41,67,174,127,402,140,18,24
2024,06037530400,Census Tract 5304,East Los Angeles,Los Angeles County,California,EastLosAngeles,873,149,17,24,126,89,60,51,94,79,90,70,25,25,33,44,93,59,211,106,124,79
2024,06037530500,Census Tract 5305,East Los Angeles,Los Angeles County,California,EastLosAngeles,681,133,56,38,31,28,182,82,61,54,34,34,78,64,0,14,77,64,87,59,75,59
2024,06037530603,Census Tract 5306.03,East Los Angeles,Los Angeles County,California,EastLosAngeles,653,138,22,23,87,81,34,32,32,36,137,83,75,58,23,28,28,43,148,91,67,61
2024,06037530700,Census Tract 5307,East Los Angeles,Los Angeles County,California,EastLosAngeles,316,76,0,14,28,21,31,31,45,33,29,26,18,28,19,22,35,31,61,43,50,50
2024,06037530801,Census Tract 5308.01,East Los Angeles,Los Angeles County,California,EastLosAngeles,754,187,9,15,63,57,142,96,95,81,142,88,0,19,32,34,64,56,157,101,50,61
2024,06037530802,Census Tract 5308.02,East Los Angeles,Los Angeles County,California,EastLosAngeles,332,76,0,14,19,18,18,23,43,36,39,34,50,38,22,27,48,39,78,40,15,16
2024,06037530901,Census Tract 5309.01,East Los Angeles,Los Angeles County,California,EastLosAngeles,686,106,49,58,70,49,98,59,94,63,50,42,24,21,27,28,43,41,227,99,4,7
2024,06037530902,Census Tract 5309.02,East Los Angeles,Los Angeles County,California,EastLosAngeles,828,196,13,23,79,71,59,50,24,24,204,146,138,86,26,30,61,81,162,86,62,75
2024,06037531000,Census Tract 5310,East Los Angeles,Los Angeles County,California,EastLosAngeles,628,136,43,47,75,65,84,59,105,64,76,59,36,40,48,64,20,35,99,66,42,43
2024,06037531101,Census Tract 5311.01,East Los Angeles,Los Angeles County,California,EastLosAngeles,843,160,42,62,64,45,65,45,139,122,56,54,24,36,74,58,108,97,222,111,49,66
2024,06037531102,Census Tract 5311.02,East Los Angeles,Los Angeles County,California,EastLosAngeles,567,114,60,45,112,80,35,28,12,14,101,48,52,41,7,11,49,43,132,59,7,10
2024,06037531201,Census Tract 5312.01,East Los Angeles,Los Angeles County,California,EastLosAngeles,759,197,27,44,68,110,105,87,123,75,43,50,119,102,0,14,46,59,190,99,38,60
2024,06037531202,Census Tract 5312.02,East Los Angeles,Los Angeles County,California,EastLosAngeles,910,136,20,36,53,65,129,90,82,80,107,81,115,101,34,40,43,51,303,124,24,21
2024,06037531301,Census Tract 5313.01,East Los Angeles,Los Angeles County,California,EastLosAngeles,1086,227,46,51,70,56,76,97,176,105,81,74,73,59,92,120,88,84,384,142,0,19
2024,06037531302,Census Tract 5313.02,East Los Angeles,Los Angeles County,California,EastLosAngeles,863,158,0,19,35,49,140,103,79,63,67,69,138,97,50,51,128,91,182,86,44,51
2024,06037531502,Census Tract 5315.02,East Los Angeles,Los Angeles County,California,EastLosAngeles,562,99,0,14,77,53,7,10,31,43,70,46,55,57,68,60,72,46,161,67,21,14
2024,06037531503,Census Tract 5315.03,East Los Angeles,Los Angeles County,California,EastLosAngeles,586,147,16,21,75,70,44,28,162,143,76,48,16,26,26,31,32,24,127,50,12,21
2024,06037531504,Census Tract 5315.04,East Los Angeles,Los Angeles County,California,EastLosAngeles,716,116,9,14,36,46,113,65,35,37,44,42,44,47,34,47,58,40,284,123,59,65
2024,06037531602,Census Tract 5316.02,East Los Angeles,Los Angeles County,California,EastLosAngeles,691,115,12,21,71,80,122,71,94,62,97,81,58,49,11,22,63,58,163,84,0,14
2024,06037531603,Census Tract 5316.03,East Los Angeles,Los Angeles County,California,EastLosAngeles,592,107,31,29,43,32,140,80,21,25,70,57,33,34,26,29,78,45,105,54,45,37
2024,06037531604,Census Tract 5316.04,East Los Angeles,Los Angeles County,California,EastLosAngeles,587,83,17,18,12,17,55,33,68,46,51,33,31,25,29,34,78,56,210,70,36,24
2024,06037531701,Census Tract 5317.01,East Los Angeles,Los Angeles County,California,EastLosAngeles,796,155,26,44,46,57,110,78,160,105,50,43,54,56,75,54,111,66,128,95,36,45
2024,06037531702,Census Tract 5317.02,East Los Angeles,Los Angeles County,California,EastLosAngeles,857,218,31,49,73,74,201,168,83,70,21,31,129,75,65,73,106,73,148,96,0,14
2024,06037531800,Census Tract 5318,East Los Angeles,Los Angeles County,California,EastLosAngeles,1066,232,43,48,306,236,196,89,71,54,61,56,75,69,47,48,49,45,138,94,80,61
2024,06037531901,Census Tract 5319.01,East Los Angeles,Los Angeles County,California,EastLosAngeles,1017,203,7,11,90,82,108,80,163,104,133,85,249,153,36,60,45,58,186,105,0,19
2024,06037531902,Census Tract 5319.02,East Los Angeles,Los Angeles County,California,EastLosAngeles,542,141,9,17,66,65,46,47,111,93,41,39,9,15,90,72,30,47,133,74,7,11
2024,06037463103,Census Tract 4631.03,East Pasadena,Los Angeles County,California,EastPasadena,578,154,17,25,0,19,60,48,36,32,74,94,17,28,23,34,66,57,242,108,43,39
2024,06037541802,Census Tract 5418.02,East Rancho Dominguez,Los Angeles County,California,EastRanchoDominguez,380,110,0,19,18,28,15,24,0,19,8,15,39,41,15,26,55,57,199,95,31,43
2024,06037542000,Census Tract 5420,East Rancho Dominguez,Los Angeles County,California,EastRanchoDominguez,413,87,0,19,108,85,33,41,26,40,45,43,31,51,37,51,20,32,80,65,33,40
2024,06037542103,Census Tract 5421.03,East Rancho Dominguez,Los Angeles County,California,EastRanchoDominguez,326,81,0,14,42,36,55,44,11,19,20,31,41,33,12,19,14,25,96,49,35,35
2024,06037542104,Census Tract 5421.04,East Rancho Dominguez,Los Angeles County,California,EastRanchoDominguez,437,116,0,14,11,17,0,14,53,40,117,99,41,43,39,35,12,18,117,52,47,38
2024,06037542105,Census Tract 5421.05,East Rancho Dominguez,Los Angeles County,California,EastRanchoDominguez,718,174,81,82,0,14,35,39,111,72,66,54,83,74,30,47,35,39,203,97,74,114
2024,06037542106,Census Tract 5421.06,East Rancho Dominguez,Los Angeles County,California,EastRanchoDominguez,490,115,17,27,0,14,24,29,41,29,140,100,16,26,12,17,76,57,112,56,52,43
2024,06037542200,Census Tract 5422,East Rancho Dominguez,Los Angeles County,California,EastRanchoDominguez,465,135,0,19,18,30,9,18,32,43,74,72,27,42,99,83,56,64,102,66,48,52
2024,06037431800,Census Tract 4318,East San Gabriel,Los Angeles County,California,EastSanGabriel,745,160,0,19,64,60,78,85,33,33,53,40,65,75,90,56,97,72,197,95,68,55
2024,06037480002,Census Tract 4800.02,East San Gabriel,Los Angeles County,California,EastSanGabriel,258,91,71,82,32,36,44,52,27,24,28,24,14,21,0,14,21,25,15,18,6,11
2024,06037480011,Census Tract 4800.11,East San Gabriel,Los Angeles County,California,EastSanGabriel,1039,189,9,14,13,14,139,90,135,108,123,83,58,38,136,89,45,42,363,170,18,21
2024,06037480012,Census Tract 4800.12,East San Gabriel,Los Angeles County,California,EastSanGabriel,840,151,0,14,35,33,50,36,139,92,128,94,68,62,72,58,74,57,191,73,83,67
2024,06037480102,Census Tract 4801.02,East San Gabriel,Los Angeles County,California,EastSanGabriel,470,154,0,14,35,36,88,62,38,34,85,58,10,16,10,15,22,24,100,56,82,105
2024,06037481102,Census Tract 4811.02,East San Gabriel,Los Angeles County,California,EastSanGabriel,1167,154,42,42,37,40,152,101,149,91,192,105,66,43,64,57,75,50,390,122,0,14
2024,06037481203,Census Tract 4812.03,East San Gabriel,Los Angeles County,California,EastSanGabriel,1011,200,0,19,83,72,91,87,163,106,43,44,144,114,84,91,98,97,250,144,55,54
2024,06037503701,Census Tract 5037.01,East Whittier,Los Angeles County,California,EastWhittier,666,153,9,15,75,60,75,75,9,16,107,81,28,21,119,87,19,28,225,125,0,19
2024,06037503702,Census Tract 5037.02,East Whittier,Los Angeles County,California,EastWhittier,561,147,28,42,87,114,12,19,137,79,145,104,30,27,20,32,47,48,47,38,8,9
2024,06037901210,Census Tract 9012.10,Elizabeth Lake,Los Angeles County,California,ElizabethLake,44,29,0,14,0,14,10,14,0,14,0,14,0,14,0,14,14,16,9,13,11,18
2024,06037901217,Census Tract 9012.17,Elizabeth Lake,Los Angeles County,California,ElizabethLake,26,34,0,14,0,14,26,34,0,14,0,14,0,14,0,14,0,14,0,14,0,14
2024,06037920102,Census Tract 9201.02,Elizabeth Lake,Los Angeles County,California,ElizabethLake,777,157,0,14,0,14,31,29,68,59,2,3,25,28,77,86,173,88,367,124,34,46
2024,06037431501,Census Tract 4315.01,El Monte,Los Angeles County,California,ElMonte,660,85,23,27,37,40,18,21,75,55,100,61,66,54,20,22,20,33,237,107,64,59
2024,06037431502,Census Tract 4315.02,El Monte,Los Angeles County,California,ElMonte,553,122,17,23,60,51,26,30,12,16,83,61,0,14,48,57,70,60,203,93,34,25
2024,06037432101,Census Tract 4321.01,El Monte,Los Angeles County,California,ElMonte,319,105,10,15,34,40,95,75,79,60,39,40,9,14,20,22,0,14,26,24,7,11
2024,06037432102,Census Tract 4321.02,El Monte,Los Angeles County,California,ElMonte,276,110,17,19,10,15,0,19,20,25,10,16,38,33,0,19,12,21,106,74,63,50
2024,06037432300,Census Tract 4323,El Monte,Los Angeles County,California,ElMonte,375,140,0,14,24,27,59,43,66,82,18,25,38,59,19,17,0,14,145,99,6,10
2024,06037432401,Census Tract 4324.01,El Monte,Los Angeles County,California,ElMonte,549,109,10,14,41,39,26,25,124,91,61,48,47,48,27,20,88,58,107,75,18,22
2024,06037432402,Census Tract 4324.02,El Monte,Los Angeles County,California,ElMonte,1009,132,6,10,15,19,85,61,134,79,146,98,32,36,52,51,145,92,383,118,11,19
2024,06037432501,Census Tract 4325.01,El Monte,Los Angeles County,California,ElMonte,601,147,8,13,28,36,129,109,60,56,134,82,9,15,41,48,95,79,55,43,42,58
2024,06037432502,Census Tract 4325.02,El Monte,Los Angeles County,California,ElMonte,294,113,25,35,0,14,25,23,62,59,62,73,33,36,17,22,13,20,29,29,28,28
2024,06037432601,Census Tract 4326.01,El Monte,Los Angeles County,California,ElMonte,1007,235,10,16,48,64,61,66,133,88,55,68,106,101,15,22,98,72,378,149,103,116
2024,06037432602,Census Tract 4326.02,El Monte,Los Angeles County,California,ElMonte,425,137,0,14,15,18,25,28,31,47,77,63,0,14,60,66,37,33,172,111,8,13
2024,06037432700,Census Tract 4327,El Monte,Los Angeles County,California,ElMonte,835,156,0,14,33,44,114,112,69,72,122,67,23,25,40,44,89,67,253,119,92,94
2024,06037432801,Census Tract 4328.01,El Monte,Los Angeles County,California,ElMonte,592,80,0,14,33,27,53,31,78,49,57,29,36,23,6,9,64,41,226,61,39,27
2024,06037432802,Census Tract 4328.02,El Monte,Los Angeles County,California,ElMonte,1275,211,120,156,57,53,65,42,158,108,152,74,141,82,121,105,142,85,264,103,55,55
2024,06037432902,Census Tract 4329.02,El Monte,Los Angeles County,California,ElMonte,249,51,9,13,26,30,30,25,35,26,3,5,15,17,5,8,64,38,56,38,6,8
2024,06037433103,Census Tract 4331.03,El Monte,Los Angeles County,California,ElMonte,1103,175,8,14,52,55,116,82,110,81,151,100,112,76,77,68,196,112,277,120,4,7
2024,06037433200,Census Tract 4332,El Monte,Los Angeles County,California,ElMonte,820,147,25,39,10,15,86,60,20,24,125,78,74,54,121,57,52,35,292,127,15,25
2024,06037433302,Census Tract 4333.02,El Monte,Los Angeles County,California,ElMonte,400,108,14,14,11,14,60,45,27,28,81,74,59,41,23,27,48,47,67,49,10,13
2024,06037433304,Census Tract 4333.04,El Monte,Los Angeles County,California,ElMonte,918,115,47,43,94,68,46,44,124,85,58,49,0,14,55,55,88,61,406,108,0,14
2024,06037433305,Census Tract 4333.05,El Monte,Los Angeles County,California,ElMonte,1081,151,27,43,53,53,109,78,154,99,133,77,169,104,87,81,80,62,241,131,28,24
2024,06037433306,Census Tract 4333.06,El Monte,Los Angeles County,California,ElMonte,384,82,5,8,6,11,104,57,39,31,48,34,10,11,25,21,17,16,96,47,34,49
2024,06037433307,Census Tract 4333.07,El Monte,Los Angeles County,California,ElMonte,436,83,0,14,48,44,14,18,65,41,52,48,25,40,21,25,80,69,96,47,35,33
2024,06037433402,Census Tract 4334.02,El Monte,Los Angeles County,California,ElMonte,960,105,38,59,49,50,147,88,169,92,9,15,68,68,166,107,107,70,207,121,0,14
2024,06037433403,Census Tract 4334.03,El Monte,Los Angeles County,California,ElMonte,897,106,0,14,43,41,116,70,79,58,83,64,23,33,86,71,94,98,364,123,9,16
2024,06037433505,Census Tract 4335.05,El Monte,Los Angeles County,California,ElMonte,722,122,0,14,12,19,90,73,153,82,114,104,36,34,50,45,75,63,153,84,39,52
2024,06037433901,Census Tract 4339.01,El Monte,Los Angeles County,California,ElMonte,1030,179,12,20,27,41,183,103,92,67,129,116,22,35,105,75,179,134,281,94,0,19
2024,06037433903,Census Tract 4339.03,El Monte,Los Angeles County,California,ElMonte,852,144,43,50,17,13,143,92,19,19,51,49,22,35,59,49,86,81,388,152,24,39
2024,06037434001,Census Tract 4340.01,El Monte,Los Angeles County,California,ElMonte,304,77,8,13,0,14,12,21,52,45,25,35,22,35,0,14,76,57,109,66,0,14
2024,06037434003,Census Tract 4340.03,El Monte,Los Angeles County,California,ElMonte,522,89,0,14,14,16,63,41,60,43,21,21,122,76,23,23,60,41,120,61,39,30
2024,06037620001,Census Tract 6200.01,El Segundo,Los Angeles County,California,ElSegundo,866,163,22,27,132,79,164,99,111,81,70,48,12,19,151,107,91,77,113,69,0,14
2024,06037620002,Census Tract 6200.02,El Segundo,Los Angeles County,California,ElSegundo,1031,183,33,40,72,52,111,59,191,105,87,59,163,103,25,32,162,93,134,78,53,48
2024,06037620101,Census Tract 6201.01,El Segundo,Los Angeles County,California,ElSegundo,1005,314,22,37,40,57,251,188,150,132,211,211,156,132,44,51,40,47,91,76,0,19
2024,06037620102,Census Tract 6201.02,El Segundo,Los Angeles County,California,ElSegundo,1373,300,25,27,172,171,289,244,279,99,230,133,10,17,46,52,62,61,179,85,81,55
2024,06037980013,Census Tract 9800.13,El Segundo,Los Angeles County,California,ElSegundo,0,14,0,14,0,14,0,14,0,14,0,14,0,14,0,14,0,14,0,14,0,14
2024,06037980030,Census Tract 9800.30,El Segundo,Los Angeles County,California,ElSegundo,0,14,0,14,0,14,0,14,0,14,0,14,0,14,0,14,0,14,0,14,0,14
2024,06037990200,Census Tract 9902,El Segundo,Los Angeles County,California,ElSegundo,0,14,0,14,0,14,0,14,0,14,0,14,0,14,0,14,0,14,0,14,0,14
2024,06037532700,Census Tract 5327,Florence-Graham,Los Angeles County,California,Florence-Graham,424,83,36,35,33,31,25,30,85,46,31,43,76,54,0,14,43,41,95,58,0,14
2024,06037532800,Census Tract 5328,Florence-Graham,Los Angeles County,California,Florence-Graham,706,93,0,14,30,30,109,65,84,83,81,61,31,35,39,40,129,58,192,87,11,19
2024,06037532900,Census Tract 5329,Florence-Graham,Los Angeles County,California,Florence-Graham,1310,185,21,37,71,79,42,33,181,139,95,77,133,92,108,77,199,98,452,164,8,14
2024,06037533001,Census Tract 5330.01,Florence-Graham,Los Angeles County,California,Florence-Graham,696,105,8,13,85,58,95,77,129,86,19,31,81,49,86,58,49,47,125,76,19,22
2024,06037533002,Census Tract 5330.02,Florence-Graham,Los Angeles County,California,Florence-Graham,328,112,0,14,38,27,29,30,41,48,60,48,34,27,6,16,28,36,92,49,0,14
2024,06037534900,Census Tract 5349,Florence-Graham,Los Angeles County,California,Florence-Graham,1002,135,44,48,81,64,92,66,172,101,41,33,20,31,61,56,145,88,282,100,64,53
2024,06037535001,Census Tract 5350.01,Florence-Graham,Los Angeles County,California,Florence-Graham,618,92,0,14,7,11,45,48,97,86,46,53,112,69,0,14,157,99,154,68,0,14
2024,06037535002,Census Tract 5350.02,Florence-Graham,Los Angeles County,California,Florence-Graham,599,93,0,14,12,18,43,40,113,71,58,48,62,51,37,35,61,47,176,74,37,32
2024,06037535101,Census Tract 5351.01,Florence-Graham,Los Angeles County,California,Florence-Graham,1181,328,10,16,42,30,32,40,250,121,222,258,38,41,28,33,240,105,237,105,82,112
2024,06037535102,Census Tract 5351.02,Florence-Graham,Los Angeles County,California,Florence-Graham,688,172,0,14,13,23,59,66,26,34,63,62,36,37,116,108,100,65,242,106,33,40
2024,06037535200,Census Tract 5352,Florence-Graham,Los Angeles County,California,Florence-Graham,602,106,0,19,14,24,54,56,59,54,34,41,78,57,88,59,105,58,160,84,10,17
2024,06037535300,Census Tract 5353,Florence-Graham,Los Angeles County,California,Florence-Graham,661,134,30,35,26,39,56,49,28,44,96,76,111,82,45,42,22,31,222,93,25,27
2024,06037535400,Census Tract 5354,Florence-Graham,Los Angeles County,California,Florence-Graham,384,69,0,14,11,9,23,26,42,44,31,30,47,36,0,14,35,28,175,66,20,27
2024,06037602601,Census Tract 6026.01,Gardena,Los Angeles County,California,Gardena,593,140,34,41,8,14,61,90,0,14,24,25,90,65,30,48,54,47,283,124,9,14
2024,06037602602,Census Tract 6026.02,Gardena,Los Angeles County,California,Gardena,545,151,0,14,26,43,18,27,4,7,22,36,31,35,0,14,71,66,320,153,53,42
2024,06037602900,Census Tract 6029,Gardena,Los Angeles County,California,Gardena,649,224,165,211,90,77,106,85,38,47,131,116,32,48,0,14,0,14,54,59,33,41
2024,06037603004,Census Tract 6030.04,Gardena,Los Angeles County,California,Gardena,528,61,7,12,50,33,80,38,47,33,55,49,10,15,31,21,74,31,169,60,5,8
2024,06037603005,Census Tract 6030.05,Gardena,Los Angeles County,California,Gardena,1310,244,95,109,23,25,168,152,130,102,64,58,101,78,58,55,268,140,378,154,25,29
2024,06037603006,Census Tract 6030.06,Gardena,Los Angeles County,California,Gardena,504,74,43,31,31,28,38,32,44,30,115,73,41,34,17,26,32,33,122,66,21,28
2024,06037603007,Census Tract 6030.07,Gardena,Los Angeles County,California,Gardena,684,146,0,14,0,14,7,13,49,38,11,17,172,118,28,30,118,92,208,104,91,63
2024,06037603008,Census Tract 6030.08,Gardena,Los Angeles County,California,Gardena,644,279,8,13,28,42,46,57,120,96,236,258,25,37,33,43,46,49,92,68,10,16
2024,06037603101,Census Tract 6031.01,Gardena,Los Angeles County,California,Gardena,1091,192,0,14,62,64,112,72,181,85,99,59,50,55,69,53,126,96,363,178,29,46
2024,06037603102,Census Tract 6031.02,Gardena,Los Angeles County,California,Gardena,894,153,31,37,30,34,127,112,93,64,26,20,103,60,71,63,192,104,199,77,22,29
2024,06037603200,Census Tract 6032,Gardena,Los Angeles County,California,Gardena,435,117,12,23,55,60,35,39,0,14,45,38,32,33,17,19,138,95,81,52,20,20
2024,06037603301,Census Tract 6033.01,Gardena,Los Angeles County,California,Gardena,1015,124,28,36,79,70,187,81,49,39,190,69,35,31,91,68,60,49,256,87,40,47
2024,06037603302,Census Tract 6033.02,Gardena,Los Angeles County,California,Gardena,657,120,40,36,86,77,72,44,95,69,89,50,28,34,53,56,55,50,122,69,17,19
2024,06037603400,Census Tract 6034,Gardena,Los Angeles County,California,Gardena,559,122,21,36,23,27,59,42,139,80,73,59,59,52,11,20,21,27,88,62,65,53
2024,06037603500,Census Tract 6035,Gardena,Los Angeles County,California,Gardena,289,81,12,15,0,14,31,38,30,31,27,27,10,15,24,25,18,23,126,75,11,13
2024,06037603600,Census Tract 6036,Gardena,Los Angeles County,California,Gardena,256,99,0,14,26,29,36,49,26,28,0,14,44,56,17,20,49,61,46,33,12,18
2024,06037300301,Census Tract 3003.01,Glendale,Los Angeles County,California,Glendale,307,105,37,55,13,21,88,85,0,19,0,19,0,19,15,24,46,53,80,47,28,46
2024,06037300400,Census Tract 3004,Glendale,Los Angeles County,California,Glendale,369,136,37,41,8,14,52,50,84,72,30,44,7,12,52,57,38,45,52,63,9,13
2024,06037300601,Census Tract 3006.01,Glendale,Los Angeles County,California,Glendale,1200,148,14,17,65,46,172,90,80,48,124,70,67,60,49,33,89,73,500,142,40,46
2024,06037300602,Census Tract 3006.02,Glendale,Los Angeles County,California,Glendale,512,113,13,20,31,30,51,36,0,14,57,62,8,14,80,55,12,18,154,80,106,62
2024,06037300701,Census Tract 3007.01,Glendale,Los Angeles County,California,Glendale,348,161,47,63,0,19,31,50,24,40,10,17,0,19,2,13,10,19,212,162,12,20
2024,06037300702,Census Tract 3007.02,Glendale,Los Angeles County,California,Glendale,380,201,0,19,0,19,0,19,0,19,59,78,0,19,12,19,108,111,76,77,125,109
2024,06037300800,Census Tract 3008,Glendale,Los Angeles County,California,Glendale,1444,426,0,19,0,19,98,90,250,181,221,115,269,356,16,25,179,118,375,172,36,41
2024,06037300901,Census Tract 3009.01,Glendale,Los Angeles County,California,Glendale,187,92,0,19,0,19,0,19,12,18,18,29,0,19,41,42,0,19,84,64,32,54
2024,06037300902,Census Tract 3009.02,Glendale,Los Angeles County,California,Glendale,102,54,0,14,3,5,0,14,2,8,0,14,29,30,0,14,16,25,17,25,35,36
2024,06037301000,Census Tract 3010,Glendale,Los Angeles County,California,Glendale,1021,179,85,115,33,39,180,101,6,11,79,56,185,141,50,66,187,146,123,75,93,87
2024,06037301100,Census Tract 3011,Glendale,Los Angeles County,California,Glendale,1675,295,42,63,75,77,103,71,89,76,183,121,185,163,76,64,10,17,891,273,21,36
2024,06037301203,Census Tract 3012.03,Glendale,Los Angeles County,California,Glendale,1012,164,79,77,50,40,78,54,116,65,63,63,101,79,25,24,111,70,322,122,67,65
2024,06037301204,Census Tract 3012.04,Glendale,Los Angeles County,California,Glendale,1796,189,64,58,107,99,226,154,205,117,117,95,71,60,193,125,146,107,652,190,15,24
2024,06037301205,Census Tract 3012.05,Glendale,Los Angeles County,California,Glendale,214,85,0,14,5,6,5,8,6,8,0,14,0,14,36,28,30,30,132,85,0,14
2024,06037301206,Census Tract 3012.06,Glendale,Los Angeles County,California,Glendale,1340,243,20,23,110,69,162,161,100,75,126,68,48,39,76,57,93,74,550,194,55,47
2024,06037301300,Census Tract 3013,Glendale,Los Angeles County,California,Glendale,12,12,0,14,0,14,4,6,0,14,0,14,3,4,0,14,0,14,0,14,5,9
2024,06037301400,Census Tract 3014,Glendale,Los Angeles County,California,Glendale,155,69,7,11,22,20,9,14,8,12,0,14,6,9,25,36,0,14,41,44,37,38
2024,06037301501,Census Tract 3015.01,Glendale,Los Angeles County,California,Glendale,85,38,0,14,19,24,5,8,26,24,0,14,0,14,5,13,0,14,30,21,0,14
2024,06037301502,Census Tract 3015.02,Glendale,Los Angeles County,California,Glendale,2149,237,31,38,139,97,211,126,236,108,108,87,176,141,231,121,352,200,652,213,13,20
2024,06037301601,Census Tract 3016.01,Glendale,Los Angeles County,California,Glendale,1914,249,95,84,175,123,213,175,100,75,274,148,78,78,24,33,92,69,841,232,22,28
2024,06037301602,Census Tract 3016.02,Glendale,Los Angeles County,California,Glendale,1017,163,17,19,60,50,138,52,109,67,96,56,91,65,39,27,57,53,410,158,0,14
2024,06037301701,Census Tract 3017.01,Glendale,Los Angeles County,California,Glendale,572,128,69,57,6,10,109,67,34,36,33,44,47,40,0,14,55,45,160,100,59,51
2024,06037301702,Census Tract 3017.02,Glendale,Los Angeles County,California,Glendale,1576,229,62,84,149,106,124,66,121,86,140,96,90,69,97,102,144,95,582,233,67,74
2024,06037301801,Census Tract 3018.01,Glendale,Los Angeles County,California,Glendale,2220,163,35,41,35,32,211,116,185,114,172,108,272,154,103,66,176,94,904,201,127,77
2024,06037301802,Census Tract 3018.02,Glendale,Los Angeles County,California,Glendale,2269,169,25,36,101,90,356,186,187,100,284,151,196,118,139,96,208,125,661,165,112,107
2024,06037301901,Census Tract 3019.01,Glendale,Los Angeles County,California,Glendale,1052,194,42,41,122,100,111,85,150,105,103,93,12,20,0,14,154,105,322,126,36,34
2024,06037301902,Census Tract 3019.02,Glendale,Los Angeles County,California,Glendale,717,188,24,38,23,26,77,67,87,76,73,47,140,151,9,15,19,31,227,112,38,42
2024,06037302002,Census Tract 3020.02,Glendale,Los Angeles County,California,Glendale,1454,267,36,52,60,52,115,78,68,61,67,57,71,42,112,70,127,85,610,227,188,162
2024,06037302003,Census Tract 3020.03,Glendale,Los Angeles County,California,Glendale,1294,236,50,44,38,32,36,31,93,58,131,98,60,47,79,47,76,53,466,139,265,213
2024,06037302004,Census Tract 3020.04,Glendale,Los Angeles County,California,Glendale,1282,191,77,65,145,127,30,23,93,84,74,57,115,79,30,23,95,61,551,130,72,59
2024,06037302102,Census Tract 3021.02,Glendale,Los Angeles County,California,Glendale,1530,219,14,22,146,93,197,117,147,106,100,56,148,110,73,63,97,99,349,152,259,132
2024,06037302103,Census Tract 3021.03,Glendale,Los Angeles County,California,Glendale,1622,243,43,32,66,80,165,123,142,102,167,126,62,54,125,121,143,126,606,176,103,73
2024,06037302104,Census Tract 3021.04,Glendale,Los Angeles County,California,Glendale,1106,139,18,22,23,22,85,51,171,111,164,81,71,59,179,89,53,44,319,122,23,26
2024,06037302201,Census Tract 3022.01,Glendale,Los Angeles County,California,Glendale,1630,150,17,21,96,77,92,58,104,53,213,89,161,72,158,85,213,83,533,121,43,41
2024,06037302202,Census Tract 3022.02,Glendale,Los Angeles County,California,Glendale,1729,186,9,14,87,58,115,70,195,82,174,77,97,52,62,51,181,96,660,213,149,85
2024,06037302301,Census Tract 3023.01,Glendale,Los Angeles County,California,Glendale,1135,159,64,54,44,48,61,46,129,80,82,64,103,69,60,46,86,64,371,131,135,93
2024,06037302302,Census Tract 3023.02,Glendale,Los Angeles County,California,Glendale,1737,193,45,40,77,57,56,49,149,72,196,109,139,80,158,123,148,92,659,177,110,95
2024,06037302401,Census Tract 3024.01,Glendale,Los Angeles County,California,Glendale,2626,293,23,26,16,29,418,273,186,118,259,140,304,160,454,222,125,92,688,216,153,116
2024,06037302503,Census Tract 3025.03,Glendale,Los Angeles County,California,Glendale,1161,168,25,41,141,113,80,63,105,59,66,44,89,65,14,18,50,40,572,140,19,22
2024,06037302504,Census Tract 3025.04,Glendale,Los Angeles County,California,Glendale,1178,118,31,36,48,40,63,51,100,75,107,65,51,41,47,46,93,67,588,148,50,44
2024,06037302505,Census Tract 3025.05,Glendale,Los Angeles County,California,Glendale,1228,171,22,24,47,37,142,135,133,70,106,73,128,87,73,45,116,73,448,105,13,19
2024,06037302506,Census Tract 3025.06,Glendale,Los Angeles County,California,Glendale,691,111,0,14,20,32,83,54,8,12,76,40,90,62,32,32,33,27,333,117,16,23
2024,06037400402,Census Tract 4004.02,Glendora,Los Angeles County,California,Glendora,466,204,33,55,31,46,8,13,148,158,12,19,27,41,6,10,46,47,155,80,0,14
2024,06037400404,Census Tract 4004.04,Glendora,Los Angeles County,California,Glendora,104,80,19,25,48,67,0,14,28,32,0,14,0,14,0,14,0,14,0,14,9,11
2024,06037400501,Census Tract 4005.01,Glendora,Los Angeles County,California,Glendora,53,28,3,7,4,7,5,8,0,14,12,15,13,19,0,14,0,14,0,14,16,14
2024,06037400801,Census Tract 4008.01,Glendora,Los Angeles County,California,Glendora,542,140,0,19,32,51,22,28,165,130,13,20,58,62,10,19,49,55,142,91,51,54
2024,06037401001,Census Tract 4010.01,Glendora,Los Angeles County,California,Glendora,121,63,0,14,0,14,0,14,0,14,27,32,14,24,0,14,0,14,80,55,0,14
2024,06037401002,Census Tract 4010.02,Glendora,Los Angeles County,California,Glendora,858,165,7,10,19,29,63,32,117,69,139,80,129,77,16,18,71,61,287,138,10,15
2024,06037401101,Census Tract 4011.01,Glendora,Los Angeles County,California,Glendora,968,213,15,24,22,25,51,37,73,71,187,161,117,69,64,52,107,78,319,110,13,20
2024,06037401102,Census Tract 4011.02,Glendora,Los Angeles County,California,Glendora,819,168,7,12,50,47,214,143,79,71,115,79,44,47,37,35,79,64,194,80,0,14
2024,06037401201,Census Tract 4012.01,Glendora,Los Angeles County,California,Glendora,163,56,0,14,25,27,6,12,53,56,41,37,17,22,0,14,11,18,10,15,0,14
2024,06037401202,Census Tract 4012.02,Glendora,Los Angeles County,California,Glendora,223,117,0,14,0,14,53,49,47,52,0,14,34,45,0,14,0,14,81,83,8,13
2024,06037401203,Census Tract 4012.03,Glendora,Los Angeles County,California,Glendora,429,111,0,14,20,24,35,55,22,22,21,35,46,45,48,53,7,11,224,101,6,10
2024,06037401311,Census Tract 4013.11,Glendora,Los Angeles County,California,Glendora,911,217,24,28,25,28,83,68,182,109,98,85,6,12,23,31,0,19,366,159,104,101
2024,06037403901,Census Tract 4039.01,Glendora,Los Angeles County,California,Glendora,275,76,26,37,20,22,38,30,0,14,57,45,66,52,0,14,0,14,62,46,6,12
2024,06037403902,Census Tract 4039.02,Glendora,Los Angeles County,California,Glendora,485,164,0,19,9,15,6,10,44,38,110,101,50,49,17,21,17,25,182,133,50,45
2024,06037404000,Census Tract 4040,Glendora,Los Angeles County,California,Glendora,517,86,18,22,9,15,24,29,131,68,100,54,84,60,72,45,7,10,72,61,0,14
2024,06037920050,Census Tract 9200.50,Green Valley (Los Angeles County),Los Angeles County,California,GreenValley(LosAngelesCounty),118,69,6,10,0,14,4,6,32,36,0,14,0,14,6,9,8,13,58,58,4,6
2024,06037920102,Census Tract 9201.02,Green Valley (Los Angeles County),Los Angeles County,California,GreenValley(LosAngelesCounty),777,157,0,14,0,14,31,29,68,59,2,3,25,28,77,86,173,88,367,124,34,46
2024,06037408401,Census Tract 4084.01,Hacienda Heights,Los Angeles County,California,HaciendaHeights,350,100,19,23,7,13,19,31,41,42,37,37,23,24,60,45,7,14,87,61,50,47
2024,06037408402,Census Tract 4084.02,Hacienda Heights,Los Angeles County,California,HaciendaHeights,276,120,5,7,44,45,12,19,106,90,33,50,11,17,29,46,0,19,22,31,14,15
2024,06037408503,Census Tract 4085.03,Hacienda Heights,Los Angeles County,California,HaciendaHeights,250,104,0,19,69,73,27,41,11,19,8,14,12,19,0,19,27,39,45,50,51,54
2024,06037408504,Census Tract 4085.04,Hacienda Heights,Los Angeles County,California,HaciendaHeights,610,141,16,24,36,31,57,55,105,64,131,104,51,54,26,32,58,52,124,74,6,9
2024,06037408505,Census Tract 4085.05,Hacienda Heights,Los Angeles County,California,HaciendaHeights,131,58,0,14,0,14,9,14,0,14,0,14,22,24,0,14,2,6,59,39,39,26
2024,06037408623,Census Tract 4086.23,Hacienda Heights,Los Angeles County,California,HaciendaHeights,291,71,46,41,25,32,38,39,54,32,0,14,25,23,25,26,0,14,64,29,14,14
2024,06037408624,Census Tract 4086.24,Hacienda Heights,Los Angeles County,California,HaciendaHeights,216,81,0,14,9,15,52,49,11,18,13,21,5,10,27,34,0,14,42,52,57,39
2024,06037408625,Census Tract 4086.25,Hacienda Heights,Los Angeles County,California,HaciendaHeights,236,87,0,14,22,25,10,15,11,17,0,14,5,22,45,58,31,29,20,22,92,59
2024,06037408627,Census Tract 4086.27,Hacienda Heights,Los Angeles County,California,HaciendaHeights,135,72,0,14,0,14,5,8,29,42,3,5,0,14,12,21,14,20,29,27,43,40
2024,06037408628,Census Tract 4086.28,Hacienda Heights,Los Angeles County,California,HaciendaHeights,696,168,0,19,34,44,51,55,122,105,10,16,106,79,35,54,63,60,188,93,87,70
2024,06037408629,Census Tract 4086.29,Hacienda Heights,Los Angeles County,California,HaciendaHeights,173,59,0,14,8,14,43,29,23,26,0,14,0,14,0,14,5,9,58,39,36,34
2024,06037408631,Census Tract 4086.31,Hacienda Heights,Los Angeles County,California,HaciendaHeights,286,116,0,19,39,39,29,29,0,19,0,19,45,64,0,19,37,47,90,64,46,42
2024,06037409100,Census Tract 4091,Hacienda Heights,Los Angeles County,California,HaciendaHeights,491,108,28,44,53,49,13,22,86,66,54,65,38,47,21,25,61,58,92,59,45,37
2024,06037500202,Census Tract 5002.02,Hacienda Heights,Los Angeles County,California,HaciendaHeights,207,151,0,14,0,14,0,14,0,14,44,68,32,45,0,14,0,14,55,58,76,95
2024,06037501600,Census Tract 5016,Hacienda Heights,Los Angeles County,California,HaciendaHeights,978,256,24,48,77,68,51,53,59,57,141,134,15,25,132,123,288,190,152,142,39,61
2024,06037980035,Census Tract 9800.35,Hacienda Heights,Los Angeles County,California,HaciendaHeights,125,50,19,19,14,18,7,11,24,23,0,14,32,28,4,6,13,16,12,16,0,14
2024,06037920104,Census Tract 9201.04,Hasley Canyon,Los Angeles County,California,HasleyCanyon,68,52,23,31,0,14,0,14,0,14,18,27,0,14,0,14,0,14,19,31,8,12
2024,06037920106,Census Tract 9201.06,Hasley Canyon,Los Angeles County,California,HasleyCanyon,135,58,9,12,19,23,0,14,17,17,17,27,0,14,16,27,49,55,8,12,0,14
2024,06037920116,Census Tract 9201.16,Hasley Canyon,Los Angeles County,California,HasleyCanyon,104,64,0,14,10,16,10,16,23,27,0,14,9,14,9,16,28,45,15,24,0,14
2024,06037920119,Census Tract 9201.19,Hasley Canyon,Los Angeles County,California,HasleyCanyon,15,14,0,14,0,14,5,8,0,14,6,9,0,14,0,14,0,14,4,6,0,14
2024,06037555106,Census Tract 5551.06,Hawaiian Gardens,Los Angeles County,California,HawaiianGardens,576,133,0,14,17,28,24,27,49,47,51,62,145,130,18,22,41,61,198,90,33,50
2024,06037555211,Census Tract 5552.11,Hawaiian Gardens,Los Angeles County,California,HawaiianGardens,919,159,20,24,151,111,60,62,148,89,70,71,69,61,61,55,45,43,268,140,27,42
2024,06037555212,Census Tract 5552.12,Hawaiian Gardens,Los Angeles County,California,HawaiianGardens,723,141,24,27,10,16,113,61,127,95,123,89,22,31,0,19,142,107,152,101,10,17
2024,06037601600,Census Tract 6016,Hawthorne,Los Angeles County,California,Hawthorne,875,299,24,39,67,61,160,85,76,59,5,15,0,14,110,102,51,55,353,287,29,34
2024,06037601700,Census Tract 6017,Hawthorne,Los Angeles County,California,Hawthorne,1059,219,113,87,33,36,121,83,36,37,64,59,40,66,74,67,198,170,300,117,80,92
2024,06037602002,Census Tract 6020.02,Hawthorne,Los Angeles County,California,Hawthorne,592,134,0,14,11,17,69,37,27,21,146,94,60,56,20,23,48,35,211,76,0,14
2024,06037602103,Census Tract 6021.03,Hawthorne,Los Angeles County,California,Hawthorne,1527,202,0,19,0,19,118,79,101,107,147,128,173,127,177,123,221,134,590,208,0,19
2024,06037602104,Census Tract 6021.04,Hawthorne,Los Angeles County,California,Hawthorne,1265,209,8,14,19,29,134,94,175,87,126,65,80,49,106,87,177,94,430,207,10,17
2024,06037602105,Census Tract 6021.05,Hawthorne,Los Angeles County,California,Hawthorne,1287,212,10,15,52,54,146,105,76,59,174,105,121,92,75,53,141,75,452,238,40,65
2024,06037602106,Census Tract 6021.06,Hawthorne,Los Angeles County,California,Hawthorne,1931,323,133,124,77,86,193,175,351,193,194,123,222,231,201,143,157,112,388,152,15,27
2024,06037602201,Census Tract 6022.01,Hawthorne,Los Angeles County,California,Hawthorne,837,160,0,14,11,22,88,61,149,116,184,103,89,90,42,37,76,82,198,104,0,14
2024,06037602202,Census Tract 6022.02,Hawthorne,Los Angeles County,California,Hawthorne,720,100,33,53,71,81,74,44,39,40,150,112,112,86,24,20,79,87,138,67,0,14
2024,06037602301,Census Tract 6023.01,Hawthorne,Los Angeles County,California,Hawthorne,417,147,31,31,23,29,28,34,57,51,11,18,16,19,40,62,44,42,136,113,31,26
2024,06037602302,Census Tract 6023.02,Hawthorne,Los Angeles County,California,Hawthorne,233,92,0,14,0,14,27,33,31,38,37,35,41,38,19,31,0,14,61,48,17,28
2024,06037602402,Census Tract 6024.02,Hawthorne,Los Angeles County,California,Hawthorne,1197,259,18,30,186,183,248,138,116,89,67,60,64,61,138,111,115,111,217,128,28,34
2024,06037602403,Census Tract 6024.03,Hawthorne,Los Angeles County,California,Hawthorne,1237,154,12,20,106,81,214,101,111,67,56,62,220,101,60,71,112,65,342,114,4,7
2024,06037602404,Census Tract 6024.04,Hawthorne,Los Angeles County,California,Hawthorne,1352,158,28,33,93,56,77,39,104,71,153,90,107,69,154,94,104,69,502,181,30,46
2024,06037602504,Census Tract 6025.04,Hawthorne,Los Angeles County,California,Hawthorne,1604,179,27,40,172,161,194,123,173,93,154,81,105,94,131,67,251,123,397,145,0,14
2024,06037602505,Census Tract 6025.05,Hawthorne,Los Angeles County,California,Hawthorne,1514,143,6,13,72,48,209,111,196,101,133,87,77,68,108,80,190,102,448,132,75,61
2024,06037602506,Census Tract 6025.06,Hawthorne,Los Angeles County,California,Hawthorne,1694,127,84,94,120,91,298,138,223,138,290,135,36,38,45,49,65,49,445,177,88,90
2024,06037602507,Census Tract 6025.07,Hawthorne,Los Angeles County,California,Hawthorne,1721,211,0,14,0,14,204,124,318,145,41,39,46,44,156,107,332,151,606,184,18,28
2024,06037602510,Census Tract 6025.10,Hawthorne,Los Angeles County,California,Hawthorne,1076,231,0,14,0,14,191,130,119,100,75,66,20,20,147,109,63,53,388,215,73,94
2024,06037602511,Census Tract 6025.11,Hawthorne,Los Angeles County,California,Hawthorne,1323,267,37,61,0,14,137,118,160,94,13,20,129,89,220,192,200,116,405,245,22,34
2024,06037602513,Census Tract 6025.13,Hawthorne,Los Angeles County,California,Hawthorne,449,72,30,30,38,38,26,28,36,48,15,18,53,55,7,11,69,47,175,67,0,14
2024,06037602700,Census Tract 6027,Hawthorne,Los Angeles County,California,Hawthorne,269,110,0,14,32,50,27,32,65,62,0,14,0,14,0,14,52,42,56,33,37,40
2024,06037603702,Census Tract 6037.02,Hawthorne,Los Angeles County,California,Hawthorne,291,104,11,18,37,55,19,30,69,75,12,17,6,11,20,29,0,19,109,77,8,15
2024,06037603703,Census Tract 6037.03,Hawthorne,Los Angeles County,California,Hawthorne,68,50,0,14,6,9,0,14,25,36,27,34,0,14,0,14,5,9,0,14,5,9
2024,06037603705,Census Tract 6037.05,Hawthorne,Los Angeles County,California,Hawthorne,724,146,34,34,52,52,26,23,120,67,34,52,88,79,60,42,41,47,269,107,0,14
2024,06037621001,Census Tract 6210.01,Hermosa Beach,Los Angeles County,California,HermosaBeach,848,201,56,51,36,44,130,81,74,52,28,25,58,53,62,44,168,169,171,97,65,57
2024,06037621005,Census Tract 6210.05,Hermosa Beach,Los Angeles County,California,HermosaBeach,1232,254,114,107,108,69,115,75,228,152,111,103,227,144,0,14,67,54,166,111,96,100
2024,06037621102,Census Tract 6211.02,Hermosa Beach,Los Angeles County,California,HermosaBeach,435,103,42,53,15,23,76,43,108,71,18,21,39,39,26,40,51,47,31,30,29,36
2024,06037621104,Census Tract 6211.04,Hermosa Beach,Los Angeles County,California,HermosaBeach,1898,293,153,121,344,149,154,91,187,105,215,167,191,115,131,121,205,147,283,158,35,42
2024,06037621204,Census Tract 6212.04,Hermosa Beach,Los Angeles County,California,HermosaBeach,1285,257,21,24,36,40,85,55,128,75,91,54,214,157,95,63,163,119,357,116,95,82
2024,06037990200,Census Tract 9902,Hermosa Beach,Los Angeles County,California,HermosaBeach,0,14,0,14,0,14,0,14,0,14,0,14,0,14,0,14,0,14,0,14,0,14
2024,06037800206,Census Tract 8002.06,Hidden Hills,Los Angeles County,California,HiddenHills,112,91,0,14,3,5,0,14,54,79,7,8,0,14,0,14,0,14,0,14,48,53
2024,06037532500,Census Tract 5325,Huntington Park,Los Angeles County,California,HuntingtonPark,723,164,22,35,23,29,45,40,32,34,56,49,12,22,154,106,141,85,171,103,67,68
2024,06037532605,Census Tract 5326.05,Huntington Park,Los Angeles County,California,HuntingtonPark,1029,262,0,14,29,28,80,68,195,255,151,114,82,66,43,48,100,59,318,102,31,37
2024,06037532606,Census Tract 5326.06,Huntington Park,Los Angeles County,California,HuntingtonPark,1093,138,17,27,49,47,155,69,148,70,109,68,28,33,122,70,87,91,316,148,62,83
2024,06037532607,Census Tract 5326.07,Huntington Park,Los Angeles County,California,HuntingtonPark,1145,132,17,28,68,55,39,38,231,102,47,34,83,59,82,49,152,80,388,109,38,38
2024,06037533103,Census Tract 5331.03,Huntington Park,Los Angeles County,California,HuntingtonPark,653,75,31,26,41,37,65,48,86,58,34,29,29,32,44,34,166,66,157,52,0,14
2024,06037533104,Census Tract 5331.04,Huntington Park,Los Angeles County,California,HuntingtonPark,1118,119,18,29,0,14,178,114,122,69,107,72,119,70,125,77,125,62,257,113,67,59
2024,06037533105,Census Tract 5331.05,Huntington Park,Los Angeles County,California,HuntingtonPark,560,96,6,10,47,53,79,48,43,35,15,17,48,41,66,49,102,77,139,79,15,21
2024,06037533108,Census Tract 5331.08,Huntington Park,Los Angeles County,California,HuntingtonPark,1061,115,5,7,149,91,59,49,73,54,212,86,130,74,107,67,52,42,274,111,0,14
2024,06037533201,Census Tract 5332.01,Huntington Park,Los Angeles County,California,HuntingtonPark,485,80,0,14,30,30,61,45,97,65,43,41,76,63,0,14,12,18,129,56,37,37
2024,06037533204,Census Tract 5332.04,Huntington Park,Los Angeles County,California,HuntingtonPark,686,107,0,14,30,38,121,70,126,82,84,58,43,43,12,19,5,8,259,109,6,10
2024,06037533501,Census Tract 5335.01,Huntington Park,Los Angeles County,California,HuntingtonPark,608,99,40,47,116,73,29,28,63,38,71,46,27,34,61,44,70,43,125,57,6,9
2024,06037533504,Census Tract 5335.04,Huntington Park,Los Angeles County,California,HuntingtonPark,697,137,6,11,21,20,72,56,57,43,66,56,148,113,16,19,96,63,215,78,0,14
2024,06037534501,Census Tract 5345.01,Huntington Park,Los Angeles County,California,HuntingtonPark,823,228,0,19,48,59,88,66,17,30,197,174,65,57,101,75,33,54,240,97,34,41
2024,06037534502,Census Tract 5345.02,Huntington Park,Los Angeles County,California,HuntingtonPark,427,118,35,53,69,62,68,42,19,20,38,47,39,48,0,14,33,38,126,70,0,14
2024,06037403326,Census Tract 4033.26,Industry,Los Angeles County,California,Industry,169,87,0,14,33,24,12,17,17,20,44,37,0,14,42,61,0,14,21,29,0,14
2024,06037403327,Census Tract 4033.27,Industry,Los Angeles County,California,Industry,51,32,0,14,0,14,24,25,13,17,6,11,0,14,0,14,0,14,8,14,0,14
2024,06037407002,Census Tract 4070.02,Industry,Los Angeles County,California,Industry,69,49,10,19,0,14,16,26,17,24,0,14,0,14,21,22,0,14,0,14,5,7
2024,06037407701,Census Tract 4077.01,Industry,Los Angeles County,California,Industry,656,98,0,14,113,79,0,14,104,75,26,33,34,28,111,89,59,57,180,79,29,37
2024,06037407802,Census Tract 4078.02,Industry,Los Angeles County,California,Industry,132,68,35,36,15,21,6,10,7,9,46,56,6,10,2,3,6,10,3,5,6,9
2024,06037408212,Census Tract 4082.12,Industry,Los Angeles County,California,Industry,225,104,0,14,13,22,36,44,43,62,6,11,8,13,0,14,0,14,70,49,49,53
2024,06037408301,Census Tract 4083.01,Industry,Los Angeles County,California,Industry,453,142,0,19,55,54,10,15,71,68,27,29,23,27,22,37,62,58,150,83,33,52
2024,06037408302,Census Tract 4083.02,Industry,Los Angeles County,California,Industry,307,127,0,14,0,14,31,45,28,41,29,32,24,39,0,14,14,17,101,84,80,81
2024,06037408303,Census Tract 4083.03,Industry,Los Angeles County,California,Industry,81,47,0,14,29,35,0,14,0,14,0,14,0,14,0,14,0,14,52,44,0,14
2024,06037408401,Census Tract 4084.01,Industry,Los Angeles County,California,Industry,350,100,19,23,7,13,19,31,41,42,37,37,23,24,60,45,7,14,87,61,50,47
2024,06037408402,Census Tract 4084.02,Industry,Los Angeles County,California,Industry,276,120,5,7,44,45,12,19,106,90,33,50,11,17,29,46,0,19,22,31,14,15
2024,06037433302,Census Tract 4333.02,Industry,Los Angeles County,California,Industry,400,108,14,14,11,14,60,45,27,28,81,74,59,41,23,27,48,47,67,49,10,13
2024,06037500300,Census Tract 5003,Industry,Los Angeles County,California,Industry,159,78,0,14,0,14,38,35,7,13,0,14,11,18,0,14,19,27,57,55,27,22
2024,06037980035,Census Tract 9800.35,Industry,Los Angeles County,California,Industry,125,50,19,19,14,18,7,11,24,23,0,14,32,28,4,6,13,16,12,16,0,14
2024,06037600501,Census Tract 6005.01,Inglewood,Los Angeles County,California,Inglewood,322,64,0,14,7,11,12,18,17,18,10,15,43,55,36,29,7,10,183,79,7,10
2024,06037600601,Census Tract 6006.01,Inglewood,Los Angeles County,California,Inglewood,312,79,0,14,24,32,27,30,17,18,12,10,15,17,10,13,14,15,144,66,49,33
2024,06037600602,Census Tract 6006.02,Inglewood,Los Angeles County,California,Inglewood,668,99,0,14,57,37,45,35,60,40,78,44,111,74,69,53,80,53,159,74,9,13
2024,06037600702,Census Tract 6007.02,Inglewood,Los Angeles County,California,Inglewood,535,164,7,12,0,14,81,103,10,14,0,14,46,62,62,51,66,52,201,94,62,80
2024,06037600703,Census Tract 6007.03,Inglewood,Los Angeles County,California,Inglewood,152,83,0,14,7,12,0,14,10,17,14,20,65,79,17,25,0,14,39,46,0,14
2024,06037600704,Census Tract 6007.04,Inglewood,Los Angeles County,California,Inglewood,713,126,0,14,32,35,0,14,52,39,159,102,112,103,27,41,68,67,263,101,0,14
2024,06037600801,Census Tract 6008.01,Inglewood,Los Angeles County,California,Inglewood,356,179,0,14,0,14,104,152,70,65,0,14,49,48,51,65,29,38,53,42,0,14
2024,06037600802,Census Tract 6008.02,Inglewood,Los Angeles County,California,Inglewood,644,158,0,14,11,17,71,69,89,65,60,50,88,74,73,72,98,77,154,96,0,14
2024,06037600902,Census Tract 6009.02,Inglewood,Los Angeles County,California,Inglewood,2193,308,39,63,177,116,200,140,43,73,335,182,369,239,276,266,263,133,470,233,21,32
2024,06037600911,Census Tract 6009.11,Inglewood,Los Angeles County,California,Inglewood,708,137,8,13,90,81,34,36,116,63,6,11,15,25,130,96,22,35,230,127,57,59
2024,06037600912,Census Tract 6009.12,Inglewood,Los Angeles County,California,Inglewood,666,148,55,61,85,58,27,31,102,86,48,56,23,26,112,79,57,55,135,86,22,25
2024,06037601001,Census Tract 6010.01,Inglewood,Los Angeles County,California,Inglewood,923,156,0,14,40,43,67,54,101,70,135,110,214,113,8,14,56,56,210,87,92,73
2024,06037601002,Census Tract 6010.02,Inglewood,Los Angeles County,California,Inglewood,1649,330,0,19,109,92,163,109,168,105,121,112,169,109,0,19,66,74,623,320,230,210
2024,06037601100,Census Tract 6011,Inglewood,Los Angeles County,California,Inglewood,1716,295,0,19,82,78,115,109,182,114,18,30,277,198,171,192,62,57,747,255,62,68
2024,06037601202,Census Tract 6012.02,Inglewood,Los Angeles County,California,Inglewood,484,187,11,19,6,11,15,19,44,63,11,17,71,70,65,80,39,57,138,89,84,134
2024,06037601211,Census Tract 6012.11,Inglewood,Los Angeles County,California,Inglewood,790,194,16,25,72,46,129,94,54,46,19,24,46,39,46,50,70,53,325,184,13,21
2024,06037601212,Census Tract 6012.12,Inglewood,Los Angeles County,California,Inglewood,1638,188,7,32,174,103,92,73,160,108,161,127,208,107,57,51,138,119,486,205,155,153
2024,06037601301,Census Tract 6013.01,Inglewood,Los Angeles County,California,Inglewood,313,104,17,14,14,15,42,40,34,30,38,34,0,14,28,33,56,78,70,44,14,17
2024,06037601302,Census Tract 6013.02,Inglewood,Los Angeles County,California,Inglewood,2115,282,85,87,162,165,210,131,194,109,213,160,205,162,314,181,227,185,484,218,21,33
2024,06037601303,Census Tract 6013.03,Inglewood,Los Angeles County,California,Inglewood,2011,249,16,27,96,73,0,19,199,106,190,162,272,174,182,106,152,103,756,212,148,141
2024,06037601401,Census Tract 6014.01,Inglewood,Los Angeles County,California,Inglewood,1425,182,0,19,84,71,130,82,312,162,103,68,207,113,62,58,157,88,344,142,26,34
2024,06037601402,Census Tract 6014.02,Inglewood,Los Angeles County,California,Inglewood,669,208,0,14,4,9,23,27,164,151,37,35,22,25,18,31,31,29,316,129,54,59
2024,06037601501,Census Tract 6015.01,Inglewood,Los Angeles County,California,Inglewood,811,123,18,21,62,58,141,100,53,60,21,24,39,43,67,65,91,79,319,118,0,14
2024,06037601700,Census Tract 6017,Inglewood,Los Angeles County,California,Inglewood,1059,219,113,87,33,36,121,83,36,37,64,59,40,66,74,67,198,170,300,117,80,92
2024,06037601801,Census Tract 6018.01,Inglewood,Los Angeles County,California,Inglewood,597,137,0,14,66,53,46,35,40,29,109,92,32,40,28,28,48,36,228,99,0,14
2024,06037601802,Census Tract 6018.02,Inglewood,Los Angeles County,California,Inglewood,611,113,0,14,101,72,111,71,61,66,42,43,0,14,30,48,66,51,126,71,74,60
2024,06037601900,Census Tract 6019,Inglewood,Los Angeles County,California,Inglewood,930,164,0,14,61,57,6,10,167,102,85,80,190,145,134,88,81,67,187,95,19,28
2024,06037602003,Census Tract 6020.03,Inglewood,Los Angeles County,California,Inglewood,697,172,12,25,0,14,75,52,31,44,124,72,43,38,75,58,59,53,259,157,19,32
2024,06037604200,Census Tract 6042,Inglewood,Los Angeles County,California,Inglewood,773,246,21,23,42,33,37,31,66,56,115,74,64,56,225,231,62,53,141,91,0,19
2024,06037703002,Census Tract 7030.02,Inglewood,Los Angeles County,California,Inglewood,1021,178,78,87,89,69,148,158,102,76,73,85,129,156,89,84,159,146,126,116,28,41
2024,06037404600,Census Tract 4046,Irwindale,Los Angeles County,California,Irwindale,91,26,5,6,10,10,0,14,34,22,0,14,26,19,6,7,0,14,6,6,4,6
2024,06037460501,Census Tract 4605.01,La Cañada Flintridge,Los Angeles County,California,LaCanadaFlintridge,181,105,39,57,17,24,0,19,22,23,13,19,0,19,9,14,15,25,32,48,34,52
2024,06037460502,Census Tract 4605.02,La Cañada Flintridge,Los Angeles County,California,LaCanadaFlintridge,142,71,0,14,35,41,5,10,46,53,16,23,0,14,0,14,0,14,31,28,9,16
2024,06037460601,Census Tract 4606.01,La Cañada Flintridge,Los Angeles County,California,LaCanadaFlintridge,376,123,13,22,13,19,56,71,28,26,35,31,33,29,0,19,140,99,58,54,0,19
2024,06037460700,Census Tract 4607,La Cañada Flintridge,Los Angeles County,California,LaCanadaFlintridge,137,63,9,14,9,14,36,44,6,12,0,14,8,13,0,14,28,25,22,25,19,20
2024,06037300100,Census Tract 3001,La Crescenta-Montrose,Los Angeles County,California,LaCrescenta-Montrose,406,222,28,43,66,59,102,141,0,19,97,136,0,19,49,65,18,28,18,28,28,42
2024,06037300200,Census Tract 3002,La Crescenta-Montrose,Los Angeles County,California,LaCrescenta-Montrose,576,134,126,100,0,19,44,37,58,51,50,53,68,49,0,19,79,73,151,76,0,19
2024,06037300501,Census Tract 3005.01,La Crescenta-Montrose,Los Angeles County,California,LaCrescenta-Montrose,376,164,0,14,7,12,0,14,0,14,30,35,7,11,58,60,56,50,208,143,10,16
2024,06037300503,Census Tract 3005.03,La Crescenta-Montrose,Los Angeles County,California,LaCrescenta-Montrose,1662,257,79,77,70,58,159,99,399,246,17,27,128,85,135,74,194,157,446,162,35,35
2024,06037703002,Census Tract 7030.02,Ladera Heights,Los Angeles County,California,LaderaHeights,1021,178,78,87,89,69,148,158,102,76,73,85,129,156,89,84,159,146,126,116,28,41
2024,06037703003,Census Tract 7030.03,Ladera Heights,Los Angeles County,California,LaderaHeights,1477,369,48,77,73,78,214,159,98,97,100,64,259,241,152,143,107,88,393,216,33,35
2024,06037980038,Census Tract 9800.38,Ladera Heights,Los Angeles County,California,LaderaHeights,0,14,0,14,0,14,0,14,0,14,0,14,0,14,0,14,0,14,0,14,0,14
2024,06037408703,Census Tract 4087.03,La Habra Heights,Los Angeles County,California,LaHabraHeights,114,67,0,19,0,19,24,38,17,22,0,19,0,19,0,19,25,39,32,33,16,23
2024,06037500100,Census Tract 5001,La Habra Heights,Los Angeles County,California,LaHabraHeights,41,38,0,14,0,14,0,14,0,14,0,14,0,14,12,19,0,14,29,34,0,14
2024,06037500204,Census Tract 5002.04,La Habra Heights,Los Angeles County,California,LaHabraHeights,138,147,19,20,0,14,8,12,8,12,94,144,0,14,0,14,9,14,0,14,0,14
2024,06037901209,Census Tract 9012.09,Lake Hughes,Los Angeles County,California,LakeHughes,122,64,7,10,0,14,6,9,0,14,1,3,0,14,0,14,21,32,26,36,61,48
2024,06037920102,Census Tract 9201.02,Lake Hughes,Los Angeles County,California,LakeHughes,777,157,0,14,0,14,31,29,68,59,2,3,25,28,77,86,173,88,367,124,34,46
2024,06037900102,Census Tract 9001.02,Lake Los Angeles,Los Angeles County,California,LakeLosAngeles,80,55,0,14,9,10,0,14,0,14,0,14,0,14,0,14,6,9,5,8,60,53
2024,06037900103,Census Tract 9001.03,Lake Los Angeles,Los Angeles County,California,LakeLosAngeles,538,145,0,19,42,42,0,19,25,32,12,18,7,12,60,61,88,87,201,99,103,81
2024,06037900104,Census Tract 9001.04,Lake Los Angeles,Los Angeles County,California,LakeLosAngeles,450,229,4,8,19,34,0,19,109,133,0,19,48,54,0,19,15,17,213,141,42,46
2024,06037555001,Census Tract 5550.01,Lakewood,Los Angeles County,California,Lakewood,689,154,0,19,78,64,90,58,55,52,95,102,31,39,0,19,158,82,136,95,46,67
2024,06037555002,Census Tract 5550.02,Lakewood,Los Angeles County,California,Lakewood,806,191,0,14,42,46,112,108,63,45,48,45,101,70,37,45,84,100,227,156,92,44
2024,06037555105,Census Tract 5551.05,Lakewood,Los Angeles County,California,Lakewood,1080,149,0,19,67,59,115,83,93,85,252,145,136,90,32,30,113,61,272,129,0,19
2024,06037555107,Census Tract 5551.07,Lakewood,Los Angeles County,California,Lakewood,742,145,11,16,45,53,39,29,107,68,93,66,121,75,39,49,59,37,217,92,11,23
2024,06037570001,Census Tract 5700.01,Lakewood,Los Angeles County,California,Lakewood,259,118,18,26,9,15,24,38,44,64,45,56,20,22,0,14,70,69,20,22,9,14
2024,06037570002,Census Tract 5700.02,Lakewood,Los Angeles County,California,Lakewood,124,48,5,8,0,14,6,10,66,43,7,12,5,8,8,13,9,14,7,10,11,12
2024,06037570003,Census Tract 5700.03,Lakewood,Los Angeles County,California,Lakewood,130,67,0,14,0,14,10,16,25,28,0,14,71,56,9,15,0,14,15,17,0,14
2024,06037570701,Census Tract 5707.01,Lakewood,Los Angeles County,California,Lakewood,1313,237,16,28,69,67,35,53,244,154,290,193,64,61,71,74,211,172,313,146,0,19
2024,06037570703,Census Tract 5707.03,Lakewood,Los Angeles County,California,Lakewood,131,70,0,14,12,18,11,14,0,14,0,14,12,22,12,20,45,44,26,32,13,13
2024,06037570800,Census Tract 5708,Lakewood,Los Angeles County,California,Lakewood,310,118,13,15,0,19,20,20,69,49,75,100,34,37,9,14,53,50,37,31,0,19
2024,06037570901,Census Tract 5709.01,Lakewood,Los Angeles County,California,Lakewood,117,60,0,19,0,19,29,27,24,30,8,12,29,33,10,16,0,19,0,19,17,19
2024,06037570902,Census Tract 5709.02,Lakewood,Los Angeles County,California,Lakewood,261,92,0,14,29,26,68,52,73,57,9,15,11,17,0,14,0,14,71,69,0,14
2024,06037571000,Census Tract 5710,Lakewood,Los Angeles County,California,Lakewood,251,105,0,19,8,15,11,17,8,13,89,61,18,28,0,19,55,46,31,34,31,50
2024,06037571101,Census Tract 5711.01,Lakewood,Los Angeles County,California,Lakewood,264,90,0,19,0,19,38,36,30,39,7,13,29,42,7,12,26,32,106,60,21,34
2024,06037571102,Census Tract 5711.02,Lakewood,Los Angeles County,California,Lakewood,211,94,0,14,13,21,40,55,0,14,36,40,65,51,0,14,22,26,35,32,0,14
2024,06037571300,Census Tract 5713,Lakewood,Los Angeles County,California,Lakewood,213,91,0,14,0,14,12,19,16,23,0,14,27,31,12,20,71,67,67,51,8,13
2024,06037571400,Census Tract 5714,Lakewood,Los Angeles County,California,Lakewood,607,217,0,14,141,162,53,60,108,73,29,34,63,65,90,65,48,39,75,80,0,14
2024,06037572001,Census Tract 5720.01,Lakewood,Los Angeles County,California,Lakewood,593,161,18,34,10,22,89,76,30,35,52,52,97,78,0,19,32,41,212,135,53,55
2024,06037573800,Census Tract 5738,Lakewood,Los Angeles County,California,Lakewood,133,70,0,14,0,14,25,23,11,16,41,37,0,14,7,12,24,39,25,28,0,14
2024,06037503601,Census Tract 5036.01,La Mirada,Los Angeles County,California,LaMirada,339,80,0,14,36,49,11,17,0,14,0,14,87,63,11,16,72,66,91,62,31,35
2024,06037503602,Census Tract 5036.02,La Mirada,Los Angeles County,California,LaMirada,129,57,0,14,0,14,15,19,16,20,0,14,51,52,0,14,40,41,7,11,0,14
2024,06037503704,Census Tract 5037.04,La Mirada,Los Angeles County,California,LaMirada,567,247,0,14,62,64,33,38,43,43,99,81,17,20,0,14,128,202,155,83,30,27
2024,06037503705,Census Tract 5037.05,La Mirada,Los Angeles County,California,LaMirada,124,54,0,14,6,12,19,25,0,14,6,10,0,14,3,11,39,49,32,31,19,24
2024,06037503801,Census Tract 5038.01,La Mirada,Los Angeles County,California,LaMirada,345,87,0,14,0,14,28,36,76,50,10,16,0,14,8,13,77,68,113,74,33,39
2024,06037503802,Census Tract 5038.02,La Mirada,Los Angeles County,California,LaMirada,596,208,9,14,12,21,80,53,89,85,91,73,173,179,25,37,56,53,61,61,0,19
2024,06037503901,Census Tract 5039.01,La Mirada,Los Angeles County,California,LaMirada,77,29,0,14,0,14,11,12,0,14,26,27,3,6,0,14,12,16,6,10,19,26
2024,06037503902,Census Tract 5039.02,La Mirada,Los Angeles County,California,LaMirada,238,109,0,19,0,19,37,46,29,32,19,21,23,22,2,8,5,8,123,99,0,19
2024,06037504001,Census Tract 5040.01,La Mirada,Los Angeles County,California,LaMirada,499,200,10,17,15,24,26,28,70,49,16,19,30,38,139,186,38,61,38,54,117,84
2024,06037504002,Census Tract 5040.02,La Mirada,Los Angeles County,California,LaMirada,236,124,0,14,23,29,19,22,73,95,42,37,0,14,0,14,61,57,0,14,18,22
2024,06037504101,Census Tract 5041.01,La Mirada,Los Angeles County,California,LaMirada,513,143,15,23,24,40,80,67,48,37,40,40,83,64,17,19,9,14,188,117,9,13
2024,06037900301,Census Tract 9003.01,Lancaster,Los Angeles County,California,Lancaster,236,124,65,68,0,14,28,40,0,14,16,31,0,14,0,14,0,14,110,104,17,27
2024,06037900501,Census Tract 9005.01,Lancaster,Los Angeles County,California,Lancaster,634,230,0,19,0,19,40,67,83,95,11,18,14,22,49,75,104,91,311,175,22,37
2024,06037900504,Census Tract 9005.04,Lancaster,Los Angeles County,California,Lancaster,810,249,0,19,0,19,48,45,120,134,63,81,170,115,79,87,29,33,228,131,73,96
2024,06037900505,Census Tract 9005.05,Lancaster,Los Angeles County,California,Lancaster,472,155,39,50,0,14,27,27,0,14,63,67,26,39,69,65,22,28,188,115,38,63
2024,06037900506,Census Tract 9005.06,Lancaster,Los Angeles County,California,Lancaster,658,168,0,19,13,22,98,67,97,80,47,47,13,27,17,27,185,166,177,118,11,18
2024,06037900508,Census Tract 9005.08,Lancaster,Los Angeles County,California,Lancaster,121,48,0,14,0,14,12,23,0,14,0,14,0,14,27,39,18,28,56,45,8,11
2024,06037900509,Census Tract 9005.09,Lancaster,Los Angeles County,California,Lancaster,455,149,31,48,34,55,53,60,57,67,24,29,15,24,0,14,91,91,97,73,53,59
2024,06037900510,Census Tract 9005.10,Lancaster,Los Angeles County,California,Lancaster,422,211,49,61,35,55,20,32,12,27,0,14,67,111,0,14,24,41,127,115,88,135
2024,06037900602,Census Tract 9006.02,Lancaster,Los Angeles County,California,Lancaster,602,198,0,19,0,19,62,60,26,45,100,124,13,25,38,43,69,79,209,117,85,53
2024,06037900606,Census Tract 9006.06,Lancaster,Los Angeles County,California,Lancaster,1045,479,0,14,139,164,301,415,24,37,28,33,76,66,12,20,41,65,381,175,43,47
2024,06037900607,Census Tract 9006.07,Lancaster,Los Angeles County,California,Lancaster,502,157,0,19,79,110,51,68,8,14,42,58,36,56,0,19,0,19,230,104,56,66
2024,06037900608,Census Tract 9006.08,Lancaster,Los Angeles County,California,Lancaster,368,126,0,14,0,14,72,84,59,65,27,44,31,41,11,19,51,81,76,63,41,45
2024,06037900609,Census Tract 9006.09,Lancaster,Los Angeles County,California,Lancaster,637,200,13,22,12,19,146,116,0,19,45,55,59,65,7,12,100,82,181,112,74,71
2024,06037900610,Census Tract 9006.10,Lancaster,Los Angeles County,California,Lancaster,203,138,0,14,0,14,0,14,103,112,15,23,64,87,12,20,0,14,9,15,0,14
2024,06037900611,Census Tract 9006.11,Lancaster,Los Angeles County,California,Lancaster,99,66,0,14,0,14,54,57,0,14,0,14,24,32,0,14,0,14,21,24,0,14
2024,06037900701,Census Tract 9007.01,Lancaster,Los Angeles County,California,Lancaster,643,144,14,23,0,14,28,42,5,8,36,45,132,75,32,36,12,19,331,112,53,60
2024,06037900703,Census Tract 9007.03,Lancaster,Los Angeles County,California,Lancaster,1695,335,86,97,55,56,252,174,88,50,206,140,136,135,63,54,178,174,579,169,52,66
2024,06037900704,Census Tract 9007.04,Lancaster,Los Angeles County,California,Lancaster,1568,237,9,13,82,72,135,72,270,114,144,96,161,99,171,155,237,102,359,119,0,14
2024,06037900705,Census Tract 9007.05,Lancaster,Los Angeles County,California,Lancaster,1527,259,34,56,74,75,223,170,99,81,82,119,133,157,138,178,101,130,467,225,176,195
2024,06037900804,Census Tract 9008.04,Lancaster,Los Angeles County,California,Lancaster,537,118,0,14,54,46,59,48,40,33,38,47,17,26,9,14,39,61,242,87,39,34
2024,06037900805,Census Tract 9008.05,Lancaster,Los Angeles County,California,Lancaster,316,121,0,19,17,21,21,28,0,19,66,68,97,81,28,43,29,47,58,48,0,19
2024,06037900806,Census Tract 9008.06,Lancaster,Los Angeles County,California,Lancaster,1869,267,53,69,143,156,133,89,239,232,111,79,45,49,75,99,229,137,743,226,98,97
2024,06037900807,Census Tract 9008.07,Lancaster,Los Angeles County,California,Lancaster,339,183,0,14,31,58,38,60,47,69,0,14,86,112,39,56,0,14,98,104,0,14
2024,06037900808,Census Tract 9008.08,Lancaster,Los Angeles County,California,Lancaster,424,126,0,19,5,10,39,40,59,64,7,12,67,72,0,19,0,19,207,103,40,39
2024,06037900901,Census Tract 9009.01,Lancaster,Los Angeles County,California,Lancaster,483,148,0,14,0,14,0,14,0,14,21,24,0,14,77,79,51,81,313,109,21,23
2024,06037900902,Census Tract 9009.02,Lancaster,Los Angeles County,California,Lancaster,43,34,0,14,0,14,8,13,0,14,18,28,9,15,0,14,0,14,0,14,8,12
2024,06037901003,Census Tract 9010.03,Lancaster,Los Angeles County,California,Lancaster,0,14,0,14,0,14,0,14,0,14,0,14,0,14,0,14,0,14,0,14,0,14
2024,06037901007,Census Tract 9010.07,Lancaster,Los Angeles County,California,Lancaster,88,50,0,14,37,38,9,13,0,14,11,13,15,23,0,14,11,13,5,9,0,14
2024,06037901008,Census Tract 9010.08,Lancaster,Los Angeles County,California,Lancaster,548,174,29,40,67,69,176,167,11,17,83,53,41,56,35,52,32,36,64,49,10,16
2024,06037901009,Census Tract 9010.09,Lancaster,Los Angeles County,California,Lancaster,632,177,0,19,0,19,17,29,114,89,8,13,32,49,7,13,180,110,209,124,65,49
2024,06037901010,Census Tract 9010.10,Lancaster,Los Angeles County,California,Lancaster,591,194,26,42,39,37,18,29,63,69,51,60,66,84,0,19,31,38,212,150,85,67
2024,06037901011,Census Tract 9010.11,Lancaster,Los Angeles County,California,Lancaster,1068,223,0,14,64,58,277,140,113,90,49,49,217,163,114,97,36,49,198,124,0,14
2024,06037901012,Census Tract 9010.12,Lancaster,Los Angeles County,California,Lancaster,206,104,0,19,24,43,19,31,0,19,44,60,16,27,0,19,0,19,75,59,28,53
2024,06037901013,Census Tract 9010.13,Lancaster,Los Angeles County,California,Lancaster,231,141,0,14,0,14,65,82,0,14,18,29,13,23,0,14,18,28,117,89,0,14
2024,06037901014,Census Tract 9010.14,Lancaster,Los Angeles County,California,Lancaster,302,130,18,29,0,19,30,30,42,34,66,76,32,48,0,19,0,19,98,69,16,21
2024,06037901101,Census Tract 9011.01,Lancaster,Los Angeles County,California,Lancaster,453,147,22,26,59,51,82,85,103,76,16,28,0,19,52,59,15,25,104,85,0,19
2024,06037901102,Census Tract 9011.02,Lancaster,Los Angeles County,California,Lancaster,527,207,58,64,0,19,8,13,105,78,14,21,32,53,0,19,18,27,175,90,117,134
2024,06037901214,Census Tract 9012.14,Lancaster,Los Angeles County,California,Lancaster,205,155,0,19,0,19,10,17,10,16,38,37,0,19,8,16,97,153,32,41,10,16
2024,06037901215,Census Tract 9012.15,Lancaster,Los Angeles County,California,Lancaster,648,121,12,20,28,45,27,42,24,36,0,14,65,65,0,14,124,69,343,133,25,24
2024,06037901216,Census Tract 9012.16,Lancaster,Los Angeles County,California,Lancaster,0,14,0,14,0,14,0,14,0,14,0,14,0,14,0,14,0,14,0,14,0,14
2024,06037901217,Census Tract 9012.17,Lancaster,Los Angeles County,California,Lancaster,26,34,0,14,0,14,26,34,0,14,0,14,0,14,0,14,0,14,0,14,0,14
2024,06037901300,Census Tract 9013,Lancaster,Los Angeles County,California,Lancaster,190,76,6,11,0,14,0,14,0,14,21,28,35,34,26,26,5,8,35,42,62,39
2024,06037910211,Census Tract 9102.11,Lancaster,Los Angeles County,California,Lancaster,88,81,0,14,0,14,8,12,0,14,44,71,0,14,4,9,26,34,6,9,0,14
2024,06037406903,Census Tract 4069.03,La Puente,Los Angeles County,California,LaPuente,848,216,0,19,17,30,49,57,74,87,42,31,174,175,61,60,26,24,405,213,0,19
2024,06037407002,Census Tract 4070.02,La Puente,Los Angeles County,California,LaPuente,69,49,10,19,0,14,16,26,17,24,0,14,0,14,21,22,0,14,0,14,5,7
2024,06037407101,Census Tract 4071.01,La Puente,Los Angeles County,California,LaPuente,398,116,0,14,29,42,52,65,66,62,10,15,27,42,11,19,79,64,105,62,19,22
2024,06037407102,Census Tract 4071.02,La Puente,Los Angeles County,California,LaPuente,330,79,0,19,21,35,87,61,0,19,39,46,66,53,0,19,53,61,64,50,0,19
2024,06037407201,Census Tract 4072.01,La Puente,Los Angeles County,California,LaPuente,255,89,17,27,45,61,69,54,14,18,0,14,0,14,8,13,49,41,53,41,0,14
2024,06037407202,Census Tract 4072.02,La Puente,Los Angeles County,California,LaPuente,99,62,0,14,0,14,30,34,8,11,24,38,0,14,0,14,24,29,13,15,0,14
2024,06037407301,Census Tract 4073.01,La Puente,Los Angeles County,California,LaPuente,221,85,0,14,0,14,0,14,13,19,9,14,24,34,59,59,23,36,63,53,30,31
2024,06037407501,Census Tract 4075.01,La Puente,Los Angeles County,California,LaPuente,364,92,0,14,27,33,38,39,60,41,0,14,28,35,40,48,71,66,100,73,0,14
2024,06037407601,Census Tract 4076.01,La Puente,Los Angeles County,California,LaPuente,781,108,8,14,42,33,37,44,175,102,112,82,87,76,0,14,157,84,163,94,0,14
2024,06037407602,Census Tract 4076.02,La Puente,Los Angeles County,California,LaPuente,397,124,0,14,0,14,100,110,23,20,18,23,59,38,0,14,59,49,107,50,31,26
2024,06037407701,Census Tract 4077.01,La Puente,Los Angeles County,California,LaPuente,656,98,0,14,113,79,0,14,104,75,26,33,34,28,111,89,59,57,180,79,29,37
2024,06037407702,Census Tract 4077.02,La Puente,Los Angeles County,California,LaPuente,451,123,23,36,50,52,29,43,10,17,111,75,31,48,16,19,53,48,95,67,33,37
2024,06037400207,Census Tract 4002.07,La Verne,Los Angeles County,California,LaVerne,151,85,0,14,0,14,16,18,0,14,0,14,0,14,29,45,0,14,80,69,26,28
2024,06037400208,Census Tract 4002.08,La Verne,Los Angeles County,California,LaVerne,38,30,0,14,0,14,0,14,0,14,9,11,12,20,0,14,0,14,17,21,0,14
2024,06037400209,Census Tract 4002.09,La Verne,Los Angeles County,California,LaVerne,208,99,0,14,0,14,86,73,35,52,0,14,0,14,0,14,0,14,47,55,40,48
2024,06037401500,Census Tract 4015,La Verne,Los Angeles County,California,LaVerne,711,147,25,28,0,19,44,41,147,92,75,49,57,48,16,17,43,51,172,85,132,93
2024,06037401601,Census Tract 4016.01,La Verne,Los Angeles County,California,LaVerne,809,235,17,30,17,30,72,73,112,115,144,101,126,128,36,42,64,44,152,97,69,85
2024,06037401602,Census Tract 4016.02,La Verne,Los Angeles County,California,LaVerne,1001,243,53,85,25,32,169,99,148,129,46,53,129,87,152,136,64,55,142,75,73,69
2024,06037408900,Census Tract 4089,La Verne,Los Angeles County,California,LaVerne,803,202,0,19,61,41,93,103,10,16,160,123,22,34,100,114,25,25,262,137,70,51
2024,06037603801,Census Tract 6038.01,Lawndale,Los Angeles County,California,Lawndale,1021,139,0,14,53,47,113,55,40,40,58,39,135,92,36,41,36,31,527,125,23,39
2024,06037603802,Census Tract 6038.02,Lawndale,Los Angeles County,California,Lawndale,558,135,0,14,48,47,56,52,117,74,34,35,25,28,0,14,101,72,168,74,9,15
2024,06037603901,Census Tract 6039.01,Lawndale,Los Angeles County,California,Lawndale,647,149,35,39,119,107,194,111,22,26,36,35,64,65,0,14,13,20,106,61,58,60
2024,06037603902,Census Tract 6039.02,Lawndale,Los Angeles County,California,Lawndale,599,175,10,18,97,95,61,48,0,14,14,22,51,47,0,14,106,84,249,186,11,16
2024,06037604001,Census Tract 6040.01,Lawndale,Los Angeles County,California,Lawndale,858,125,0,14,60,53,130,101,85,53,77,59,124,71,85,77,44,57,150,81,103,70
2024,06037604002,Census Tract 6040.02,Lawndale,Los Angeles County,California,Lawndale,1106,134,18,24,23,23,49,35,92,67,233,107,120,85,142,96,104,69,276,120,49,58
2024,06037604101,Census Tract 6041.01,Lawndale,Los Angeles County,California,Lawndale,839,137,58,50,90,97,42,47,57,55,78,61,140,82,77,61,124,97,173,100,0,14
2024,06037604102,Census Tract 6041.02,Lawndale,Los Angeles County,California,Lawndale,507,156,0,14,59,87,68,100,41,33,99,71,10,17,8,13,50,40,133,82,39,36
2024,06037601501,Census Tract 6015.01,Lennox,Los Angeles County,California,Lennox,811,123,18,21,62,58,141,100,53,60,21,24,39,43,67,65,91,79,319,118,0,14
2024,06037601502,Census Tract 6015.02,Lennox,Los Angeles County,California,Lennox,596,73,0,14,87,53,76,45,60,45,128,56,51,39,0,14,68,50,81,41,45,39
2024,06037601600,Census Tract 6016,Lennox,Los Angeles County,California,Lennox,875,299,24,39,67,61,160,85,76,59,5,15,0,14,110,102,51,55,353,287,29,34
2024,06037601700,Census Tract 6017,Lennox,Los Angeles County,California,Lennox,1059,219,113,87,33,36,121,83,36,37,64,59,40,66,74,67,198,170,300,117,80,92
2024,06037601801,Census Tract 6018.01,Lennox,Los Angeles County,California,Lennox,597,137,0,14,66,53,46,35,40,29,109,92,32,40,28,28,48,36,228,99,0,14
2024,06037601802,Census Tract 6018.02,Lennox,Los Angeles County,California,Lennox,611,113,0,14,101,72,111,71,61,66,42,43,0,14,30,48,66,51,126,71,74,60
2024,06037901217,Census Tract 9012.17,Leona Valley,Los Angeles County,California,LeonaValley,26,34,0,14,0,14,26,34,0,14,0,14,0,14,0,14,0,14,0,14,0,14
2024,06037920050,Census Tract 9200.50,Leona Valley,Los Angeles County,California,LeonaValley,118,69,6,10,0,14,4,6,32,36,0,14,0,14,6,9,8,13,58,58,4,6
2024,06037910002,Census Tract 9100.02,Littlerock,Los Angeles County,California,Littlerock,494,217,10,16,0,19,16,24,6,14,14,21,0,19,0,19,120,124,224,185,104,133
2024,06037911001,Census Tract 9110.01,Littlerock,Los Angeles County,California,Littlerock,189,119,24,40,30,48,0,14,0,14,0,14,0,14,27,44,0,14,24,39,84,78
2024,06037670001,Census Tract 6700.01,Lomita,Los Angeles County,California,Lomita,513,118,0,14,56,70,88,59,15,20,31,31,42,36,64,72,107,69,62,53,48,55
2024,06037670002,Census Tract 6700.02,Lomita,Los Angeles County,California,Lomita,810,160,47,39,63,38,95,50,94,65,64,64,103,57,32,37,69,63,173,99,70,79
2024,06037670003,Census Tract 6700.03,Lomita,Los Angeles County,California,Lomita,1034,238,60,56,84,120,78,81,21,34,89,68,45,48,97,76,230,123,285,185,45,53
2024,06037670101,Census Tract 6701.01,Lomita,Los Angeles County,California,Lomita,674,191,59,58,62,77,43,36,94,59,222,187,36,45,14,23,27,40,117,94,0,14
2024,06037670102,Census Tract 6701.02,Lomita,Los Angeles County,California,Lomita,933,194,12,20,69,48,94,81,210,117,63,64,84,52,96,83,170,157,122,63,13,23
2024,06037544002,Census Tract 5440.02,Long Beach,Los Angeles County,California,LongBeach,215,82,9,14,17,26,28,30,32,33,26,30,3,5,33,34,0,14,67,60,0,14
2024,06037555202,Census Tract 5552.02,Long Beach,Los Angeles County,California,LongBeach,106,55,0,14,0,14,10,16,7,13,0,14,16,21,0,14,52,41,11,18,10,15
2024,06037570100,Census Tract 5701,Long Beach,Los Angeles County,California,LongBeach,141,60,0,14,0,14,0,14,40,43,12,23,0,14,0,14,19,28,66,42,4,8
2024,06037570202,Census Tract 5702.02,Long Beach,Los Angeles County,California,LongBeach,764,231,0,19,25,39,67,55,107,81,15,25,72,59,18,26,0,19,334,151,126,175
2024,06037570203,Census Tract 5702.03,Long Beach,Los Angeles County,California,LongBeach,996,219,0,14,38,58,159,156,98,70,20,32,127,93,24,31,143,106,294,186,93,63
2024,06037570204,Census Tract 5702.04,Long Beach,Los Angeles County,California,LongBeach,857,229,10,14,66,83,169,143,109,84,13,21,103,115,124,85,62,75,160,93,41,48
2024,06037570303,Census Tract 5703.03,Long Beach,Los Angeles County,California,LongBeach,810,215,0,14,0,14,24,28,53,60,153,103,146,97,12,18,225,181,184,106,13,21
2024,06037570304,Census Tract 5703.04,Long Beach,Los Angeles County,California,LongBeach,1154,164,37,51,76,66,88,71,191,101,137,95,66,79,20,34,142,86,348,128,49,55
2024,06037570305,Census Tract 5703.05,Long Beach,Los Angeles County,California,LongBeach,1103,123,0,19,107,90,103,65,78,51,81,75,155,110,102,72,133,88,269,120,75,66
2024,06037570306,Census Tract 5703.06,Long Beach,Los Angeles County,California,LongBeach,315,126,14,24,8,13,27,32,35,29,63,86,8,12,23,37,0,14,109,87,28,45
2024,06037570402,Census Tract 5704.02,Long Beach,Los Angeles County,California,LongBeach,167,75,0,14,0,14,11,19,32,41,6,10,23,33,0,14,0,14,85,51,10,10
2024,06037570403,Census Tract 5704.03,Long Beach,Los Angeles County,California,LongBeach,725,112,22,35,51,54,116,78,91,58,28,35,80,67,30,48,34,36,208,95,65,33
2024,06037570404,Census Tract 5704.04,Long Beach,Los Angeles County,California,LongBeach,269,79,0,14,13,21,23,22,14,22,30,29,38,40,0,14,18,18,133,67,0,14
2024,06037570502,Census Tract 5705.02,Long Beach,Los Angeles County,California,LongBeach,1097,299,0,19,0,19,208,98,51,44,61,65,55,49,61,53,87,71,375,113,199,262
2024,06037570503,Census Tract 5705.03,Long Beach,Los Angeles County,California,LongBeach,486,142,26,39,36,51,92,105,110,73,57,90,10,16,21,35,42,47,79,58,13,24
2024,06037570504,Census Tract 5705.04,Long Beach,Los Angeles County,California,LongBeach,248,112,0,14,22,30,13,23,10,15,102,81,24,36,18,28,0,14,33,43,26,36
2024,06037570601,Census Tract 5706.01,Long Beach,Los Angeles County,California,LongBeach,974,145,0,19,85,68,115,122,100,62,192,98,60,44,20,22,173,161,222,108,7,13
2024,06037570602,Census Tract 5706.02,Long Beach,Los Angeles County,California,LongBeach,771,144,34,40,65,71,91,76,99,76,21,23,52,50,26,33,12,17,371,105,0,19
2024,06037570603,Census Tract 5706.03,Long Beach,Los Angeles County,California,LongBeach,1390,144,0,19,74,74,58,76,99,80,256,146,43,58,68,72,292,158,500,157,0,19
2024,06037571201,Census Tract 5712.01,Long Beach,Los Angeles County,California,LongBeach,445,135,0,14,0,14,118,110,103,85,55,47,45,54,83,95,29,35,12,19,0,14
2024,06037571202,Census Tract 5712.02,Long Beach,Los Angeles County,California,LongBeach,797,193,15,25,65,58,56,63,74,91,165,115,33,33,42,42,148,141,199,95,0,14
2024,06037571300,Census Tract 5713,Long Beach,Los Angeles County,California,LongBeach,213,91,0,14,0,14,12,19,16,23,0,14,27,31,12,20,71,67,67,51,8,13
2024,06037571502,Census Tract 5715.02,Long Beach,Los Angeles County,California,LongBeach,833,144,0,19,82,59,89,77,137,93,84,70,60,40,18,23,102,71,208,114,53,64
2024,06037571504,Census Tract 5715.04,Long Beach,Los Angeles County,California,LongBeach,842,142,0,19,54,38,77,84,81,74,70,68,133,109,41,50,63,65,201,90,122,93
2024,06037571505,Census Tract 5715.05,Long Beach,Los Angeles County,California,LongBeach,467,127,11,17,6,10,57,50,113,121,40,34,6,10,77,69,73,50,61,44,23,25
2024,06037571600,Census Tract 5716,Long Beach,Los Angeles County,California,LongBeach,829,122,31,22,58,42,86,57,65,44,130,82,88,51,76,50,118,65,74,43,103,74
2024,06037571701,Census Tract 5717.01,Long Beach,Los Angeles County,California,LongBeach,1096,228,31,40,100,97,53,68,150,113,142,113,29,38,87,78,71,96,374,126,59,55
2024,06037571703,Census Tract 5717.03,Long Beach,Los Angeles County,California,LongBeach,592,167,0,14,57,58,33,41,80,69,65,60,106,72,65,42,68,70,111,64,7,11
2024,06037571704,Census Tract 5717.04,Long Beach,Los Angeles County,California,LongBeach,808,159,12,18,37,57,83,76,103,73,35,38,96,106,35,32,99,65,264,112,44,39
2024,06037571800,Census Tract 5718,Long Beach,Los Angeles County,California,LongBeach,396,155,0,14,35,39,22,28,11,17,71,70,0,14,64,59,35,30,158,131,0,14
2024,06037571900,Census Tract 5719,Long Beach,Los Angeles County,California,LongBeach,1158,283,71,70,99,90,389,240,20,32,133,119,0,19,25,42,100,107,252,174,69,103
2024,06037572001,Census Tract 5720.01,Long Beach,Los Angeles County,California,LongBeach,593,161,18,34,10,22,89,76,30,35,52,52,97,78,0,19,32,41,212,135,53,55
2024,06037572201,Census Tract 5722.01,Long Beach,Los Angeles County,California,LongBeach,680,201,0,19,9,14,0,19,55,88,158,101,18,28,0,19,101,85,311,144,28,46
2024,06037572202,Census Tract 5722.02,Long Beach,Los Angeles County,California,LongBeach,445,166,42,71,99,101,92,82,0,14,10,17,39,48,0,14,0,14,156,113,7,11
2024,06037572301,Census Tract 5723.01,Long Beach,Los Angeles County,California,LongBeach,378,89,12,13,22,19,45,30,56,36,22,20,30,25,5,9,26,24,137,72,23,23
2024,06037572500,Census Tract 5725,Long Beach,Los Angeles County,California,LongBeach,1016,276,0,14,19,24,8,13,191,168,291,186,89,66,63,56,103,82,252,116,0,14
2024,06037572600,Census Tract 5726,Long Beach,Los Angeles County,California,LongBeach,197,104,1,22,37,44,15,25,37,58,52,61,10,21,4,8,0,14,30,39,11,18
2024,06037572700,Census Tract 5727,Long Beach,Los Angeles County,California,LongBeach,460,137,78,69,13,14,35,43,9,15,74,77,18,22,32,31,31,36,122,82,48,64
2024,06037573002,Census Tract 5730.02,Long Beach,Los Angeles County,California,LongBeach,954,118,95,86,10,18,28,30,99,87,192,110,115,89,54,61,75,62,262,87,24,37
2024,06037573003,Census Tract 5730.03,Long Beach,Los Angeles County,California,LongBeach,294,64,0,14,49,31,25,27,30,30,34,37,30,25,13,16,0,14,108,46,5,9
2024,06037573004,Census Tract 5730.04,Long Beach,Los Angeles County,California,LongBeach,1418,220,48,38,97,78,195,160,109,78,173,122,199,134,65,58,113,85,351,164,68,90
2024,06037573101,Census Tract 5731.01,Long Beach,Los Angeles County,California,LongBeach,1026,208,31,43,56,46,24,25,89,73,172,166,52,45,105,128,204,128,293,125,0,14
2024,06037573102,Census Tract 5731.02,Long Beach,Los Angeles County,California,LongBeach,461,88,8,14,49,50,0,14,66,61,132,68,0,14,9,15,162,90,35,33,0,14
2024,06037573201,Census Tract 5732.01,Long Beach,Los Angeles County,California,LongBeach,883,127,0,14,64,48,74,64,66,51,117,90,116,80,39,44,169,95,237,102,1,2
2024,06037573202,Census Tract 5732.02,Long Beach,Los Angeles County,California,LongBeach,1112,235,153,146,177,110,95,81,151,98,93,77,33,31,93,82,74,57,200,143,43,64
2024,06037573300,Census Tract 5733,Long Beach,Los Angeles County,California,LongBeach,745,104,10,15,18,25,131,78,72,50,58,40,0,14,37,52,135,78,267,102,17,26
2024,06037573601,Census Tract 5736.01,Long Beach,Los Angeles County,California,LongBeach,175,78,0,19,15,24,39,38,0,19,20,23,19,28,0,19,29,33,24,28,29,35
2024,06037573700,Census Tract 5737,Long Beach,Los Angeles County,California,LongBeach,212,78,0,19,0,19,43,33,8,15,28,39,34,34,9,16,18,28,53,34,19,22
2024,06037573800,Census Tract 5738,Long Beach,Los Angeles County,California,LongBeach,133,70,0,14,0,14,25,23,11,16,41,37,0,14,7,12,24,39,25,28,0,14
2024,06037573902,Census Tract 5739.02,Long Beach,Los Angeles County,California,LongBeach,79,43,0,14,5,8,0,14,19,21,19,18,12,10,0,14,0,14,24,27,0,14
2024,06037574000,Census Tract 5740,Long Beach,Los Angeles County,California,LongBeach,200,85,19,21,17,18,12,20,18,25,57,46,19,30,35,46,0,19,23,34,0,19
2024,06037574100,Census Tract 5741,Long Beach,Los Angeles County,California,LongBeach,391,137,0,19,0,19,8,12,93,55,55,72,99,94,0,19,29,46,55,54,52,39
2024,06037574201,Census Tract 5742.01,Long Beach,Los Angeles County,California,LongBeach,193,87,0,14,9,14,8,14,0,14,9,14,30,42,31,41,12,19,37,30,57,44
2024,06037574202,Census Tract 5742.02,Long Beach,Los Angeles County,California,LongBeach,354,90,34,26,17,16,24,18,98,74,59,36,33,26,0,14,17,19,50,30,22,32
2024,06037574300,Census Tract 5743,Long Beach,Los Angeles County,California,LongBeach,839,208,28,41,19,31,177,184,147,99,41,63,55,50,19,30,105,128,238,139,10,16
2024,06037574400,Census Tract 5744,Long Beach,Los Angeles County,California,LongBeach,210,86,15,23,34,51,7,11,0,19,0,19,31,30,40,60,28,32,22,24,33,29
2024,06037574500,Census Tract 5745,Long Beach,Los Angeles County,California,LongBeach,282,139,16,25,0,19,91,111,29,43,74,86,16,26,12,19,0,19,19,29,25,38
2024,06037574602,Census Tract 5746.02,Long Beach,Los Angeles County,California,LongBeach,119,45,0,14,12,14,4,6,0,14,10,13,0,14,0,14,44,36,42,28,7,10
2024,06037574800,Census Tract 5748,Long Beach,Los Angeles County,California,LongBeach,674,109,70,61,25,27,65,46,187,86,31,35,61,60,0,14,45,38,141,82,49,36
2024,06037574901,Census Tract 5749.01,Long Beach,Los Angeles County,California,LongBeach,472,179,9,16,9,14,51,70,138,157,80,56,8,11,44,44,44,33,32,31,57,55
2024,06037574902,Census Tract 5749.02,Long Beach,Los Angeles County,California,LongBeach,1511,162,49,45,15,22,97,71,212,89,255,151,177,109,137,82,63,40,367,130,139,88
2024,06037575001,Census Tract 5750.01,Long Beach,Los Angeles County,California,LongBeach,1095,215,5,8,89,82,127,128,96,52,83,57,57,44,9,11,219,127,364,154,46,56
2024,06037575002,Census Tract 5750.02,Long Beach,Los Angeles County,California,LongBeach,1258,226,29,26,63,49,166,123,190,103,110,72,99,77,85,70,128,109,310,101,78,77
2024,06037575101,Census Tract 5751.01,Long Beach,Los Angeles County,California,LongBeach,1183,182,7,12,32,38,107,65,38,46,85,59,230,135,96,98,178,94,378,129,32,33
2024,06037575102,Census Tract 5751.02,Long Beach,Los Angeles County,California,LongBeach,1009,162,0,14,17,28,105,68,111,77,16,24,101,63,166,77,49,46,434,135,10,16
2024,06037575103,Census Tract 5751.03,Long Beach,Los Angeles County,California,LongBeach,1847,267,41,51,85,69,164,78,101,81,264,120,192,99,257,236,287,145,430,141,26,24
2024,06037575201,Census Tract 5752.01,Long Beach,Los Angeles County,California,LongBeach,1087,192,0,14,41,41,94,85,152,89,37,29,104,82,140,119,142,90,341,119,36,34
2024,06037575202,Census Tract 5752.02,Long Beach,Los Angeles County,California,LongBeach,974,128,0,14,138,116,58,44,59,39,103,44,48,49,65,63,83,61,386,113,34,31
2024,06037575300,Census Tract 5753,Long Beach,Los Angeles County,California,LongBeach,1203,204,35,46,30,39,164,104,197,132,42,40,131,127,62,57,49,47,493,128,0,14
2024,06037575401,Census Tract 5754.01,Long Beach,Los Angeles County,California,LongBeach,1116,207,112,136,66,56,125,71,92,60,145,83,58,41,30,36,178,152,303,109,7,15
2024,06037575402,Census Tract 5754.02,Long Beach,Los Angeles County,California,LongBeach,883,130,0,14,134,66,72,70,98,76,123,84,15,25,23,22,24,21,303,99,91,58
2024,06037575801,Census Tract 5758.01,Long Beach,Los Angeles County,California,LongBeach,701,179,37,29,40,36,25,24,45,33,52,60,58,39,54,31,80,45,289,161,21,16
2024,06037575802,Census Tract 5758.02,Long Beach,Los Angeles County,California,LongBeach,1217,183,0,14,13,22,66,52,238,155,138,65,122,87,133,97,104,84,345,149,58,52
2024,06037575803,Census Tract 5758.03,Long Beach,Los Angeles County,California,LongBeach,1129,233,10,15,12,19,86,60,59,47,51,47,287,220,4,11,193,107,405,117,22,27
2024,06037575901,Census Tract 5759.01,Long Beach,Los Angeles County,California,LongBeach,1030,217,0,14,35,55,44,43,128,77,113,75,77,58,45,52,44,57,452,210,92,63
2024,06037575902,Census Tract 5759.02,Long Beach,Los Angeles County,California,LongBeach,2927,340,51,62,48,46,123,109,218,135,411,207,306,162,190,121,477,225,775,211,328,181
2024,06037576001,Census Tract 5760.01,Long Beach,Los Angeles County,California,LongBeach,2691,429,17,26,110,92,284,169,588,339,518,278,209,146,260,185,102,111,559,226,44,51
2024,06037576200,Census Tract 5762,Long Beach,Los Angeles County,California,LongBeach,2793,332,91,93,153,105,200,114,127,101,391,134,323,196,353,230,275,151,813,253,67,54
2024,06037576301,Census Tract 5763.01,Long Beach,Los Angeles County,California,LongBeach,1708,193,46,47,85,65,156,94,130,85,298,144,218,157,99,64,124,72,473,138,79,71
2024,06037576302,Census Tract 5763.02,Long Beach,Los Angeles County,California,LongBeach,942,155,52,49,60,46,113,84,27,32,136,104,40,36,96,69,106,82,259,126,53,45
2024,06037576401,Census Tract 5764.01,Long Beach,Los Angeles County,California,LongBeach,1127,162,35,38,37,52,176,123,148,84,111,76,51,44,10,15,80,61,455,174,24,30
2024,06037576402,Census Tract 5764.02,Long Beach,Los Angeles County,California,LongBeach,1131,130,0,14,23,36,66,54,112,82,140,73,43,33,66,57,127,96,449,143,105,75
2024,06037576403,Census Tract 5764.03,Long Beach,Los Angeles County,California,LongBeach,1076,126,11,19,60,69,138,71,110,70,107,77,121,84,115,75,69,51,339,109,6,11
2024,06037576501,Census Tract 5765.01,Long Beach,Los Angeles County,California,LongBeach,1212,140,18,24,66,65,33,33,101,69,157,82,160,88,50,35,151,100,390,121,86,88
2024,06037576502,Census Tract 5765.02,Long Beach,Los Angeles County,California,LongBeach,1851,250,0,19,59,81,146,98,255,137,323,200,239,92,219,146,112,95,498,225,0,19
2024,06037576503,Census Tract 5765.03,Long Beach,Los Angeles County,California,LongBeach,1272,140,6,10,0,14,212,126,124,65,199,113,48,43,162,95,232,115,283,98,6,9
2024,06037576601,Census Tract 5766.01,Long Beach,Los Angeles County,California,LongBeach,1750,261,15,23,93,73,183,143,222,169,192,105,148,110,141,143,281,153,475,228,0,14
2024,06037576602,Census Tract 5766.02,Long Beach,Los Angeles County,California,LongBeach,2310,392,0,14,252,183,210,189,309,188,88,64,347,149,205,175,338,178,514,218,47,54
2024,06037576700,Census Tract 5767,Long Beach,Los Angeles County,California,LongBeach,1443,199,58,48,105,87,214,123,171,100,70,60,235,143,72,56,218,153,228,117,72,93
2024,06037576801,Census Tract 5768.01,Long Beach,Los Angeles County,California,LongBeach,1510,254,0,14,72,53,292,143,134,77,101,97,126,92,158,136,122,116,329,136,176,86
2024,06037576802,Census Tract 5768.02,Long Beach,Los Angeles County,California,LongBeach,1434,199,7,12,214,134,216,132,271,85,63,59,155,101,56,47,74,59,361,163,17,19
2024,06037576901,Census Tract 5769.01,Long Beach,Los Angeles County,California,LongBeach,1487,229,37,32,149,102,138,94,184,111,246,163,128,100,75,56,197,107,313,125,20,34
2024,06037576903,Census Tract 5769.03,Long Beach,Los Angeles County,California,LongBeach,1249,171,13,22,19,26,220,105,171,64,110,67,173,98,98,65,104,92,331,115,10,18
2024,06037576904,Census Tract 5769.04,Long Beach,Los Angeles County,California,LongBeach,941,200,10,17,56,38,99,63,85,58,108,86,95,50,93,72,108,73,260,160,27,26
2024,06037577000,Census Tract 5770,Long Beach,Los Angeles County,California,LongBeach,2687,304,32,39,182,135,440,213,314,161,209,137,149,90,87,101,334,191,864,326,76,62
2024,06037577100,Census Tract 5771,Long Beach,Los Angeles County,California,LongBeach,2279,278,74,101,164,106,378,182,264,132,191,128,353,200,141,106,171,126,353,170,190,163
2024,06037577200,Census Tract 5772,Long Beach,Los Angeles County,California,LongBeach,2398,377,74,77,261,141,359,175,639,241,104,69,228,154,62,53,175,103,303,167,193,216
2024,06037577300,Census Tract 5773,Long Beach,Los Angeles County,California,LongBeach,2772,497,96,92,183,162,499,307,450,287,319,197,480,238,181,132,169,122,395,241,0,19
2024,06037577400,Census Tract 5774,Long Beach,Los Angeles County,California,LongBeach,901,151,28,29,60,56,80,56,294,109,89,59,94,59,93,76,58,47,105,61,0,14
2024,06037577501,Census Tract 5775.01,Long Beach,Los Angeles County,California,LongBeach,557,133,49,66,26,27,71,63,111,66,0,14,55,57,0,14,35,39,194,117,16,25
2024,06037577504,Census Tract 5775.04,Long Beach,Los Angeles County,California,LongBeach,337,95,22,27,26,31,20,17,32,24,5,8,23,29,6,10,50,30,153,79,0,14
2024,06037577602,Census Tract 5776.02,Long Beach,Los Angeles County,California,LongBeach,497,102,0,14,11,14,57,58,66,62,104,74,19,20,53,37,52,44,128,58,7,13
2024,06037577604,Census Tract 5776.04,Long Beach,Los Angeles County,California,LongBeach,117,50,0,14,6,9,10,14,19,26,12,12,9,13,8,11,11,12,22,28,20,30
2024,06037577605,Census Tract 5776.05,Long Beach,Los Angeles County,California,LongBeach,434,149,12,21,55,54,56,45,21,34,128,109,40,40,0,14,25,28,97,93,0,14
2024,06037577606,Census Tract 5776.06,Long Beach,Los Angeles County,California,LongBeach,1030,276,64,70,211,196,83,65,139,95,113,114,176,199,51,60,32,36,145,73,16,23
2024,06037577700,Census Tract 5777,Long Beach,Los Angeles County,California,LongBeach,493,173,42,60,63,66,5,10,162,124,73,47,0,14,17,24,41,42,90,58,0,14
2024,06037577900,Census Tract 5779,Long Beach,Los Angeles County,California,LongBeach,1395,309,0,19,9,13,236,178,226,210,82,77,77,57,53,51,169,127,543,251,0,19
2024,06037578000,Census Tract 5780,Long Beach,Los Angeles County,California,LongBeach,998,192,3,6,18,29,212,163,28,36,149,91,86,65,65,41,56,42,280,109,101,97
2024,06037578100,Census Tract 5781,Long Beach,Los Angeles County,California,LongBeach,0,14,0,14,0,14,0,14,0,14,0,14,0,14,0,14,0,14,0,14,0,14
2024,06037980006,Census Tract 9800.06,Long Beach,Los Angeles County,California,LongBeach,0,14,0,14,0,14,0,14,0,14,0,14,0,14,0,14,0,14,0,14,0,14
2024,06037980007,Census Tract 9800.07,Long Beach,Los Angeles County,California,LongBeach,0,14,0,14,0,14,0,14,0,14,0,14,0,14,0,14,0,14,0,14,0,14
2024,06037980011,Census Tract 9800.11,Long Beach,Los Angeles County,California,LongBeach,0,14,0,14,0,14,0,14,0,14,0,14,0,14,0,14,0,14,0,14,0,14
2024,06037980018,Census Tract 9800.18,Long Beach,Los Angeles County,California,LongBeach,0,14,0,14,0,14,0,14,0,14,0,14,0,14,0,14,0,14,0,14,0,14
2024,06037980033,Census Tract 9800.33,Long Beach,Los Angeles County,California,LongBeach,0,14,0,14,0,14,0,14,0,14,0,14,0,14,0,14,0,14,0,14,0,14
2024,06037990300,Census Tract 9903,Long Beach,Los Angeles County,California,LongBeach,0,14,0,14,0,14,0,14,0,14,0,14,0,14,0,14,0,14,0,14,0,14
2024,06037101110,Census Tract 1011.10,Los Angeles,Los Angeles County,California,LosAngeles,845,165,8,12,42,45,40,36,95,83,10,11,98,69,27,32,222,130,232,99,71,61
2024,06037101122,Census Tract 1011.22,Los Angeles,Los Angeles County,California,LosAngeles,357,192,0,14,0,14,0,14,0,14,38,40,0,14,102,127,6,10,151,96,60,92
2024,06037101220,Census Tract 1012.20,Los Angeles,Los Angeles County,California,LosAngeles,752,166,6,10,34,30,136,84,58,52,166,134,113,67,29,30,22,24,114,50,74,61
2024,06037101221,Census Tract 1012.21,Los Angeles,Los Angeles County,California,LosAngeles,1058,278,0,14,21,28,130,92,19,22,140,99,30,34,10,16,178,121,510,246,20,33
2024,06037101222,Census Tract 1012.22,Los Angeles,Los Angeles County,California,LosAngeles,857,165,0,14,27,36,132,81,74,60,93,66,10,20,25,22,105,78,391,159,0,14
2024,06037101300,Census Tract 1013,Los Angeles,Los Angeles County,California,LosAngeles,357,112,11,18,0,14,8,13,93,50,27,38,59,57,0,14,20,23,101,73,38,47
2024,06037101400,Census Tract 1014,Los Angeles,Los Angeles County,California,LosAngeles,344,137,0,14,0,14,0,14,10,16,19,22,0,14,130,95,39,37,133,91,13,22
2024,06037102103,Census Tract 1021.03,Los Angeles,Los Angeles County,California,LosAngeles,395,123,0,14,0,14,49,46,45,41,44,67,30,30,48,35,16,18,163,103,0,14
2024,06037102104,Census Tract 1021.04,Los Angeles,Los Angeles County,California,LosAngeles,392,137,22,26,68,60,7,18,37,45,18,28,15,23,36,43,15,24,116,79,58,73
2024,06037102105,Census Tract 1021.05,Los Angeles,Los Angeles County,California,LosAngeles,200,55,0,14,6,11,30,29,17,21,33,31,0,14,20,22,3,9,79,47,12,13
2024,06037102107,Census Tract 1021.07,Los Angeles,Los Angeles County,California,LosAngeles,252,98,54,58,20,28,0,14,0,14,12,18,80,64,34,38,11,18,17,19,24,34
2024,06037103101,Census Tract 1031.01,Los Angeles,Los Angeles County,California,LosAngeles,133,87,0,14,0,14,13,19,0,14,0,14,3,6,8,12,0,14,50,52,59,72
2024,06037103102,Census Tract 1031.02,Los Angeles,Los Angeles County,California,LosAngeles,538,189,0,14,0,14,0,14,49,60,28,42,121,106,77,69,68,85,163,109,32,46
2024,06037103201,Census Tract 1032.01,Los Angeles,Los Angeles County,California,LosAngeles,1075,233,64,75,82,83,112,116,163,78,13,21,97,74,61,78,98,89,360,215,25,39
2024,06037103202,Census Tract 1032.02,Los Angeles,Los Angeles County,California,LosAngeles,58,43,0,14,0,14,21,31,10,15,27,28,0,14,0,14,0,14,0,14,0,14
2024,06037103300,Census Tract 1033,Los Angeles,Los Angeles County,California,LosAngeles,226,115,0,14,11,17,0,14,0,14,41,43,0,14,12,20,59,74,60,60,43,61
2024,06037103401,Census Tract 1034.01,Los Angeles,Los Angeles County,California,LosAngeles,271,84,0,14,0,14,16,17,43,55,39,33,38,42,12,19,6,9,117,65,0,14
2024,06037103402,Census Tract 1034.02,Los Angeles,Los Angeles County,California,LosAngeles,469,142,31,29,23,27,34,42,98,73,100,78,11,17,0,14,0,14,172,95,0,14
2024,06037104103,Census Tract 1041.03,Los Angeles,Los Angeles County,California,LosAngeles,156,70,0,14,0,14,8,11,16,21,0,14,0,14,16,27,12,19,90,58,14,15
2024,06037104105,Census Tract 1041.05,Los Angeles,Los Angeles County,California,LosAngeles,850,191,22,28,10,15,23,27,61,57,59,53,37,42,110,114,80,78,376,152,72,53
2024,06037104108,Census Tract 1041.08,Los Angeles,Los Angeles County,California,LosAngeles,841,140,55,59,53,53,55,68,69,74,71,60,60,61,13,21,126,82,300,125,39,38
2024,06037104124,Census Tract 1041.24,Los Angeles,Los Angeles County,California,LosAngeles,238,92,0,14,0,14,0,14,25,36,45,45,19,35,0,14,76,76,58,55,15,23
2024,06037104201,Census Tract 1042.01,Los Angeles,Los Angeles County,California,LosAngeles,247,76,0,14,0,14,24,28,0,14,34,34,39,39,1,10,44,44,92,67,13,21
2024,06037104203,Census Tract 1042.03,Los Angeles,Los Angeles County,California,LosAngeles,487,124,0,14,0,14,81,71,29,35,68,62,44,45,55,54,0,14,204,102,6,11
2024,06037104204,Census Tract 1042.04,Los Angeles,Los Angeles County,California,LosAngeles,222,85,0,14,14,22,85,78,33,34,12,17,0,14,5,7,15,17,58,40,0,14
2024,06037104310,Census Tract 1043.10,Los Angeles,Los Angeles County,California,LosAngeles,209,80,0,14,13,20,17,27,20,22,49,39,32,28,11,12,48,57,14,16,5,8
2024,06037104321,Census Tract 1043.21,Los Angeles,Los Angeles County,California,LosAngeles,386,243,18,30,0,14,42,41,32,29,32,53,14,16,216,263,0,14,32,41,0,14
2024,06037104322,Census Tract 1043.22,Los Angeles,Los Angeles County,California,LosAngeles,100,49,0,14,0,14,4,7,0,14,18,24,26,29,6,11,28,36,18,25,0,14
2024,06037104401,Census Tract 1044.01,Los Angeles,Los Angeles County,California,LosAngeles,303,76,0,14,54,41,0,14,40,37,17,17,37,38,35,35,51,41,69,47,0,14
2024,06037104403,Census Tract 1044.03,Los Angeles,Los Angeles County,California,LosAngeles,208,68,0,14,16,25,6,10,40,35,12,19,16,17,5,7,33,37,80,34,0,14
2024,06037104404,Census Tract 1044.04,Los Angeles,Los Angeles County,California,LosAngeles,417,90,0,14,33,31,61,61,42,36,17,26,22,30,8,12,0,14,190,92,44,27
2024,06037104500,Census Tract 1045,Los Angeles,Los Angeles County,California,LosAngeles,187,81,0,14,0,14,0,14,8,12,0,14,20,33,8,12,40,44,97,64,14,16
2024,06037104610,Census Tract 1046.10,Los Angeles,Los Angeles County,California,LosAngeles,321,91,0,14,6,10,36,35,39,27,24,28,20,25,84,77,23,27,89,48,0,14
2024,06037104620,Census Tract 1046.20,Los Angeles,Los Angeles County,California,LosAngeles,219,84,6,15,0,14,47,48,3,7,12,21,22,23,12,18,40,53,77,53,0,14
2024,06037104701,Census Tract 1047.01,Los Angeles,Los Angeles County,California,LosAngeles,810,125,0,14,58,75,97,65,34,37,190,97,85,60,44,51,85,63,211,90,6,9
2024,06037104703,Census Tract 1047.03,Los Angeles,Los Angeles County,California,LosAngeles,378,76,0,14,13,19,104,45,22,36,48,35,24,39,0,14,16,23,123,62,28,29
2024,06037104704,Census Tract 1047.04,Los Angeles,Los Angeles County,California,LosAngeles,414,118,26,44,30,46,28,39,85,64,0,14,85,62,0,14,75,52,75,64,10,17
2024,06037104821,Census Tract 1048.21,Los Angeles,Los Angeles County,California,LosAngeles,412,74,0,14,24,23,44,47,77,39,38,38,68,39,28,29,10,15,115,50,8,11
2024,06037104822,Census Tract 1048.22,Los Angeles,Los Angeles County,California,LosAngeles,443,98,4,5,21,27,30,24,36,33,58,40,52,40,29,22,77,60,132,54,4,6
2024,06037104823,Census Tract 1048.23,Los Angeles,Los Angeles County,California,LosAngeles,164,51,0,14,15,23,13,14,0,14,0,14,25,26,0,14,0,14,105,50,6,11
2024,06037104824,Census Tract 1048.24,Los Angeles,Los Angeles County,California,LosAngeles,127,54,11,18,4,7,19,27,0,14,0,14,0,14,0,14,28,29,61,49,4,7
2024,06037106010,Census Tract 1060.10,Los Angeles,Los Angeles County,California,LosAngeles,246,77,24,38,0,14,15,16,16,15,24,29,0,14,2,11,49,45,75,43,41,42
2024,06037106020,Census Tract 1060.20,Los Angeles,Los Angeles County,California,LosAngeles,334,139,0,19,0,19,57,84,22,24,0,19,0,19,10,15,42,42,149,98,54,56
2024,06037106111,Census Tract 1061.11,Los Angeles,Los Angeles County,California,LosAngeles,100,73,0,14,25,38,0,14,16,23,44,63,0,14,0,14,0,14,0,14,15,15
2024,06037106112,Census Tract 1061.12,Los Angeles,Los Angeles County,California,LosAngeles,235,108,0,19,0,19,50,46,49,49,0,19,41,61,16,26,50,63,17,21,12,21
2024,06037106113,Census Tract 1061.13,Los Angeles,Los Angeles County,California,LosAngeles,91,63,7,11,0,14,23,37,0,14,0,14,0,14,22,37,14,15,25,36,0,14
2024,06037106114,Census Tract 1061.14,Los Angeles,Los Angeles County,California,LosAngeles,823,163,33,48,31,36,40,41,73,73,119,79,47,53,28,31,87,88,345,131,20,21
2024,06037106403,Census Tract 1064.03,Los Angeles,Los Angeles County,California,LosAngeles,177,68,0,14,0,14,7,10,8,11,7,11,0,14,13,19,25,31,59,43,58,43
2024,06037106405,Census Tract 1064.05,Los Angeles,Los Angeles County,California,LosAngeles,414,168,0,14,26,44,35,37,46,73,133,87,11,16,24,36,15,23,67,78,57,82
2024,06037106406,Census Tract 1064.06,Los Angeles,Los Angeles County,California,LosAngeles,367,121,0,19,14,22,41,61,16,24,58,72,0,19,0,19,136,107,49,40,53,63
2024,06037106407,Census Tract 1064.07,Los Angeles,Los Angeles County,California,LosAngeles,671,90,0,14,0,14,40,27,84,64,64,41,74,62,26,20,91,70,261,75,31,39
2024,06037106408,Census Tract 1064.08,Los Angeles,Los Angeles County,California,LosAngeles,849,114,0,14,53,66,35,26,21,18,131,54,87,48,45,38,87,44,334,97,56,39
2024,06037106510,Census Tract 1065.10,Los Angeles,Los Angeles County,California,LosAngeles,292,119,0,19,0,19,28,26,49,43,65,63,10,15,36,56,0,19,104,80,0,19
2024,06037106520,Census Tract 1065.20,Los Angeles,Los Angeles County,California,LosAngeles,477,174,0,19,0,19,26,43,88,99,32,48,101,82,28,45,11,16,166,100,25,34
2024,06037106603,Census Tract 1066.03,Los Angeles,Los Angeles County,California,LosAngeles,111,66,0,14,37,45,0,14,5,7,0,14,0,14,0,14,30,31,25,30,14,21
2024,06037106604,Census Tract 1066.04,Los Angeles,Los Angeles County,California,LosAngeles,835,137,30,46,133,102,35,52,26,30,103,91,62,57,16,25,162,96,219,128,49,69
2024,06037106641,Census Tract 1066.41,Los Angeles,Los Angeles County,California,LosAngeles,98,63,0,14,0,14,0,14,33,44,3,6,0,14,16,24,9,13,27,29,10,14
2024,06037106642,Census Tract 1066.42,Los Angeles,Los Angeles County,California,LosAngeles,133,91,0,14,0,14,0,14,0,14,0,14,63,47,36,55,0,14,0,14,34,42
2024,06037106643,Census Tract 1066.43,Los Angeles,Los Angeles County,California,LosAngeles,43,37,0,14,0,14,0,14,0,14,12,24,6,10,12,20,0,14,0,14,13,23
2024,06037106645,Census Tract 1066.45,Los Angeles,Los Angeles County,California,LosAngeles,169,153,0,14,0,14,0,14,0,14,29,39,0,14,0,14,30,44,110,140,0,14
2024,06037106646,Census Tract 1066.46,Los Angeles,Los Angeles County,California,LosAngeles,160,84,0,14,0,14,34,54,0,14,7,11,0,14,12,18,40,39,67,52,0,14
2024,06037106648,Census Tract 1066.48,Los Angeles,Los Angeles County,California,LosAngeles,641,140,23,38,14,21,33,42,66,84,69,55,40,48,0,14,194,122,183,88,19,27
2024,06037106649,Census Tract 1066.49,Los Angeles,Los Angeles County,California,LosAngeles,103,56,0,14,0,14,0,14,5,9,0,14,0,14,33,44,15,21,45,40,5,8
2024,06037107010,Census Tract 1070.10,Los Angeles,Los Angeles County,California,LosAngeles,239,78,0,14,54,57,0,14,34,24,25,38,15,22,47,47,59,45,0,14,5,8
2024,06037107020,Census Tract 1070.20,Los Angeles,Los Angeles County,California,LosAngeles,420,168,0,14,0,14,39,37,43,46,28,34,30,29,6,10,4,8,186,155,84,78
2024,06037108101,Census Tract 1081.01,Los Angeles,Los Angeles County,California,LosAngeles,59,37,0,14,7,11,0,14,19,20,0,14,0,14,24,34,0,14,0,14,9,13
2024,06037108102,Census Tract 1081.02,Los Angeles,Los Angeles County,California,LosAngeles,137,66,9,14,9,14,0,14,6,10,11,18,0,14,12,20,15,25,64,51,11,17
2024,06037108103,Census Tract 1081.03,Los Angeles,Los Angeles County,California,LosAngeles,155,87,0,14,0,14,21,29,0,14,12,21,39,53,14,24,0,14,62,63,7,12
2024,06037108104,Census Tract 1081.04,Los Angeles,Los Angeles County,California,LosAngeles,49,32,0,14,0,14,0,14,12,13,0,14,0,14,21,28,0,14,6,9,10,14
2024,06037108202,Census Tract 1082.02,Los Angeles,Los Angeles County,California,LosAngeles,1152,363,0,21,55,54,0,21,115,126,115,103,202,163,139,214,53,52,450,233,23,26
2024,06037108203,Census Tract 1082.03,Los Angeles,Los Angeles County,California,LosAngeles,277,105,0,14,18,27,60,50,31,37,0,14,50,40,2,4,61,62,55,47,0,14
2024,06037108204,Census Tract 1082.04,Los Angeles,Los Angeles County,California,LosAngeles,56,39,7,12,0,14,0,14,0,14,0,14,0,14,8,13,8,12,14,16,19,23
2024,06037109100,Census Tract 1091,Los Angeles,Los Angeles County,California,LosAngeles,302,118,0,14,0,14,5,9,47,44,21,27,32,32,22,26,15,25,132,88,28,34
2024,06037109200,Census Tract 1092,Los Angeles,Los Angeles County,California,LosAngeles,149,72,3,5,12,18,22,21,32,38,36,50,0,14,0,14,7,12,23,35,14,22
2024,06037109300,Census Tract 1093,Los Angeles,Los Angeles County,California,LosAngeles,123,53,0,14,0,14,13,18,0,14,7,11,17,22,0,14,28,22,44,30,14,17
2024,06037109400,Census Tract 1094,Los Angeles,Los Angeles County,California,LosAngeles,311,176,0,14,0,14,9,13,31,38,0,14,0,14,74,95,76,66,96,127,25,39
2024,06037109500,Census Tract 1095,Los Angeles,Los Angeles County,California,LosAngeles,227,99,0,14,16,20,21,34,57,54,0,14,25,26,61,56,22,34,25,40,0,14
2024,06037109601,Census Tract 1096.01,Los Angeles,Los Angeles County,California,LosAngeles,238,121,0,19,16,30,0,19,0,19,33,38,9,17,24,41,65,79,91,81,0,19
2024,06037109603,Census Tract 1096.03,Los Angeles,Los Angeles County,California,LosAngeles,623,98,0,14,66,52,26,41,69,60,85,59,39,48,44,39,29,46,265,83,0,14
2024,06037109604,Census Tract 1096.04,Los Angeles,Los Angeles County,California,LosAngeles,221,66,0,14,20,23,19,17,13,12,20,19,42,39,21,31,33,26,42,29,11,12
2024,06037109700,Census Tract 1097,Los Angeles,Los Angeles County,California,LosAngeles,333,138,0,14,62,99,28,28,22,35,28,26,10,16,0,14,37,37,146,70,0,14
2024,06037109800,Census Tract 1098,Los Angeles,Los Angeles County,California,LosAngeles,358,120,14,29,11,17,72,42,1,10,48,37,14,23,52,53,0,14,146,80,0,14
2024,06037111100,Census Tract 1111,Los Angeles,Los Angeles County,California,LosAngeles,327,108,6,9,55,38,0,14,14,17,71,73,16,24,19,29,40,43,79,54,27,24
2024,06037111201,Census Tract 1112.01,Los Angeles,Los Angeles County,California,LosAngeles,101,45,0,14,0,14,8,12,58,39,0,14,0,14,0,14,19,22,10,16,6,9
2024,06037111202,Census Tract 1112.02,Los Angeles,Los Angeles County,California,LosAngeles,768,267,0,19,24,33,11,17,255,252,74,67,42,37,0,19,102,61,201,96,59,57
2024,06037111204,Census Tract 1112.04,Los Angeles,Los Angeles County,California,LosAngeles,317,176,0,19,0,19,0,19,10,15,53,60,69,73,0,19,27,43,17,19,141,146
2024,06037111205,Census Tract 1112.05,Los Angeles,Los Angeles County,California,LosAngeles,572,292,0,14,29,31,6,12,57,53,175,250,13,17,103,87,58,56,131,83,0,14
2024,06037111206,Census Tract 1112.06,Los Angeles,Los Angeles County,California,LosAngeles,111,65,0,14,0,14,9,13,0,14,22,25,0,14,0,14,0,14,80,65,0,14
2024,06037111302,Census Tract 1113.02,Los Angeles,Los Angeles County,California,LosAngeles,852,241,0,14,69,61,25,28,39,34,159,83,64,66,10,14,233,124,240,213,13,22
2024,06037111303,Census Tract 1113.03,Los Angeles,Los Angeles County,California,LosAngeles,472,126,23,36,12,21,33,39,32,34,60,54,27,44,74,66,75,52,136,80,0,14
2024,06037111304,Census Tract 1113.04,Los Angeles,Los Angeles County,California,LosAngeles,1230,196,9,16,44,68,121,98,79,66,67,54,37,40,134,95,24,38,650,238,65,67
2024,06037111401,Census Tract 1114.01,Los Angeles,Los Angeles County,California,LosAngeles,305,78,33,39,39,33,9,14,5,8,46,61,43,36,12,15,45,40,73,64,0,14
2024,06037111402,Census Tract 1114.02,Los Angeles,Los Angeles County,California,LosAngeles,1613,339,6,12,40,47,88,71,129,98,331,218,97,96,350,250,157,125,355,153,60,85
2024,06037113101,Census Tract 1131.01,Los Angeles,Los Angeles County,California,LosAngeles,81,63,0,14,0,14,0,14,13,20,0,14,0,14,0,14,0,14,35,51,33,31
2024,06037113102,Census Tract 1131.02,Los Angeles,Los Angeles County,California,LosAngeles,29,31,0,14,0,14,0,14,0,14,0,14,0,14,16,24,0,14,13,21,0,14
2024,06037113211,Census Tract 1132.11,Los Angeles,Los Angeles County,California,LosAngeles,402,186,0,14,51,54,0,14,124,142,0,14,3,10,24,35,53,87,104,86,43,44
2024,06037113212,Census Tract 1132.12,Los Angeles,Los Angeles County,California,LosAngeles,306,89,0,14,0,14,0,14,37,36,16,19,5,8,43,55,42,40,163,88,0,14
2024,06037113213,Census Tract 1132.13,Los Angeles,Los Angeles County,California,LosAngeles,692,149,47,75,39,44,68,74,43,52,81,52,106,81,78,50,38,26,184,89,8,11
2024,06037113231,Census Tract 1132.31,Los Angeles,Los Angeles County,California,LosAngeles,155,59,0,14,8,12,0,14,0,14,0,14,6,9,53,44,17,25,61,54,10,11
2024,06037113232,Census Tract 1132.32,Los Angeles,Los Angeles County,California,LosAngeles,224,122,0,19,0,19,27,32,48,70,0,19,23,34,53,82,42,44,17,26,14,23
2024,06037113234,Census Tract 1132.34,Los Angeles,Los Angeles County,California,LosAngeles,880,225,78,75,19,27,135,142,63,46,78,65,70,75,10,16,58,64,298,124,71,62
2024,06037113235,Census Tract 1132.35,Los Angeles,Los Angeles County,California,LosAngeles,176,68,6,10,0,14,16,19,19,20,19,28,0,14,30,27,13,16,73,56,0,14
2024,06037113237,Census Tract 1132.37,Los Angeles,Los Angeles County,California,LosAngeles,407,128,8,12,28,45,55,59,10,16,80,51,41,48,35,41,13,16,62,47,75,82
2024,06037113238,Census Tract 1132.38,Los Angeles,Los Angeles County,California,LosAngeles,1094,195,33,38,74,61,82,67,107,82,70,54,89,67,154,101,125,86,289,181,71,66
2024,06037113239,Census Tract 1132.39,Los Angeles,Los Angeles County,California,LosAngeles,739,80,63,74,13,14,64,82,152,109,27,30,115,61,6,9,116,68,183,96,0,14
2024,06037113301,Census Tract 1133.01,Los Angeles,Los Angeles County,California,LosAngeles,947,140,0,14,77,69,45,72,136,60,42,36,115,86,45,47,99,72,378,129,10,16
2024,06037113303,Census Tract 1133.03,Los Angeles,Los Angeles County,California,LosAngeles,317,117,0,14,0,14,22,33,63,65,58,47,0,14,8,12,45,52,70,58,51,57
2024,06037113322,Census Tract 1133.22,Los Angeles,Los Angeles County,California,LosAngeles,361,219,0,14,0,14,18,19,93,122,33,50,0,14,12,18,46,58,149,155,10,15
2024,06037113323,Census Tract 1133.23,Los Angeles,Los Angeles County,California,LosAngeles,882,134,50,48,97,66,118,76,56,66,32,28,114,89,43,34,109,78,238,132,25,39
2024,06037113324,Census Tract 1133.24,Los Angeles,Los Angeles County,California,LosAngeles,930,372,0,14,17,17,67,49,190,120,271,346,106,84,77,50,116,71,78,49,8,16
2024,06037113423,Census Tract 1134.23,Los Angeles,Los Angeles County,California,LosAngeles,257,80,0,14,0,14,14,13,45,40,4,13,22,24,20,31,20,29,110,66,22,36
2024,06037113424,Census Tract 1134.24,Los Angeles,Los Angeles County,California,LosAngeles,434,133,0,14,8,15,6,9,34,43,28,28,57,44,60,66,66,58,175,121,0,14
2024,06037113425,Census Tract 1134.25,Los Angeles,Los Angeles County,California,LosAngeles,1310,157,26,30,21,31,124,76,91,51,180,109,95,86,266,105,107,99,400,133,0,14
2024,06037113426,Census Tract 1134.26,Los Angeles,Los Angeles County,California,LosAngeles,381,109,20,18,0,14,16,17,71,55,22,26,51,37,62,87,47,48,92,56,0,14
2024,06037113427,Census Tract 1134.27,Los Angeles,Los Angeles County,California,LosAngeles,676,135,0,14,0,14,35,30,75,78,72,56,106,84,9,16,125,70,224,121,30,45
2024,06037113428,Census Tract 1134.28,Los Angeles,Los Angeles County,California,LosAngeles,178,114,4,14,0,14,0,14,0,14,29,29,35,54,0,14,0,14,99,94,11,20
2024,06037115101,Census Tract 1151.01,Los Angeles,Los Angeles County,California,LosAngeles,254,119,0,19,0,19,24,35,19,28,28,40,31,45,11,19,0,19,56,57,85,98
2024,06037115103,Census Tract 1151.03,Los Angeles,Los Angeles County,California,LosAngeles,47,37,0,14,0,14,0,14,5,7,0,14,0,14,4,8,0,14,34,37,4,7
2024,06037115104,Census Tract 1151.04,Los Angeles,Los Angeles County,California,LosAngeles,1415,223,89,73,46,66,126,90,58,52,135,108,93,81,210,167,110,91,522,164,26,25
2024,06037115202,Census Tract 1152.02,Los Angeles,Los Angeles County,California,LosAngeles,1453,275,50,45,16,20,125,91,98,63,93,67,134,97,10,18,139,116,759,273,29,34
2024,06037115203,Census Tract 1152.03,Los Angeles,Los Angeles County,California,LosAngeles,752,139,13,21,68,88,58,62,19,21,106,79,72,74,55,46,46,58,297,126,18,28
2024,06037115204,Census Tract 1152.04,Los Angeles,Los Angeles County,California,LosAngeles,1137,326,17,27,49,55,277,271,69,56,90,67,124,75,63,67,94,76,332,197,22,24
2024,06037115301,Census Tract 1153.01,Los Angeles,Los Angeles County,California,LosAngeles,754,192,0,14,40,50,57,41,164,141,63,60,57,50,58,53,97,91,209,111,9,14
2024,06037115302,Census Tract 1153.02,Los Angeles,Los Angeles County,California,LosAngeles,674,122,0,14,18,18,47,36,27,25,91,55,54,47,149,80,15,20,265,135,8,12
2024,06037115401,Census Tract 1154.01,Los Angeles,Los Angeles County,California,LosAngeles,1343,207,33,47,95,88,25,26,61,55,46,42,144,89,111,114,278,181,550,188,0,19
2024,06037115403,Census Tract 1154.03,Los Angeles,Los Angeles County,California,LosAngeles,845,147,36,43,3,18,125,94,25,30,173,100,59,59,93,81,71,54,238,139,22,31
2024,06037115404,Census Tract 1154.04,Los Angeles,Los Angeles County,California,LosAngeles,524,126,21,27,12,15,25,26,9,13,28,28,109,54,50,49,28,35,221,117,21,36
2024,06037117101,Census Tract 1171.01,Los Angeles,Los Angeles County,California,LosAngeles,508,142,0,19,22,33,42,67,0,19,28,43,76,72,53,42,29,36,221,118,37,36
2024,06037117102,Census Tract 1171.02,Los Angeles,Los Angeles County,California,LosAngeles,187,70,0,14,0,14,0,14,76,55,0,14,0,14,28,27,6,11,73,44,4,9
2024,06037117201,Census Tract 1172.01,Los Angeles,Los Angeles County,California,LosAngeles,898,138,58,71,45,48,121,81,99,67,69,72,33,43,15,25,106,70,343,148,9,16
2024,06037117202,Census Tract 1172.02,Los Angeles,Los Angeles County,California,LosAngeles,346,118,0,14,21,17,5,8,20,22,18,21,50,51,76,90,11,13,105,74,40,41
2024,06037117301,Census Tract 1173.01,Los Angeles,Los Angeles County,California,LosAngeles,308,93,5,9,12,18,13,22,6,13,86,65,108,70,35,36,24,27,19,22,0,14
2024,06037117302,Census Tract 1173.02,Los Angeles,Los Angeles County,California,LosAngeles,433,113,15,24,12,18,58,72,23,25,21,28,75,53,61,68,24,29,135,80,9,15
2024,06037117303,Census Tract 1173.03,Los Angeles,Los Angeles County,California,LosAngeles,156,96,0,14,15,21,0,14,9,17,0,14,0,14,31,45,42,48,55,57,4,9
2024,06037117404,Census Tract 1174.04,Los Angeles,Los Angeles County,California,LosAngeles,334,133,0,14,21,27,28,25,18,21,26,25,0,14,0,14,106,115,115,72,20,22
2024,06037117405,Census Tract 1174.05,Los Angeles,Los Angeles County,California,LosAngeles,792,112,17,25,39,34,74,45,74,79,45,38,89,56,60,56,31,28,342,68,21,22
2024,06037117407,Census Tract 1174.07,Los Angeles,Los Angeles County,California,LosAngeles,1005,97,0,14,22,29,43,35,211,98,44,36,129,75,103,46,107,71,332,100,14,22
2024,06037117408,Census Tract 1174.08,Los Angeles,Los Angeles County,California,LosAngeles,568,69,9,14,23,27,39,30,43,33,41,30,12,18,63,30,24,23,285,65,29,26
2024,06037117510,Census Tract 1175.10,Los Angeles,Los Angeles County,California,LosAngeles,992,153,16,26,12,18,89,57,106,79,26,27,59,73,29,35,60,44,595,186,0,14
2024,06037117520,Census Tract 1175.20,Los Angeles,Los Angeles County,California,LosAngeles,917,136,18,28,63,63,22,25,91,60,102,83,67,64,39,54,110,80,386,128,19,29
2024,06037117530,Census Tract 1175.30,Los Angeles,Los Angeles County,California,LosAngeles,1479,163,29,44,58,64,141,89,201,89,90,68,75,55,112,88,79,67,555,126,139,84
2024,06037119001,Census Tract 1190.01,Los Angeles,Los Angeles County,California,LosAngeles,148,60,13,15,1,12,26,30,32,35,18,18,5,11,0,14,0,14,26,25,27,23
2024,06037119003,Census Tract 1190.03,Los Angeles,Los Angeles County,California,LosAngeles,196,65,0,14,0,14,11,17,0,14,21,27,22,34,33,35,6,10,86,51,17,27
2024,06037119004,Census Tract 1190.04,Los Angeles,Los Angeles County,California,LosAngeles,129,73,0,14,0,14,0,14,11,18,0,14,0,14,0,14,19,21,80,67,19,18
2024,06037119201,Census Tract 1192.01,Los Angeles,Los Angeles County,California,LosAngeles,124,52,14,11,7,12,22,24,0,14,0,14,0,14,0,14,18,18,32,29,31,29
2024,06037119202,Census Tract 1192.02,Los Angeles,Los Angeles County,California,LosAngeles,402,100,9,15,29,30,55,59,33,41,52,39,123,98,0,14,27,42,67,46,7,13
2024,06037119310,Census Tract 1193.10,Los Angeles,Los Angeles County,California,LosAngeles,576,124,0,14,79,79,0,14,57,54,0,14,61,59,69,62,43,42,238,117,29,45
2024,06037119320,Census Tract 1193.20,Los Angeles,Los Angeles County,California,LosAngeles,869,186,97,153,39,44,92,90,79,47,98,68,76,60,46,45,50,41,284,134,8,14
2024,06037119340,Census Tract 1193.40,Los Angeles,Los Angeles County,California,LosAngeles,999,94,0,14,69,52,50,34,119,67,71,42,44,37,75,51,157,76,395,92,19,29
2024,06037119341,Census Tract 1193.41,Los Angeles,Los Angeles County,California,LosAngeles,453,88,0,14,34,32,19,14,57,41,45,34,41,37,19,21,70,54,168,73,0,14
2024,06037119342,Census Tract 1193.42,Los Angeles,Los Angeles County,California,LosAngeles,474,72,4,6,22,22,49,40,73,50,44,27,25,23,29,33,78,62,150,79,0,14
2024,06037119400,Census Tract 1194,Los Angeles,Los Angeles County,California,LosAngeles,220,113,0,14,0,14,60,67,32,39,18,30,0,14,0,14,31,41,79,81,0,14
2024,06037119700,Census Tract 1197,Los Angeles,Los Angeles County,California,LosAngeles,285,102,8,13,4,8,14,23,0,14,94,79,39,46,0,14,41,52,60,69,25,28
2024,06037119801,Census Tract 1198.01,Los Angeles,Los Angeles County,California,LosAngeles,106,49,0,14,0,14,17,26,0,14,9,17,0,14,15,20,24,20,35,36,6,10
2024,06037119802,Census Tract 1198.02,Los Angeles,Los Angeles County,California,LosAngeles,218,72,0,14,18,29,19,22,20,24,27,27,13,21,0,14,24,33,64,41,33,38
2024,06037119900,Census Tract 1199,Los Angeles,Los Angeles County,California,LosAngeles,304,164,0,14,0,14,52,56,28,37,28,46,4,10,0,14,91,103,101,68,0,14
2024,06037120010,Census Tract 1200.10,Los Angeles,Los Angeles County,California,LosAngeles,381,115,5,8,82,105,17,20,30,29,24,26,27,32,42,38,21,22,108,45,25,33
2024,06037120020,Census Tract 1200.20,Los Angeles,Los Angeles County,California,LosAngeles,994,216,25,28,79,49,41,38,82,48,87,62,39,38,38,44,218,181,370,135,15,27
2024,06037120030,Census Tract 1200.30,Los Angeles,Los Angeles County,California,LosAngeles,637,78,24,28,29,26,85,56,37,26,102,54,58,44,20,23,55,41,223,70,4,7
2024,06037120103,Census Tract 1201.03,Los Angeles,Los Angeles County,California,LosAngeles,769,77,9,13,18,19,22,23,77,51,29,22,60,47,74,50,91,51,372,81,17,21
2024,06037120104,Census Tract 1201.04,Los Angeles,Los Angeles County,California,LosAngeles,757,93,58,47,22,26,40,38,73,43,74,48,38,30,42,31,60,39,304,94,46,36
2024,06037120105,Census Tract 1201.05,Los Angeles,Los Angeles County,California,LosAngeles,611,99,28,44,20,31,85,68,8,11,31,23,70,49,28,31,28,21,248,77,65,44
2024,06037120106,Census Tract 1201.06,Los Angeles,Los Angeles County,California,LosAngeles,1085,120,0,14,57,44,40,38,19,29,84,49,57,36,146,90,164,106,518,160,0,14
2024,06037120107,Census Tract 1201.07,Los Angeles,Los Angeles County,California,LosAngeles,1010,129,0,14,12,18,21,24,101,65,76,49,137,118,67,50,167,101,381,109,48,49
2024,06037120108,Census Tract 1201.08,Los Angeles,Los Angeles County,California,LosAngeles,859,174,14,22,52,48,92,65,105,77,11,17,52,49,42,47,80,62,389,174,22,25
2024,06037120300,Census Tract 1203,Los Angeles,Los Angeles County,California,LosAngeles,577,184,0,19,0,19,87,53,40,41,27,29,67,67,35,47,17,29,297,162,7,13
2024,06037120400,Census Tract 1204,Los Angeles,Los Angeles County,California,LosAngeles,1640,239,0,19,65,83,48,65,246,151,153,117,79,69,92,103,196,132,745,225,16,24
2024,06037121010,Census Tract 1210.10,Los Angeles,Los Angeles County,California,LosAngeles,380,152,0,14,19,29,0,14,31,30,18,30,71,82,20,27,31,46,190,113,0,14
2024,06037121020,Census Tract 1210.20,Los Angeles,Los Angeles County,California,LosAngeles,518,118,0,14,17,27,33,38,0,14,47,53,0,14,100,82,99,77,217,95,5,8
2024,06037121101,Census Tract 1211.01,Los Angeles,Los Angeles County,California,LosAngeles,587,97,4,8,81,53,65,46,51,40,40,40,35,36,60,55,25,22,160,60,66,51
2024,06037121102,Census Tract 1211.02,Los Angeles,Los Angeles County,California,LosAngeles,273,85,12,16,6,11,0,14,5,8,42,40,10,16,18,20,0,14,137,73,43,32
2024,06037121210,Census Tract 1212.10,Los Angeles,Los Angeles County,California,LosAngeles,332,82,0,14,0,14,30,32,39,43,12,12,54,55,87,60,18,20,74,44,18,25
2024,06037121221,Census Tract 1212.21,Los Angeles,Los Angeles County,California,LosAngeles,136,50,0,14,0,14,50,31,15,13,20,29,0,14,0,14,6,9,40,39,5,8
2024,06037121222,Census Tract 1212.22,Los Angeles,Los Angeles County,California,LosAngeles,809,115,12,19,67,56,84,64,84,68,78,64,108,86,48,51,57,53,249,109,22,37
2024,06037121600,Census Tract 1216,Los Angeles,Los Angeles County,California,LosAngeles,137,64,0,14,12,14,0,14,14,15,9,17,0,14,0,14,8,11,82,55,12,14
2024,06037121801,Census Tract 1218.01,Los Angeles,Los Angeles County,California,LosAngeles,909,130,0,14,57,64,18,20,107,72,61,59,128,90,97,71,188,123,227,100,26,29
2024,06037121802,Census Tract 1218.02,Los Angeles,Los Angeles County,California,LosAngeles,244,79,0,14,0,14,5,8,11,17,38,26,43,53,26,19,0,14,78,51,43,27
2024,06037121900,Census Tract 1219,Los Angeles,Los Angeles County,California,LosAngeles,533,213,0,14,66,63,38,43,53,59,24,41,69,77,0,14,15,24,228,197,40,44
2024,06037122000,Census Tract 1220,Los Angeles,Los Angeles County,California,LosAngeles,499,131,0,19,44,72,80,78,42,38,66,62,42,62,30,41,0,19,187,106,8,13
2024,06037122120,Census Tract 1221.20,Los Angeles,Los Angeles County,California,LosAngeles,598,161,0,14,61,51,49,46,72,65,51,45,0,14,77,88,28,43,191,148,69,54
2024,06037122121,Census Tract 1221.21,Los Angeles,Los Angeles County,California,LosAngeles,481,109,5,8,40,34,17,23,66,48,29,26,83,53,35,54,15,17,154,90,37,33
2024,06037122122,Census Tract 1221.22,Los Angeles,Los Angeles County,California,LosAngeles,652,89,0,14,73,42,47,39,27,22,89,47,79,59,102,58,37,29,191,82,7,11
2024,06037122200,Census Tract 1222,Los Angeles,Los Angeles County,California,LosAngeles,411,91,0,14,0,14,65,45,24,27,0,14,31,32,37,32,76,46,156,70,22,29
2024,06037122410,Census Tract 1224.10,Los Angeles,Los Angeles County,California,LosAngeles,1064,94,8,14,185,114,83,62,170,96,95,60,104,69,89,65,23,26,272,98,35,35
2024,06037122420,Census Tract 1224.20,Los Angeles,Los Angeles County,California,LosAngeles,851,150,19,26,40,38,23,28,92,69,76,59,51,59,111,99,49,52,390,121,0,14
2024,06037123010,Census Tract 1230.10,Los Angeles,Los Angeles County,California,LosAngeles,714,108,25,30,79,80,39,36,9,13,32,39,69,46,102,74,115,68,244,86,0,14
2024,06037123020,Census Tract 1230.20,Los Angeles,Los Angeles County,California,LosAngeles,312,96,5,8,6,10,13,22,87,73,15,16,16,17,16,23,29,28,114,56,11,12
2024,06037123103,Census Tract 1231.03,Los Angeles,Los Angeles County,California,LosAngeles,968,197,0,14,97,104,74,61,164,123,53,67,49,41,28,33,205,130,272,119,26,32
2024,06037123104,Census Tract 1231.04,Los Angeles,Los Angeles County,California,LosAngeles,1059,156,24,28,134,92,122,87,94,73,44,41,78,66,54,70,65,61,444,160,0,14
2024,06037123203,Census Tract 1232.03,Los Angeles,Los Angeles County,California,LosAngeles,915,95,1,21,49,55,68,69,74,64,116,74,81,81,0,14,48,44,417,119,61,57
2024,06037123204,Census Tract 1232.04,Los Angeles,Los Angeles County,California,LosAngeles,892,136,26,25,36,38,21,32,118,77,156,121,127,87,58,43,88,60,262,88,0,14
2024,06037123205,Census Tract 1232.05,Los Angeles,Los Angeles County,California,LosAngeles,592,93,4,6,31,34,56,41,80,65,25,26,39,41,26,19,27,21,298,84,6,9
2024,06037123206,Census Tract 1232.06,Los Angeles,Los Angeles County,California,LosAngeles,594,82,41,35,42,30,55,38,93,52,38,33,41,33,66,44,42,36,139,55,37,28
2024,06037123301,Census Tract 1233.01,Los Angeles,Los Angeles County,California,LosAngeles,973,146,0,14,0,14,59,47,130,80,112,81,128,92,104,92,120,75,293,112,27,27
2024,06037123303,Census Tract 1233.03,Los Angeles,Los Angeles County,California,LosAngeles,544,80,0,14,0,14,45,32,94,50,78,49,18,22,54,41,52,43,194,68,9,13
2024,06037123304,Census Tract 1233.04,Los Angeles,Los Angeles County,California,LosAngeles,1383,191,0,14,51,60,104,68,151,95,67,53,161,94,145,137,63,49,586,164,55,70
2024,06037123410,Census Tract 1234.10,Los Angeles,Los Angeles County,California,LosAngeles,892,168,0,14,17,22,101,95,12,17,43,40,47,62,40,42,199,157,425,140,8,12
2024,06037123420,Census Tract 1234.20,Los Angeles,Los Angeles County,California,LosAngeles,1057,230,0,14,172,158,30,38,93,80,75,56,15,30,57,57,327,121,270,136,18,25
2024,06037123510,Census Tract 1235.10,Los Angeles,Los Angeles County,California,LosAngeles,1285,137,20,26,10,23,41,48,86,86,157,86,77,69,92,56,179,92,531,141,92,83
2024,06037123520,Census Tract 1235.20,Los Angeles,Los Angeles County,California,LosAngeles,483,73,14,17,6,10,36,28,39,32,28,26,17,24,62,52,60,38,183,71,38,51
2024,06037123601,Census Tract 1236.01,Los Angeles,Los Angeles County,California,LosAngeles,1223,158,52,80,23,28,74,50,202,101,149,99,70,61,47,43,276,152,283,110,47,40
2024,06037123602,Census Tract 1236.02,Los Angeles,Los Angeles County,California,LosAngeles,781,164,5,10,92,70,67,60,37,27,63,44,56,50,56,46,75,116,272,94,58,47
2024,06037123700,Census Tract 1237,Los Angeles,Los Angeles County,California,LosAngeles,903,291,0,14,37,53,123,75,232,278,35,28,68,61,18,19,109,64,248,128,33,46
2024,06037123800,Census Tract 1238,Los Angeles,Los Angeles County,California,LosAngeles,1360,196,7,13,208,163,50,59,228,128,165,111,96,82,32,52,71,61,479,167,24,38
2024,06037123901,Census Tract 1239.01,Los Angeles,Los Angeles County,California,LosAngeles,1208,154,0,14,12,20,156,105,125,88,93,87,128,96,140,104,56,51,417,176,81,81
2024,06037123902,Census Tract 1239.02,Los Angeles,Los Angeles County,California,LosAngeles,651,146,10,16,11,19,63,45,131,124,64,48,46,42,51,49,66,58,195,79,14,22
2024,06037124000,Census Tract 1240,Los Angeles,Los Angeles County,California,LosAngeles,1171,217,151,154,16,26,14,21,123,89,122,123,60,55,45,47,66,70,481,140,93,81
2024,06037124102,Census Tract 1241.02,Los Angeles,Los Angeles County,California,LosAngeles,1129,185,0,14,34,42,68,61,175,98,140,84,73,40,57,38,47,35,519,167,16,20
2024,06037124103,Census Tract 1241.03,Los Angeles,Los Angeles County,California,LosAngeles,377,68,6,10,20,19,8,11,15,13,81,44,36,36,0,14,8,9,190,54,13,12
2024,06037124104,Census Tract 1241.04,Los Angeles,Los Angeles County,California,LosAngeles,972,142,0,14,56,49,72,50,85,55,81,41,67,55,69,52,140,81,367,126,35,39
2024,06037124105,Census Tract 1241.05,Los Angeles,Los Angeles County,California,LosAngeles,708,73,7,10,15,21,49,38,44,34,99,56,74,37,35,28,93,57,280,85,12,12
2024,06037124201,Census Tract 1242.01,Los Angeles,Los Angeles County,California,LosAngeles,613,160,0,14,22,36,67,77,43,43,179,119,132,99,10,15,35,46,99,63,26,36
2024,06037124203,Census Tract 1242.03,Los Angeles,Los Angeles County,California,LosAngeles,678,97,37,38,75,65,60,46,56,48,15,17,84,50,40,33,94,53,217,104,0,14
2024,06037124204,Census Tract 1242.04,Los Angeles,Los Angeles County,California,LosAngeles,746,159,13,17,61,59,93,98,55,56,24,26,81,77,101,99,35,29,259,104,24,34
2024,06037124300,Census Tract 1243,Los Angeles,Los Angeles County,California,LosAngeles,896,181,43,38,52,61,133,74,66,53,96,72,17,21,48,44,79,73,349,153,13,21
2024,06037124400,Census Tract 1244,Los Angeles,Los Angeles County,California,LosAngeles,1077,216,0,14,37,46,167,151,76,55,121,76,96,49,64,60,157,110,340,120,19,22
2024,06037124500,Census Tract 1245,Los Angeles,Los Angeles County,California,LosAngeles,565,116,0,14,0,14,10,16,51,41,55,42,29,27,22,16,83,61,195,103,120,69
2024,06037124600,Census Tract 1246,Los Angeles,Los Angeles County,California,LosAngeles,801,193,9,14,36,44,29,29,70,48,95,66,40,32,184,93,99,134,223,108,16,18
2024,06037124700,Census Tract 1247,Los Angeles,Los Angeles County,California,LosAngeles,1569,426,1,12,95,103,377,252,212,154,149,140,115,117,94,86,96,83,430,212,0,19
2024,06037124902,Census Tract 1249.02,Los Angeles,Los Angeles County,California,LosAngeles,1286,248,24,32,156,108,94,84,123,81,254,141,94,61,131,62,44,37,306,101,60,78
2024,06037124903,Census Tract 1249.03,Los Angeles,Los Angeles County,California,LosAngeles,1448,155,19,25,226,106,242,115,133,87,35,28,146,101,108,73,103,73,436,163,0,14
2024,06037125101,Census Tract 1251.01,Los Angeles,Los Angeles County,California,LosAngeles,1865,329,82,76,52,52,182,126,119,88,309,270,177,151,181,138,249,116,471,178,43,72
2024,06037125102,Census Tract 1251.02,Los Angeles,Los Angeles County,California,LosAngeles,568,140,44,68,13,21,11,18,27,32,17,26,87,80,73,86,91,97,187,103,18,27
2024,06037125200,Census Tract 1252,Los Angeles,Los Angeles County,California,LosAngeles,1431,269,32,30,51,33,83,53,100,69,209,100,221,104,45,32,153,138,366,185,171,185
2024,06037125310,Census Tract 1253.10,Los Angeles,Los Angeles County,California,LosAngeles,1886,293,98,116,111,103,135,98,367,233,225,129,170,116,201,162,196,128,361,145,22,37
2024,06037125321,Census Tract 1253.21,Los Angeles,Los Angeles County,California,LosAngeles,1286,190,0,14,35,33,117,74,52,35,175,99,285,182,42,56,96,66,484,149,0,14
2024,06037125322,Census Tract 1253.22,Los Angeles,Los Angeles County,California,LosAngeles,1697,257,0,14,0,14,114,79,106,69,209,124,157,102,201,132,269,143,611,246,30,47
2024,06037125402,Census Tract 1254.02,Los Angeles,Los Angeles County,California,LosAngeles,1726,282,0,14,142,121,0,14,178,105,321,172,158,87,148,147,235,144,514,210,30,34
2024,06037125403,Census Tract 1254.03,Los Angeles,Los Angeles County,California,LosAngeles,1551,257,0,14,8,12,133,75,179,106,223,114,222,119,152,89,162,211,452,145,20,22
2024,06037125404,Census Tract 1254.04,Los Angeles,Los Angeles County,California,LosAngeles,1693,376,0,14,93,71,257,127,143,84,157,104,281,309,0,14,83,65,669,201,10,16
2024,06037125501,Census Tract 1255.01,Los Angeles,Los Angeles County,California,LosAngeles,1365,210,0,14,49,38,137,105,266,111,162,72,61,60,43,45,89,71,558,205,0,14
2024,06037125502,Census Tract 1255.02,Los Angeles,Los Angeles County,California,LosAngeles,1444,221,52,59,68,44,155,114,130,65,149,89,226,131,134,75,96,49,362,141,72,61
2024,06037125600,Census Tract 1256,Los Angeles,Los Angeles County,California,LosAngeles,793,218,0,14,45,43,91,67,161,106,21,33,56,47,52,47,103,74,254,195,10,15
2024,06037127102,Census Tract 1271.02,Los Angeles,Los Angeles County,California,LosAngeles,976,155,0,19,18,24,46,43,58,61,44,58,156,74,40,60,150,90,389,136,75,82
2024,06037127103,Census Tract 1271.03,Los Angeles,Los Angeles County,California,LosAngeles,1082,214,27,39,34,44,67,53,205,105,51,43,11,17,93,61,122,88,370,134,102,154
2024,06037127104,Census Tract 1271.04,Los Angeles,Los Angeles County,California,LosAngeles,932,244,0,14,0,14,115,156,9,14,68,62,11,19,251,208,79,74,389,132,10,15
2024,06037127210,Census Tract 1272.10,Los Angeles,Los Angeles County,California,LosAngeles,1319,196,11,18,124,92,120,75,142,83,177,123,96,61,47,53,145,102,412,125,45,55
2024,06037127220,Census Tract 1272.20,Los Angeles,Los Angeles County,California,LosAngeles,1231,138,0,14,56,66,98,87,58,58,114,80,170,114,115,81,166,84,386,135,68,70
2024,06037127300,Census Tract 1273,Los Angeles,Los Angeles County,California,LosAngeles,996,197,17,23,39,48,31,44,223,148,103,96,57,60,51,47,231,156,222,95,22,24
2024,06037127400,Census Tract 1274,Los Angeles,Los Angeles County,California,LosAngeles,1464,213,97,84,83,74,102,75,108,74,167,148,87,65,137,92,102,78,487,180,94,81
2024,06037127520,Census Tract 1275.20,Los Angeles,Los Angeles County,California,LosAngeles,1411,134,10,18,68,48,128,83,133,85,122,84,153,92,133,86,196,113,397,130,71,64
2024,06037127603,Census Tract 1276.03,Los Angeles,Los Angeles County,California,LosAngeles,791,91,17,30,30,40,96,75,159,76,36,38,77,60,51,40,60,41,246,95,19,30
2024,06037127604,Census Tract 1276.04,Los Angeles,Los Angeles County,California,LosAngeles,1360,256,0,14,23,31,188,163,80,45,64,55,153,122,151,99,134,117,485,123,82,81
2024,06037127605,Census Tract 1276.05,Los Angeles,Los Angeles County,California,LosAngeles,917,149,0,14,48,53,17,26,134,84,108,85,65,62,57,82,159,92,329,104,0,14
2024,06037127606,Census Tract 1276.06,Los Angeles,Los Angeles County,California,LosAngeles,699,132,43,67,11,16,86,49,130,61,53,44,43,37,51,40,36,30,215,95,31,42
2024,06037127711,Census Tract 1277.11,Los Angeles,Los Angeles County,California,LosAngeles,709,132,0,14,108,91,26,36,80,63,104,73,67,58,14,17,108,70,153,76,49,51
2024,06037127712,Census Tract 1277.12,Los Angeles,Los Angeles County,California,LosAngeles,1309,187,3,12,16,26,219,116,131,75,184,124,213,137,23,42,185,113,335,127,0,14
2024,06037127803,Census Tract 1278.03,Los Angeles,Los Angeles County,California,LosAngeles,1265,151,0,19,50,60,113,86,259,140,6,10,122,67,18,20,165,102,485,141,47,47
2024,06037127804,Census Tract 1278.04,Los Angeles,Los Angeles County,California,LosAngeles,1215,161,10,16,51,48,162,129,106,74,95,52,67,72,117,69,159,82,372,128,76,81
2024,06037127805,Census Tract 1278.05,Los Angeles,Los Angeles County,California,LosAngeles,881,212,33,56,55,53,53,48,0,14,115,101,56,40,56,48,69,62,349,173,95,68
2024,06037127806,Census Tract 1278.06,Los Angeles,Los Angeles County,California,LosAngeles,1087,121,36,35,110,69,77,65,32,25,162,103,82,61,70,53,154,88,354,119,10,15
2024,06037127910,Census Tract 1279.10,Los Angeles,Los Angeles County,California,LosAngeles,1286,135,32,39,148,124,65,46,69,57,87,69,109,71,50,56,171,100,520,135,35,41
2024,06037127920,Census Tract 1279.20,Los Angeles,Los Angeles County,California,LosAngeles,915,319,10,15,22,26,47,57,180,125,135,96,49,61,26,42,112,74,306,278,28,43
2024,06037128101,Census Tract 1281.01,Los Angeles,Los Angeles County,California,LosAngeles,804,112,33,49,9,14,57,45,89,77,113,62,72,59,49,45,80,62,254,106,48,58
2024,06037128102,Census Tract 1281.02,Los Angeles,Los Angeles County,California,LosAngeles,1293,174,0,14,119,77,19,22,315,157,86,57,59,64,72,67,262,117,336,123,25,40
2024,06037128210,Census Tract 1282.10,Los Angeles,Los Angeles County,California,LosAngeles,1477,137,52,40,10,16,61,52,143,84,154,115,188,81,183,94,206,110,417,133,63,56
2024,06037128220,Census Tract 1282.20,Los Angeles,Los Angeles County,California,LosAngeles,972,145,0,14,29,29,58,43,123,90,136,113,94,50,12,18,83,60,412,108,25,27
2024,06037128302,Census Tract 1283.02,Los Angeles,Los Angeles County,California,LosAngeles,1068,218,26,36,8,15,89,120,175,90,86,55,47,39,31,35,231,106,368,127,7,11
2024,06037128303,Census Tract 1283.03,Los Angeles,Los Angeles County,California,LosAngeles,1073,169,0,14,9,14,56,43,93,70,146,75,203,94,16,24,73,61,446,174,31,36
2024,06037128400,Census Tract 1284,Los Angeles,Los Angeles County,California,LosAngeles,872,162,0,14,75,55,98,70,88,57,89,74,172,118,0,14,35,38,304,113,11,17
2024,06037128500,Census Tract 1285,Los Angeles,Los Angeles County,California,LosAngeles,1351,200,36,43,72,75,184,113,98,103,150,83,43,51,7,16,172,154,546,183,43,64
2024,06037128601,Census Tract 1286.01,Los Angeles,Los Angeles County,California,LosAngeles,1535,239,30,36,52,55,92,80,399,253,120,69,135,77,92,72,125,88,447,115,43,44
2024,06037128602,Census Tract 1286.02,Los Angeles,Los Angeles County,California,LosAngeles,711,112,49,73,30,29,65,42,115,86,58,38,55,55,35,32,22,22,258,102,24,20
2024,06037128703,Census Tract 1287.03,Los Angeles,Los Angeles County,California,LosAngeles,1357,229,0,14,55,68,110,48,167,90,148,113,197,158,30,29,75,76,537,216,38,61
2024,06037128704,Census Tract 1287.04,Los Angeles,Los Angeles County,California,LosAngeles,397,81,0,14,26,31,104,71,79,63,47,43,25,25,7,12,0,14,90,64,19,22
2024,06037128801,Census Tract 1288.01,Los Angeles,Los Angeles County,California,LosAngeles,1586,246,0,14,121,107,185,118,38,36,163,78,211,106,256,147,107,65,384,130,121,91
2024,06037128802,Census Tract 1288.02,Los Angeles,Los Angeles County,California,LosAngeles,1377,340,32,53,65,70,157,168,176,114,76,78,83,97,82,94,270,216,428,185,8,15
2024,06037128910,Census Tract 1289.10,Los Angeles,Los Angeles County,California,LosAngeles,1023,148,13,21,30,30,136,78,179,107,171,119,122,73,83,61,78,57,163,104,48,43
2024,06037131021,Census Tract 1310.21,Los Angeles,Los Angeles County,California,LosAngeles,784,245,0,14,24,29,49,35,88,54,77,54,63,58,41,40,180,213,195,78,67,42
2024,06037131022,Census Tract 1310.22,Los Angeles,Los Angeles County,California,LosAngeles,716,122,32,40,11,18,43,42,138,78,50,49,24,41,13,21,181,121,224,102,0,14
2024,06037131023,Census Tract 1310.23,Los Angeles,Los Angeles County,California,LosAngeles,440,100,12,14,7,12,38,45,80,54,34,30,42,35,50,39,7,11,170,102,0,14
2024,06037131024,Census Tract 1310.24,Los Angeles,Los Angeles County,California,LosAngeles,563,141,12,18,15,23,30,28,157,102,43,51,39,36,0,14,39,45,194,96,34,38
2024,06037131100,Census Tract 1311,Los Angeles,Los Angeles County,California,LosAngeles,235,91,10,15,12,19,0,14,6,9,8,13,30,31,23,34,38,44,78,59,30,42
2024,06037131200,Census Tract 1312,Los Angeles,Los Angeles County,California,LosAngeles,184,86,0,14,5,9,0,14,0,14,5,9,5,8,11,20,29,39,121,83,8,12
2024,06037131300,Census Tract 1313,Los Angeles,Los Angeles County,California,LosAngeles,251,91,0,14,13,21,43,60,0,14,27,36,0,14,7,23,77,73,79,60,5,10
2024,06037131400,Census Tract 1314,Los Angeles,Los Angeles County,California,LosAngeles,806,157,0,19,11,17,60,82,61,38,78,41,128,95,48,55,115,68,295,107,10,15
2024,06037131600,Census Tract 1316,Los Angeles,Los Angeles County,California,LosAngeles,389,124,0,19,16,26,3,5,129,74,14,16,24,27,47,59,41,49,110,87,5,12
2024,06037131701,Census Tract 1317.01,Los Angeles,Los Angeles County,California,LosAngeles,1000,259,20,23,0,14,30,29,97,80,144,83,71,65,145,119,105,83,370,204,18,23
2024,06037131702,Census Tract 1317.02,Los Angeles,Los Angeles County,California,LosAngeles,365,112,0,14,13,22,32,48,36,37,20,28,27,30,11,19,16,19,210,106,0,14
2024,06037131801,Census Tract 1318.01,Los Angeles,Los Angeles County,California,LosAngeles,685,138,28,30,30,26,62,57,78,76,44,39,18,18,29,27,104,84,273,108,19,26
2024,06037131802,Census Tract 1318.02,Los Angeles,Los Angeles County,California,LosAngeles,218,83,0,14,14,15,7,11,6,9,5,8,15,24,0,14,5,9,101,60,65,57
2024,06037131900,Census Tract 1319,Los Angeles,Los Angeles County,California,LosAngeles,229,118,0,14,0,14,6,9,57,67,49,55,24,43,6,9,0,14,66,57,21,28
2024,06037132001,Census Tract 1320.01,Los Angeles,Los Angeles County,California,LosAngeles,337,140,30,44,27,26,38,35,25,26,33,26,84,109,15,18,35,41,50,41,0,14
2024,06037132002,Census Tract 1320.02,Los Angeles,Los Angeles County,California,LosAngeles,357,137,0,14,28,29,44,46,92,80,0,14,0,14,0,14,34,32,155,106,4,13
2024,06037132101,Census Tract 1321.01,Los Angeles,Los Angeles County,California,LosAngeles,939,257,19,24,7,14,43,48,50,45,15,23,60,65,67,63,143,103,385,142,150,228
2024,06037132102,Census Tract 1321.02,Los Angeles,Los Angeles County,California,LosAngeles,898,258,0,19,65,56,65,56,69,110,143,119,49,81,87,94,21,34,327,172,72,92
2024,06037132301,Census Tract 1323.01,Los Angeles,Los Angeles County,California,LosAngeles,1214,148,0,14,118,96,172,114,95,64,116,82,106,86,60,63,178,95,335,127,34,39
2024,06037132302,Census Tract 1323.02,Los Angeles,Los Angeles County,California,LosAngeles,583,201,0,14,0,14,48,62,90,133,57,73,45,52,60,65,34,32,228,137,21,29
2024,06037132501,Census Tract 1325.01,Los Angeles,Los Angeles County,California,LosAngeles,711,169,0,19,66,44,121,103,77,69,26,32,105,72,22,35,52,45,203,87,39,59
2024,06037132502,Census Tract 1325.02,Los Angeles,Los Angeles County,California,LosAngeles,543,117,19,30,49,57,12,20,31,31,51,39,65,38,31,33,44,42,215,102,26,30
2024,06037132700,Census Tract 1327,Los Angeles,Los Angeles County,California,LosAngeles,730,135,7,12,13,20,9,14,92,73,118,76,110,81,70,92,91,76,211,106,9,19
2024,06037132900,Census Tract 1329,Los Angeles,Los Angeles County,California,LosAngeles,405,145,0,14,0,14,12,20,15,25,27,30,22,30,0,14,39,47,283,146,7,13
2024,06037133000,Census Tract 1330,Los Angeles,Los Angeles County,California,LosAngeles,448,168,34,50,0,14,101,98,29,43,6,12,0,14,0,14,26,43,159,100,93,91
2024,06037133101,Census Tract 1331.01,Los Angeles,Los Angeles County,California,LosAngeles,252,87,11,19,0,14,45,66,60,52,6,8,22,26,1,5,10,16,77,49,20,23
2024,06037133102,Census Tract 1331.02,Los Angeles,Los Angeles County,California,LosAngeles,773,152,0,14,37,37,37,38,56,55,116,72,34,40,91,53,54,48,341,127,7,11
2024,06037134001,Census Tract 1340.01,Los Angeles,Los Angeles County,California,LosAngeles,475,100,20,18,12,19,30,27,58,38,36,32,73,47,13,15,78,42,133,61,22,28
2024,06037134002,Census Tract 1340.02,Los Angeles,Los Angeles County,California,LosAngeles,721,123,8,13,17,21,48,45,73,68,107,90,73,74,10,16,106,82,255,97,24,27
2024,06037134101,Census Tract 1341.01,Los Angeles,Los Angeles County,California,LosAngeles,437,113,0,14,4,8,12,21,12,18,0,14,32,46,152,87,20,28,120,79,85,82
2024,06037134103,Census Tract 1341.03,Los Angeles,Los Angeles County,California,LosAngeles,514,144,16,24,44,50,27,31,0,14,0,14,0,14,30,31,77,72,294,128,26,33
2024,06037134104,Census Tract 1341.04,Los Angeles,Los Angeles County,California,LosAngeles,601,141,22,35,63,78,9,14,56,67,27,31,56,53,10,17,72,65,234,126,52,37
2024,06037134201,Census Tract 1342.01,Los Angeles,Los Angeles County,California,LosAngeles,214,83,0,14,6,10,13,24,38,50,61,59,31,37,0,14,28,32,37,52,0,14
2024,06037134302,Census Tract 1343.02,Los Angeles,Los Angeles County,California,LosAngeles,302,136,0,14,51,39,23,25,9,14,28,29,72,58,13,17,0,14,96,102,10,17
2024,06037134303,Census Tract 1343.03,Los Angeles,Los Angeles County,California,LosAngeles,611,203,0,19,28,23,190,125,126,162,34,22,22,28,20,32,28,42,119,85,44,35
2024,06037134304,Census Tract 1343.04,Los Angeles,Los Angeles County,California,LosAngeles,284,106,0,14,7,11,0,14,13,13,41,32,47,35,0,14,9,13,143,99,24,19
2024,06037134305,Census Tract 1343.05,Los Angeles,Los Angeles County,California,LosAngeles,1175,210,0,14,82,70,98,66,204,190,120,80,44,38,147,79,117,83,331,110,32,36
2024,06037134306,Census Tract 1343.06,Los Angeles,Los Angeles County,California,LosAngeles,1094,254,26,28,9,15,87,77,28,28,132,107,87,85,67,54,247,136,368,216,43,37
2024,06037134421,Census Tract 1344.21,Los Angeles,Los Angeles County,California,LosAngeles,142,132,0,14,24,39,0,14,0,14,19,25,0,14,0,14,7,12,92,127,0,14
2024,06037134422,Census Tract 1344.22,Los Angeles,Los Angeles County,California,LosAngeles,407,172,10,16,0,14,68,59,22,34,13,19,78,56,15,25,48,42,126,123,27,40
2024,06037134423,Census Tract 1344.23,Los Angeles,Los Angeles County,California,LosAngeles,346,217,60,73,8,17,0,14,7,12,26,31,0,14,20,26,0,14,193,200,32,37
2024,06037134424,Census Tract 1344.24,Los Angeles,Los Angeles County,California,LosAngeles,80,94,0,14,8,14,0,14,0,14,9,15,0,14,0,14,63,93,0,14,0,14
2024,06037134520,Census Tract 1345.20,Los Angeles,Los Angeles County,California,LosAngeles,1780,262,77,64,49,48,75,57,215,121,201,157,115,81,20,32,458,203,509,199,61,54
2024,06037134521,Census Tract 1345.21,Los Angeles,Los Angeles County,California,LosAngeles,622,83,11,18,30,29,46,39,53,40,82,62,36,25,15,26,103,57,246,95,0,14
2024,06037134522,Census Tract 1345.22,Los Angeles,Los Angeles County,California,LosAngeles,1162,198,0,14,88,79,126,71,98,76,90,77,127,103,109,67,116,77,337,146,71,110
2024,06037134710,Census Tract 1347.10,Los Angeles,Los Angeles County,California,LosAngeles,1281,155,20,30,29,35,131,90,93,72,99,72,212,117,150,84,111,60,409,112,27,35
2024,06037134720,Census Tract 1347.20,Los Angeles,Los Angeles County,California,LosAngeles,856,143,12,19,14,27,22,27,122,75,82,59,137,90,87,68,44,36,238,112,98,104
2024,06037134801,Census Tract 1348.01,Los Angeles,Los Angeles County,California,LosAngeles,282,101,6,9,0,14,59,58,20,25,55,43,6,11,12,17,40,39,84,67,0,14
2024,06037134802,Census Tract 1348.02,Los Angeles,Los Angeles County,California,LosAngeles,331,105,5,9,0,14,29,33,5,7,20,30,49,38,7,13,68,62,119,76,29,29
2024,06037134901,Census Tract 1349.01,Los Angeles,Los Angeles County,California,LosAngeles,428,115,0,14,20,24,12,20,27,39,64,69,8,14,140,92,50,45,94,68,13,20
2024,06037134904,Census Tract 1349.04,Los Angeles,Los Angeles County,California,LosAngeles,901,212,7,13,141,150,108,69,84,47,22,20,65,64,96,61,89,64,273,109,16,25
2024,06037134905,Census Tract 1349.05,Los Angeles,Los Angeles County,California,LosAngeles,3014,413,37,44,234,184,400,225,210,148,172,129,220,132,198,128,304,125,1084,470,155,117
2024,06037134906,Census Tract 1349.06,Los Angeles,Los Angeles County,California,LosAngeles,1171,101,22,27,59,66,21,39,101,68,236,131,183,114,74,60,96,82,336,116,43,52
2024,06037134907,Census Tract 1349.07,Los Angeles,Los Angeles County,California,LosAngeles,2078,291,25,42,22,29,213,161,190,128,276,172,142,117,83,103,265,247,588,209,274,159
2024,06037135102,Census Tract 1351.02,Los Angeles,Los Angeles County,California,LosAngeles,319,96,26,28,48,39,62,61,23,26,47,47,24,32,0,14,19,22,59,42,11,16
2024,06037135111,Census Tract 1351.11,Los Angeles,Los Angeles County,California,LosAngeles,662,198,0,14,59,63,91,78,67,76,72,65,23,30,36,36,22,34,111,77,181,160
2024,06037135113,Census Tract 1351.13,Los Angeles,Los Angeles County,California,LosAngeles,1146,207,62,67,159,91,47,43,241,152,47,44,52,46,121,86,105,85,285,101,27,25
2024,06037135115,Census Tract 1351.15,Los Angeles,Los Angeles County,California,LosAngeles,1625,177,21,33,220,144,381,177,161,114,97,101,101,75,81,95,108,93,436,162,19,31
2024,06037135116,Census Tract 1351.16,Los Angeles,Los Angeles County,California,LosAngeles,998,310,0,14,34,33,301,320,126,60,112,68,73,49,81,63,80,57,171,86,20,24
2024,06037135201,Census Tract 1352.01,Los Angeles,Los Angeles County,California,LosAngeles,101,42,0,14,0,14,12,18,6,10,14,16,12,12,10,10,5,10,42,30,0,14
2024,06037135202,Census Tract 1352.02,Los Angeles,Los Angeles County,California,LosAngeles,437,165,0,14,36,48,14,21,48,34,28,26,50,63,24,27,39,41,159,130,39,58
2024,06037135204,Census Tract 1352.04,Los Angeles,Los Angeles County,California,LosAngeles,391,136,0,14,0,14,44,56,49,48,40,46,12,19,39,33,38,64,142,77,27,30
2024,06037135205,Census Tract 1352.05,Los Angeles,Los Angeles County,California,LosAngeles,130,67,0,14,0,14,3,7,14,18,28,31,23,31,0,14,2,5,33,32,27,30
2024,06037137000,Census Tract 1370,Los Angeles,Los Angeles County,California,LosAngeles,249,154,0,14,0,14,13,21,0,14,6,11,47,69,44,51,21,20,24,25,94,126
2024,06037137103,Census Tract 1371.03,Los Angeles,Los Angeles County,California,LosAngeles,1348,230,0,14,114,129,51,47,136,93,141,108,94,60,106,96,245,140,370,159,91,97
2024,06037137104,Census Tract 1371.04,Los Angeles,Los Angeles County,California,LosAngeles,166,94,0,14,0,14,72,72,0,14,0,14,19,29,0,14,0,14,23,33,52,49
2024,06037137202,Census Tract 1372.02,Los Angeles,Los Angeles County,California,LosAngeles,985,143,41,52,91,56,59,40,112,87,59,47,82,66,9,26,95,74,326,148,111,108
2024,06037137203,Census Tract 1372.03,Los Angeles,Los Angeles County,California,LosAngeles,356,82,6,9,0,14,57,34,15,16,31,25,17,20,9,15,56,66,143,67,22,22
2024,06037137301,Census Tract 1373.01,Los Angeles,Los Angeles County,California,LosAngeles,41,31,6,9,0,14,0,14,0,14,8,13,0,14,0,14,0,14,13,16,14,18
2024,06037137302,Census Tract 1373.02,Los Angeles,Los Angeles County,California,LosAngeles,193,103,13,20,19,28,0,14,10,17,0,14,14,24,20,33,27,34,0,14,90,77
2024,06037137401,Census Tract 1374.01,Los Angeles,Los Angeles County,California,LosAngeles,664,142,0,14,104,74,51,39,91,77,40,41,0,14,92,87,7,12,229,141,50,65
2024,06037137402,Census Tract 1374.02,Los Angeles,Los Angeles County,California,LosAngeles,564,274,0,19,12,18,17,29,79,93,64,100,41,48,0,19,217,237,120,72,14,22
2024,06037137501,Census Tract 1375.01,Los Angeles,Los Angeles County,California,LosAngeles,1304,218,13,20,53,56,52,44,197,111,74,48,122,109,65,54,124,97,550,219,54,49
2024,06037137502,Census Tract 1375.02,Los Angeles,Los Angeles County,California,LosAngeles,460,141,0,14,0,14,54,63,35,33,58,63,11,18,158,104,9,16,87,70,48,53
2024,06037137504,Census Tract 1375.04,Los Angeles,Los Angeles County,California,LosAngeles,26,17,0,14,0,14,5,8,0,14,0,14,0,14,0,14,0,14,0,14,21,15
2024,06037138000,Census Tract 1380,Los Angeles,Los Angeles County,California,LosAngeles,216,114,0,14,0,14,49,67,12,18,29,38,37,51,29,33,17,20,43,40,0,14
2024,06037139001,Census Tract 1390.01,Los Angeles,Los Angeles County,California,LosAngeles,1152,235,0,19,107,84,171,123,98,101,150,120,25,39,143,139,28,45,252,129,178,104
2024,06037139200,Census Tract 1392,Los Angeles,Los Angeles County,California,LosAngeles,1115,269,0,19,34,53,50,63,204,145,60,70,234,174,64,67,108,91,334,183,27,44
2024,06037139301,Census Tract 1393.01,Los Angeles,Los Angeles County,California,LosAngeles,223,88,0,14,8,12,0,14,46,45,5,11,0,14,18,26,19,21,99,64,28,45
2024,06037139302,Census Tract 1393.02,Los Angeles,Los Angeles County,California,LosAngeles,1427,218,0,19,53,64,84,63,192,137,288,154,140,76,80,99,295,200,295,145,0,19
2024,06037139303,Census Tract 1393.03,Los Angeles,Los Angeles County,California,LosAngeles,1653,299,95,97,153,91,79,69,227,91,142,118,96,72,201,215,139,69,470,169,51,41
2024,06037139401,Census Tract 1394.01,Los Angeles,Los Angeles County,California,LosAngeles,896,99,53,50,7,12,97,63,68,58,75,48,80,69,49,42,21,34,381,85,65,64
2024,06037139402,Census Tract 1394.02,Los Angeles,Los Angeles County,California,LosAngeles,56,43,0,14,4,8,7,11,0,14,0,14,0,14,0,14,0,14,36,39,9,19
2024,06037139502,Census Tract 1395.02,Los Angeles,Los Angeles County,California,LosAngeles,448,147,22,37,7,16,52,63,73,81,41,53,27,38,0,14,41,44,174,88,11,19
2024,06037139504,Census Tract 1395.04,Los Angeles,Los Angeles County,California,LosAngeles,1181,201,13,19,16,22,83,63,83,71,209,94,63,40,190,125,105,83,351,125,68,58
2024,06037139505,Census Tract 1395.05,Los Angeles,Los Angeles County,California,LosAngeles,1303,427,7,12,34,31,46,36,28,31,123,149,315,248,23,27,76,42,640,432,11,19
2024,06037139506,Census Tract 1395.06,Los Angeles,Los Angeles County,California,LosAngeles,619,238,0,14,116,104,6,11,38,40,44,69,113,173,54,57,9,15,239,157,0,14
2024,06037139600,Census Tract 1396,Los Angeles,Los Angeles County,California,LosAngeles,1070,239,10,19,102,102,185,152,0,19,72,82,114,125,46,54,203,155,233,132,105,86
2024,06037139701,Census Tract 1397.01,Los Angeles,Los Angeles County,California,LosAngeles,614,247,0,19,107,82,39,45,32,52,23,43,20,35,31,38,105,115,184,155,73,97
2024,06037139703,Census Tract 1397.03,Los Angeles,Los Angeles County,California,LosAngeles,66,46,0,14,0,14,0,14,5,9,0,14,17,27,0,14,13,20,18,21,13,14
2024,06037139704,Census Tract 1397.04,Los Angeles,Los Angeles County,California,LosAngeles,179,205,0,14,0,14,0,14,6,10,0,14,114,185,0,14,0,14,36,38,23,32
2024,06037139705,Census Tract 1397.05,Los Angeles,Los Angeles County,California,LosAngeles,49,54,0,14,0,14,0,14,0,14,0,14,0,14,0,14,5,15,44,54,0,14
2024,06037139801,Census Tract 1398.01,Los Angeles,Los Angeles County,California,LosAngeles,25,29,0,14,0,14,0,14,0,14,0,14,9,14,16,26,0,14,0,14,0,14
2024,06037139802,Census Tract 1398.02,Los Angeles,Los Angeles County,California,LosAngeles,120,71,0,14,0,14,0,14,12,17,0,14,0,14,14,23,13,22,33,32,48,58
2024,06037141101,Census Tract 1411.01,Los Angeles,Los Angeles County,California,LosAngeles,1930,255,35,64,171,114,82,88,159,126,224,160,78,61,172,142,93,79,835,285,81,67
2024,06037141102,Census Tract 1411.02,Los Angeles,Los Angeles County,California,LosAngeles,908,200,6,9,88,91,79,50,123,93,22,27,51,37,51,56,77,65,398,164,13,20
2024,06037141201,Census Tract 1412.01,Los Angeles,Los Angeles County,California,LosAngeles,1833,235,23,38,66,49,267,121,191,108,346,138,129,75,224,158,171,152,368,160,48,48
2024,06037141202,Census Tract 1412.02,Los Angeles,Los Angeles County,California,LosAngeles,821,170,76,74,18,21,133,81,76,48,135,148,112,57,76,51,14,16,167,88,14,23
2024,06037141303,Census Tract 1413.03,Los Angeles,Los Angeles County,California,LosAngeles,1308,193,27,25,69,38,116,72,265,108,182,85,104,78,37,30,170,84,327,190,11,16
2024,06037141304,Census Tract 1413.04,Los Angeles,Los Angeles County,California,LosAngeles,824,163,13,15,97,69,8,14,51,34,128,89,52,33,77,50,37,31,361,141,0,14
2024,06037141305,Census Tract 1413.05,Los Angeles,Los Angeles County,California,LosAngeles,1020,214,113,102,45,44,118,140,70,50,184,110,120,114,53,48,101,54,216,99,0,14
2024,06037141306,Census Tract 1413.06,Los Angeles,Los Angeles County,California,LosAngeles,1039,210,0,14,83,98,137,72,162,99,89,72,121,79,97,110,110,90,231,111,9,14
2024,06037141400,Census Tract 1414,Los Angeles,Los Angeles County,California,LosAngeles,875,197,38,48,84,63,92,68,51,44,37,29,72,104,21,29,86,78,394,136,0,19
2024,06037141500,Census Tract 1415,Los Angeles,Los Angeles County,California,LosAngeles,26,25,0,14,0,14,0,14,0,14,12,18,0,14,0,14,0,14,0,14,14,18
2024,06037141600,Census Tract 1416,Los Angeles,Los Angeles County,California,LosAngeles,164,108,0,14,0,14,52,56,0,14,0,14,9,15,55,71,0,14,48,51,0,14
2024,06037141700,Census Tract 1417,Los Angeles,Los Angeles County,California,LosAngeles,122,85,0,14,0,14,22,29,52,63,9,14,0,14,0,14,6,12,25,36,8,12
2024,06037143101,Census Tract 1431.01,Los Angeles,Los Angeles County,California,LosAngeles,471,121,48,41,10,15,77,46,61,48,37,32,41,49,21,18,84,66,81,52,11,17
2024,06037143102,Census Tract 1431.02,Los Angeles,Los Angeles County,California,LosAngeles,884,143,0,14,50,49,101,68,62,56,42,53,143,70,66,65,83,49,273,111,64,54
2024,06037143200,Census Tract 1432,Los Angeles,Los Angeles County,California,LosAngeles,1582,266,0,14,143,91,107,80,195,134,70,100,172,124,154,125,121,83,610,236,10,21
2024,06037143301,Census Tract 1433.01,Los Angeles,Los Angeles County,California,LosAngeles,1181,234,0,14,103,96,157,112,71,50,160,99,51,43,50,66,111,83,478,229,0,14
2024,06037143302,Census Tract 1433.02,Los Angeles,Los Angeles County,California,LosAngeles,872,186,60,66,34,30,60,53,148,120,118,93,69,40,23,31,88,63,173,99,99,76
2024,06037143401,Census Tract 1434.01,Los Angeles,Los Angeles County,California,LosAngeles,1288,353,55,45,173,143,188,210,92,78,88,100,139,143,104,114,174,121,181,119,94,106
2024,06037143402,Census Tract 1434.02,Los Angeles,Los Angeles County,California,LosAngeles,453,86,6,9,64,47,71,57,47,35,57,41,52,47,51,35,13,15,73,28,19,28
2024,06037143500,Census Tract 1435,Los Angeles,Los Angeles County,California,LosAngeles,1400,264,63,103,158,118,124,61,364,221,83,85,68,58,65,65,207,204,259,131,9,15
2024,06037143602,Census Tract 1436.02,Los Angeles,Los Angeles County,California,LosAngeles,1409,438,94,134,32,34,173,97,100,85,131,104,148,102,0,14,257,354,430,170,44,44
2024,06037143603,Census Tract 1436.03,Los Angeles,Los Angeles County,California,LosAngeles,935,187,0,14,40,35,20,31,104,57,179,89,157,97,82,89,64,54,266,95,23,35
2024,06037143605,Census Tract 1436.05,Los Angeles,Los Angeles County,California,LosAngeles,987,129,63,60,11,17,0,14,63,69,155,100,81,83,80,58,154,115,260,118,120,100
2024,06037143606,Census Tract 1436.06,Los Angeles,Los Angeles County,California,LosAngeles,1031,128,19,31,52,39,113,50,103,50,270,123,24,21,24,25,85,51,325,111,16,16
2024,06037143700,Census Tract 1437,Los Angeles,Los Angeles County,California,LosAngeles,558,156,9,14,24,21,79,73,7,11,80,54,14,17,47,52,39,38,175,107,84,72
2024,06037143801,Census Tract 1438.01,Los Angeles,Los Angeles County,California,LosAngeles,591,252,11,17,27,40,232,239,65,58,0,14,78,59,25,30,31,37,103,67,19,26
2024,06037143802,Census Tract 1438.02,Los Angeles,Los Angeles County,California,LosAngeles,525,143,18,20,84,56,15,21,44,50,63,68,51,53,12,19,117,85,83,102,38,62
2024,06037143901,Census Tract 1439.01,Los Angeles,Los Angeles County,California,LosAngeles,186,104,0,14,0,14,9,14,0,14,57,49,0,14,14,22,8,13,72,75,26,31
2024,06037143902,Census Tract 1439.02,Los Angeles,Los Angeles County,California,LosAngeles,735,155,8,13,102,66,133,85,94,96,97,59,51,39,40,35,0,14,210,95,0,14
2024,06037181000,Census Tract 1810,Los Angeles,Los Angeles County,California,LosAngeles,630,180,0,19,74,61,73,55,17,28,124,87,48,46,35,40,0,19,242,134,17,26
2024,06037181300,Census Tract 1813,Los Angeles,Los Angeles County,California,LosAngeles,364,125,0,14,19,22,51,74,84,57,19,21,26,34,13,21,27,33,115,94,10,15
2024,06037181400,Census Tract 1814,Los Angeles,Los Angeles County,California,LosAngeles,945,184,53,36,109,74,96,62,153,131,157,115,75,45,44,38,71,46,170,94,17,21
2024,06037181500,Census Tract 1815,Los Angeles,Los Angeles County,California,LosAngeles,395,96,0,14,28,27,40,35,14,17,21,22,6,9,57,51,26,36,195,87,8,12
2024,06037181600,Census Tract 1816,Los Angeles,Los Angeles County,California,LosAngeles,585,195,59,55,37,51,51,43,83,69,8,13,0,14,193,181,25,26,120,67,9,17
2024,06037183101,Census Tract 1831.01,Los Angeles,Los Angeles County,California,LosAngeles,561,133,39,47,20,24,45,31,134,84,23,24,49,67,49,59,36,33,157,91,9,14
2024,06037183103,Census Tract 1831.03,Los Angeles,Los Angeles County,California,LosAngeles,1294,166,42,56,171,82,76,58,267,127,311,168,92,51,43,46,58,44,212,81,22,33
2024,06037183104,Census Tract 1831.04,Los Angeles,Los Angeles County,California,LosAngeles,268,66,0,14,13,15,60,50,17,17,47,39,7,10,14,16,37,27,39,30,34,35
2024,06037183220,Census Tract 1832.20,Los Angeles,Los Angeles County,California,LosAngeles,447,122,20,22,25,29,20,24,93,73,19,22,50,73,79,85,41,39,76,54,24,29
2024,06037183221,Census Tract 1832.21,Los Angeles,Los Angeles County,California,LosAngeles,414,74,10,16,49,54,25,37,60,61,0,14,29,34,36,55,87,62,118,68,0,14
2024,06037183222,Census Tract 1832.22,Los Angeles,Los Angeles County,California,LosAngeles,598,171,22,27,0,14,78,47,181,140,88,83,59,66,59,63,19,30,56,64,36,31
2024,06037183300,Census Tract 1833,Los Angeles,Los Angeles County,California,LosAngeles,478,175,11,16,20,21,42,34,48,37,113,147,93,86,22,26,7,11,109,77,13,20
2024,06037183401,Census Tract 1834.01,Los Angeles,Los Angeles County,California,LosAngeles,436,107,8,12,62,38,13,15,34,45,42,42,97,86,71,44,17,17,80,38,12,16
2024,06037183402,Census Tract 1834.02,Los Angeles,Los Angeles County,California,LosAngeles,770,149,4,6,51,53,149,51,97,59,56,63,32,22,84,62,85,69,202,95,10,11
2024,06037183510,Census Tract 1835.10,Los Angeles,Los Angeles County,California,LosAngeles,252,70,8,12,33,33,36,38,32,24,17,13,5,7,37,38,25,24,59,37,0,14
2024,06037183520,Census Tract 1835.20,Los Angeles,Los Angeles County,California,LosAngeles,766,126,45,37,61,58,84,60,106,67,42,44,41,32,39,32,121,70,220,87,7,13
2024,06037183610,Census Tract 1836.10,Los Angeles,Los Angeles County,California,LosAngeles,693,117,35,32,35,35,50,35,66,40,60,44,66,53,51,42,122,71,208,96,0,14
2024,06037183620,Census Tract 1836.20,Los Angeles,Los Angeles County,California,LosAngeles,580,120,11,17,75,52,46,34,82,45,77,41,26,25,60,66,101,67,91,59,11,16
2024,06037183701,Census Tract 1837.01,Los Angeles,Los Angeles County,California,LosAngeles,957,139,8,13,18,23,190,115,69,66,67,64,117,90,132,80,43,43,282,128,31,45
2024,06037183702,Census Tract 1837.02,Los Angeles,Los Angeles County,California,LosAngeles,428,104,20,28,44,47,20,27,54,57,54,48,50,51,32,31,13,25,133,75,8,12
2024,06037183810,Census Tract 1838.10,Los Angeles,Los Angeles County,California,LosAngeles,1360,235,29,26,129,136,161,112,107,56,132,77,114,83,117,80,124,79,408,135,39,43
2024,06037183820,Census Tract 1838.20,Los Angeles,Los Angeles County,California,LosAngeles,1094,232,56,75,68,66,251,178,165,95,32,25,125,83,12,19,87,66,269,123,29,34
2024,06037185101,Census Tract 1851.01,Los Angeles,Los Angeles County,California,LosAngeles,680,149,20,31,19,31,54,47,162,112,12,19,108,75,96,108,68,85,141,103,0,14
2024,06037185102,Census Tract 1851.02,Los Angeles,Los Angeles County,California,LosAngeles,343,226,0,14,5,10,55,50,0,14,7,12,10,17,13,20,160,219,47,46,46,36
2024,06037185202,Census Tract 1852.02,Los Angeles,Los Angeles County,California,LosAngeles,817,185,79,86,42,49,99,77,142,121,28,26,51,63,43,39,110,83,200,120,23,28
2024,06037185203,Census Tract 1852.03,Los Angeles,Los Angeles County,California,LosAngeles,482,111,12,22,0,14,65,64,70,51,106,62,57,43,9,9,69,59,64,39,30,23
2024,06037185204,Census Tract 1852.04,Los Angeles,Los Angeles County,California,LosAngeles,162,84,0,14,2,5,0,14,7,12,26,26,0,14,0,14,18,20,34,29,75,77
2024,06037185310,Census Tract 1853.10,Los Angeles,Los Angeles County,California,LosAngeles,584,156,34,29,63,44,65,50,80,45,69,82,15,23,57,41,31,30,143,86,27,29
2024,06037185320,Census Tract 1853.20,Los Angeles,Los Angeles County,California,LosAngeles,671,117,101,67,55,45,81,56,39,34,82,72,44,45,8,12,48,43,190,97,23,31
2024,06037186100,Census Tract 1861,Los Angeles,Los Angeles County,California,LosAngeles,830,187,13,20,39,43,62,40,116,78,226,155,96,63,22,25,77,73,179,98,0,14
2024,06037186201,Census Tract 1862.01,Los Angeles,Los Angeles County,California,LosAngeles,848,121,36,37,151,93,35,29,94,74,52,50,103,63,137,114,60,57,118,75,62,59
2024,06037186202,Census Tract 1862.02,Los Angeles,Los Angeles County,California,LosAngeles,458,100,47,39,6,9,83,59,60,39,68,34,54,69,10,12,49,37,75,37,6,10
2024,06037186203,Census Tract 1862.03,Los Angeles,Los Angeles County,California,LosAngeles,234,102,0,14,0,14,0,14,111,94,29,35,0,14,0,14,35,40,45,35,14,22
2024,06037186301,Census Tract 1863.01,Los Angeles,Los Angeles County,California,LosAngeles,582,73,24,24,16,20,51,36,50,27,65,45,37,33,43,34,62,37,222,73,12,13
2024,06037186302,Census Tract 1863.02,Los Angeles,Los Angeles County,California,LosAngeles,694,162,8,16,113,71,49,49,27,31,57,47,101,74,24,37,32,37,223,113,60,53
2024,06037186401,Census Tract 1864.01,Los Angeles,Los Angeles County,California,LosAngeles,732,111,22,24,22,24,58,60,131,71,124,84,54,39,67,42,54,57,184,90,16,17
2024,06037186403,Census Tract 1864.03,Los Angeles,Los Angeles County,California,LosAngeles,465,104,56,38,13,17,81,40,77,55,48,40,33,40,12,13,14,17,118,50,13,16
2024,06037186404,Census Tract 1864.04,Los Angeles,Los Angeles County,California,LosAngeles,607,98,6,11,20,22,71,41,55,36,76,44,59,40,70,65,36,32,192,76,22,23
2024,06037187101,Census Tract 1871.01,Los Angeles,Los Angeles County,California,LosAngeles,758,158,23,26,54,42,104,117,30,25,68,63,25,27,70,74,51,43,261,121,72,53
2024,06037187102,Census Tract 1871.02,Los Angeles,Los Angeles County,California,LosAngeles,1030,189,16,19,132,92,77,46,33,37,104,77,116,98,33,31,199,136,320,125,0,14
2024,06037187200,Census Tract 1872,Los Angeles,Los Angeles County,California,LosAngeles,754,207,51,55,14,16,20,25,73,47,67,76,59,37,121,142,115,63,179,69,55,45
2024,06037187300,Census Tract 1873,Los Angeles,Los Angeles County,California,LosAngeles,944,196,27,28,22,26,91,71,110,69,112,68,90,53,48,51,166,138,196,95,82,76
2024,06037188100,Census Tract 1881,Los Angeles,Los Angeles County,California,LosAngeles,1483,314,38,45,90,71,272,93,119,73,126,80,73,60,56,48,152,79,523,284,34,54
2024,06037188201,Census Tract 1882.01,Los Angeles,Los Angeles County,California,LosAngeles,1342,135,0,14,83,47,257,91,70,44,106,54,142,89,46,48,106,83,470,127,62,52
2024,06037188202,Census Tract 1882.02,Los Angeles,Los Angeles County,California,LosAngeles,612,158,43,44,23,31,107,86,46,42,14,22,44,38,50,68,81,51,204,118,0,14
2024,06037188300,Census Tract 1883,Los Angeles,Los Angeles County,California,LosAngeles,722,175,23,27,76,47,34,31,121,78,211,119,31,44,0,14,91,95,105,71,30,26
2024,06037189101,Census Tract 1891.01,Los Angeles,Los Angeles County,California,LosAngeles,995,128,0,14,55,35,175,98,126,59,134,83,97,69,71,52,36,30,295,108,6,9
2024,06037189102,Census Tract 1891.02,Los Angeles,Los Angeles County,California,LosAngeles,1580,181,63,40,280,129,208,92,220,86,236,100,218,124,97,60,89,68,127,66,42,34
2024,06037189201,Census Tract 1892.01,Los Angeles,Los Angeles County,California,LosAngeles,1790,178,135,86,178,103,255,162,165,91,96,51,123,75,117,100,174,122,466,159,81,51
2024,06037189202,Census Tract 1892.02,Los Angeles,Los Angeles County,California,LosAngeles,785,192,84,89,32,32,151,110,101,53,81,59,97,74,25,27,72,47,142,125,0,14
2024,06037189300,Census Tract 1893,Los Angeles,Los Angeles County,California,LosAngeles,89,49,0,14,20,22,15,24,0,14,8,13,0,14,0,14,10,17,6,20,30,24
2024,06037189400,Census Tract 1894,Los Angeles,Los Angeles County,California,LosAngeles,779,158,9,15,18,20,31,21,179,134,32,36,52,40,23,31,7,12,408,116,20,25
2024,06037189501,Census Tract 1895.01,Los Angeles,Los Angeles County,California,LosAngeles,1251,298,47,53,101,67,50,42,169,103,116,74,88,68,78,71,71,65,357,141,174,260
2024,06037189502,Census Tract 1895.02,Los Angeles,Los Angeles County,California,LosAngeles,1346,139,10,15,93,55,219,119,130,82,87,55,95,54,97,81,69,63,487,152,59,43
2024,06037189600,Census Tract 1896,Los Angeles,Los Angeles County,California,LosAngeles,1212,242,53,61,68,65,64,60,89,70,147,132,154,114,158,143,154,113,311,137,14,23
2024,06037189702,Census Tract 1897.02,Los Angeles,Los Angeles County,California,LosAngeles,904,258,49,61,41,64,12,19,148,155,31,23,0,14,64,66,224,135,234,103,101,87
2024,06037189703,Census Tract 1897.03,Los Angeles,Los Angeles County,California,LosAngeles,372,110,0,14,0,14,32,30,61,41,9,15,24,38,13,25,18,21,190,83,25,28
2024,06037189704,Census Tract 1897.04,Los Angeles,Los Angeles County,California,LosAngeles,780,157,0,14,32,42,164,106,72,48,109,93,22,37,78,65,59,61,201,118,43,50
2024,06037189801,Census Tract 1898.01,Los Angeles,Los Angeles County,California,LosAngeles,1243,170,33,39,105,86,123,67,54,49,167,84,142,99,46,37,63,62,338,123,172,144
2024,06037189802,Census Tract 1898.02,Los Angeles,Los Angeles County,California,LosAngeles,682,193,6,10,106,70,57,51,104,72,125,77,0,14,8,12,126,164,150,88,0,14
2024,06037189903,Census Tract 1899.03,Los Angeles,Los Angeles County,California,LosAngeles,1111,166,32,52,26,29,64,54,149,97,209,118,149,97,124,78,103,70,219,100,36,29
2024,06037189904,Census Tract 1899.04,Los Angeles,Los Angeles County,California,LosAngeles,1494,202,15,18,44,43,122,69,131,79,127,81,165,74,105,56,328,205,440,149,17,20
2024,06037189905,Census Tract 1899.05,Los Angeles,Los Angeles County,California,LosAngeles,1231,181,0,14,39,32,88,57,176,148,228,113,117,79,77,49,140,97,309,102,57,56
2024,06037189906,Census Tract 1899.06,Los Angeles,Los Angeles County,California,LosAngeles,1369,194,35,31,37,33,190,105,151,99,149,94,108,68,207,141,27,25,420,128,45,48
2024,06037189907,Census Tract 1899.07,Los Angeles,Los Angeles County,California,LosAngeles,1373,198,0,14,154,87,230,143,114,67,243,107,94,77,60,44,105,70,311,125,62,51
2024,06037190101,Census Tract 1901.01,Los Angeles,Los Angeles County,California,LosAngeles,1328,258,14,18,0,14,0,14,45,36,174,101,203,147,83,48,78,80,553,235,178,53
2024,06037190102,Census Tract 1901.02,Los Angeles,Los Angeles County,California,LosAngeles,1414,265,56,86,63,52,88,75,340,244,158,129,69,58,12,21,59,51,569,209,0,14
2024,06037190201,Census Tract 1902.01,Los Angeles,Los Angeles County,California,LosAngeles,1612,198,9,14,77,66,122,76,188,122,123,92,155,116,74,61,192,90,564,213,108,93
2024,06037190202,Census Tract 1902.02,Los Angeles,Los Angeles County,California,LosAngeles,2244,310,32,41,26,41,202,155,270,253,191,139,284,167,48,65,241,115,850,279,100,96
2024,06037190302,Census Tract 1903.02,Los Angeles,Los Angeles County,California,LosAngeles,956,231,37,56,90,65,93,86,80,73,65,45,94,122,29,33,41,35,317,171,110,85
2024,06037190303,Census Tract 1903.03,Los Angeles,Los Angeles County,California,LosAngeles,1669,378,49,40,78,76,291,107,113,76,183,131,57,44,73,64,135,69,616,419,74,71
2024,06037190401,Census Tract 1904.01,Los Angeles,Los Angeles County,California,LosAngeles,1644,178,147,101,155,88,68,45,112,72,254,110,120,80,46,34,191,84,473,142,78,118
2024,06037190402,Census Tract 1904.02,Los Angeles,Los Angeles County,California,LosAngeles,1132,138,66,59,29,46,82,57,124,78,173,89,79,54,27,39,133,85,368,97,51,57
2024,06037190510,Census Tract 1905.10,Los Angeles,Los Angeles County,California,LosAngeles,1759,185,0,14,134,82,310,121,167,106,119,69,87,84,153,86,146,73,635,173,8,13
2024,06037190520,Census Tract 1905.20,Los Angeles,Los Angeles County,California,LosAngeles,1519,161,48,49,35,34,98,51,229,122,259,132,92,62,147,115,157,92,428,125,26,23
2024,06037190701,Census Tract 1907.01,Los Angeles,Los Angeles County,California,LosAngeles,815,150,84,60,4,8,115,110,114,70,73,62,25,25,5,8,59,46,266,99,70,60
2024,06037190702,Census Tract 1907.02,Los Angeles,Los Angeles County,California,LosAngeles,689,117,0,14,34,27,75,51,112,97,72,46,78,61,22,27,40,33,249,76,7,10
2024,06037190801,Census Tract 1908.01,Los Angeles,Los Angeles County,California,LosAngeles,1479,164,28,31,80,71,198,89,186,124,188,121,186,103,86,85,62,47,375,147,90,69
2024,06037190802,Census Tract 1908.02,Los Angeles,Los Angeles County,California,LosAngeles,1664,229,38,41,39,35,78,56,229,144,274,192,111,68,237,146,56,42,555,172,47,38
2024,06037190901,Census Tract 1909.01,Los Angeles,Los Angeles County,California,LosAngeles,1257,140,39,51,79,70,72,57,173,103,175,112,163,104,28,46,117,93,317,126,94,55
2024,06037190902,Census Tract 1909.02,Los Angeles,Los Angeles County,California,LosAngeles,1646,194,35,46,18,23,202,137,290,146,53,43,124,102,163,162,87,53,593,175,81,64
2024,06037191000,Census Tract 1910,Los Angeles,Los Angeles County,California,LosAngeles,3462,425,46,52,210,176,210,128,367,185,590,310,156,123,284,198,407,320,952,349,240,151
2024,06037191110,Census Tract 1911.10,Los Angeles,Los Angeles County,California,LosAngeles,1145,238,24,25,80,49,34,24,248,201,43,37,186,102,104,78,165,93,242,94,19,20
2024,06037191120,Census Tract 1911.20,Los Angeles,Los Angeles County,California,LosAngeles,1538,226,44,48,123,70,137,72,217,107,140,73,188,94,69,68,22,27,576,225,22,30
2024,06037191201,Census Tract 1912.01,Los Angeles,Los Angeles County,California,LosAngeles,1608,242,44,45,112,83,175,95,184,85,157,110,98,98,58,53,190,101,535,203,55,47
2024,06037191203,Census Tract 1912.03,Los Angeles,Los Angeles County,California,LosAngeles,897,127,34,35,49,65,101,74,108,88,81,53,0,14,47,49,54,41,386,107,37,44
2024,06037191204,Census Tract 1912.04,Los Angeles,Los Angeles County,California,LosAngeles,691,114,12,21,20,25,118,65,73,46,72,72,110,72,72,47,12,12,162,69,40,27
2024,06037191301,Census Tract 1913.01,Los Angeles,Los Angeles County,California,LosAngeles,846,98,24,22,58,34,101,69,131,65,102,48,98,45,58,35,35,22,215,71,24,26
2024,06037191302,Census Tract 1913.02,Los Angeles,Los Angeles County,California,LosAngeles,846,121,22,23,51,40,91,58,138,79,62,43,11,17,97,66,62,47,312,116,0,14
2024,06037191410,Census Tract 1914.10,Los Angeles,Los Angeles County,California,LosAngeles,1327,113,95,63,80,61,103,70,40,32,182,102,117,79,126,71,135,71,347,126,102,64
2024,06037191420,Census Tract 1914.20,Los Angeles,Los Angeles County,California,LosAngeles,817,102,0,14,29,30,59,38,70,60,43,34,128,69,195,110,88,72,194,106,11,18
2024,06037191500,Census Tract 1915,Los Angeles,Los Angeles County,California,LosAngeles,1614,202,22,27,155,99,131,62,204,133,220,139,62,52,74,60,213,109,450,148,83,80
2024,06037191610,Census Tract 1916.10,Los Angeles,Los Angeles County,California,LosAngeles,1333,132,33,39,94,80,99,59,57,68,134,78,30,29,151,81,323,117,400,119,12,18
2024,06037191620,Census Tract 1916.20,Los Angeles,Los Angeles County,California,LosAngeles,925,141,33,28,76,50,108,60,90,113,74,76,133,78,68,53,89,58,249,90,5,9
2024,06037191710,Census Tract 1917.10,Los Angeles,Los Angeles County,California,LosAngeles,1100,213,0,14,68,62,79,70,37,28,79,73,186,152,55,53,125,68,398,160,73,56
2024,06037191720,Census Tract 1917.20,Los Angeles,Los Angeles County,California,LosAngeles,1346,172,0,14,63,59,97,65,210,129,113,71,89,55,114,106,43,47,578,207,39,61
2024,06037191810,Census Tract 1918.10,Los Angeles,Los Angeles County,California,LosAngeles,1210,152,50,38,33,43,214,99,61,60,166,86,128,88,61,50,54,50,443,143,0,14
2024,06037191820,Census Tract 1918.20,Los Angeles,Los Angeles County,California,LosAngeles,1772,272,16,17,44,34,358,160,133,95,186,91,158,96,145,79,158,92,437,218,137,110
2024,06037191901,Census Tract 1919.01,Los Angeles,Los Angeles County,California,LosAngeles,2447,364,98,154,78,57,192,137,312,202,395,171,209,143,91,62,331,195,582,253,159,164
2024,06037191902,Census Tract 1919.02,Los Angeles,Los Angeles County,California,LosAngeles,757,202,34,41,33,31,77,55,45,36,52,54,108,91,30,29,71,46,293,148,14,22
2024,06037192001,Census Tract 1920.01,Los Angeles,Los Angeles County,California,LosAngeles,813,129,54,50,76,47,94,67,99,68,0,14,116,69,38,34,54,42,282,92,0,14
2024,06037192002,Census Tract 1920.02,Los Angeles,Los Angeles County,California,LosAngeles,735,149,126,109,136,107,40,36,59,46,32,28,20,25,25,39,122,83,175,98,0,14
2024,06037192300,Census Tract 1923,Los Angeles,Los Angeles County,California,LosAngeles,1100,195,55,43,88,75,80,43,91,62,89,57,6,9,28,22,186,132,465,205,12,19
2024,06037192410,Census Tract 1924.10,Los Angeles,Los Angeles County,California,LosAngeles,1165,265,28,18,130,73,223,210,138,92,126,64,107,71,67,45,54,62,249,114,43,33
2024,06037192420,Census Tract 1924.20,Los Angeles,Los Angeles County,California,LosAngeles,1197,176,45,56,50,47,139,76,183,100,157,84,186,131,53,65,61,38,281,107,42,38
2024,06037192510,Census Tract 1925.10,Los Angeles,Los Angeles County,California,LosAngeles,1164,80,86,82,72,45,84,48,58,65,142,86,21,27,121,95,87,73,493,144,0,14
2024,06037192520,Census Tract 1925.20,Los Angeles,Los Angeles County,California,LosAngeles,1473,172,0,14,58,55,263,116,98,65,84,61,149,83,200,110,126,71,454,175,41,41
2024,06037192610,Census Tract 1926.10,Los Angeles,Los Angeles County,California,LosAngeles,1536,236,21,35,100,63,246,123,97,58,65,49,93,81,120,79,178,102,605,232,11,18
2024,06037192620,Census Tract 1926.20,Los Angeles,Los Angeles County,California,LosAngeles,1259,125,9,14,109,81,120,78,194,99,99,73,89,80,104,83,123,80,345,100,67,58
2024,06037192700,Census Tract 1927,Los Angeles,Los Angeles County,California,LosAngeles,1207,181,0,14,80,57,145,106,55,50,245,132,142,117,108,79,104,83,256,105,72,65
2024,06037194101,Census Tract 1941.01,Los Angeles,Los Angeles County,California,LosAngeles,1278,237,140,128,98,64,87,85,101,75,79,50,86,80,90,67,143,98,391,140,63,40
2024,06037194102,Census Tract 1941.02,Los Angeles,Los Angeles County,California,LosAngeles,386,122,0,14,22,26,20,22,13,20,9,14,46,36,0,14,0,14,192,96,84,78
2024,06037194200,Census Tract 1942,Los Angeles,Los Angeles County,California,LosAngeles,530,291,0,14,0,14,0,14,13,19,108,81,47,55,12,18,36,35,302,287,12,18
2024,06037194300,Census Tract 1943,Los Angeles,Los Angeles County,California,LosAngeles,279,129,0,14,0,14,6,10,46,43,18,29,0,14,50,59,23,26,130,91,6,12
2024,06037194401,Census Tract 1944.01,Los Angeles,Los Angeles County,California,LosAngeles,1267,214,12,18,162,103,177,99,115,73,152,69,53,45,124,87,132,98,314,148,26,24
2024,06037194402,Census Tract 1944.02,Los Angeles,Los Angeles County,California,LosAngeles,1584,291,15,25,117,78,149,124,100,69,211,143,124,112,204,126,58,58,577,231,29,36
2024,06037194500,Census Tract 1945,Los Angeles,Los Angeles County,California,LosAngeles,641,128,32,29,27,31,69,48,127,72,7,11,71,48,59,43,15,23,224,100,10,15
2024,06037195100,Census Tract 1951,Los Angeles,Los Angeles County,California,LosAngeles,610,291,46,46,82,64,14,25,56,57,41,50,140,234,0,14,82,82,137,130,12,19
2024,06037195201,Census Tract 1952.01,Los Angeles,Los Angeles County,California,LosAngeles,1265,140,102,92,81,63,234,98,265,115,173,103,83,50,97,69,43,34,139,53,48,51
2024,06037195202,Census Tract 1952.02,Los Angeles,Los Angeles County,California,LosAngeles,670,171,53,47,40,33,108,108,78,38,39,34,82,63,27,25,28,34,191,109,24,27
2024,06037195300,Census Tract 1953,Los Angeles,Los Angeles County,California,LosAngeles,1261,163,14,22,111,70,123,76,153,98,176,91,137,58,31,25,143,69,362,100,11,18
2024,06037195400,Census Tract 1954,Los Angeles,Los Angeles County,California,LosAngeles,1362,211,103,122,144,91,46,55,126,107,183,114,125,83,107,68,74,51,388,207,66,80
2024,06037195500,Census Tract 1955,Los Angeles,Los Angeles County,California,LosAngeles,1390,302,125,98,135,87,305,219,79,65,159,140,109,76,39,61,115,107,242,155,82,93
2024,06037195600,Census Tract 1956,Los Angeles,Los Angeles County,California,LosAngeles,790,244,33,48,72,51,51,47,120,140,93,93,155,121,46,38,26,38,110,60,84,69
2024,06037195710,Census Tract 1957.10,Los Angeles,Los Angeles County,California,LosAngeles,1264,333,22,24,31,33,46,44,113,71,65,49,129,66,63,42,198,113,540,330,57,52
2024,06037195720,Census Tract 1957.20,Los Angeles,Los Angeles County,California,LosAngeles,755,100,0,14,17,20,111,48,60,34,104,68,90,54,38,29,21,16,292,77,22,24
2024,06037195802,Census Tract 1958.02,Los Angeles,Los Angeles County,California,LosAngeles,825,116,16,20,93,61,121,65,51,32,103,57,39,46,22,19,124,64,192,97,64,45
2024,06037195803,Census Tract 1958.03,Los Angeles,Los Angeles County,California,LosAngeles,926,127,14,23,60,47,85,61,266,106,103,59,103,65,31,32,87,65,165,71,12,20
2024,06037195804,Census Tract 1958.04,Los Angeles,Los Angeles County,California,LosAngeles,896,171,90,74,73,61,158,86,140,78,115,116,11,16,39,43,168,82,86,50,16,24
2024,06037195901,Census Tract 1959.01,Los Angeles,Los Angeles County,California,LosAngeles,990,175,7,12,91,56,185,96,154,101,66,65,39,47,100,44,95,116,206,89,47,42
2024,06037195902,Census Tract 1959.02,Los Angeles,Los Angeles County,California,LosAngeles,649,168,91,105,77,71,72,67,77,51,122,62,40,36,22,23,80,57,55,39,13,20
2024,06037195903,Census Tract 1959.03,Los Angeles,Los Angeles County,California,LosAngeles,706,93,5,8,24,18,100,48,146,57,61,40,59,42,47,30,76,48,152,52,36,35
2024,06037197200,Census Tract 1972,Los Angeles,Los Angeles County,California,LosAngeles,638,123,10,16,48,49,42,38,81,46,175,84,37,36,47,59,25,30,144,103,29,30
2024,06037197300,Census Tract 1973,Los Angeles,Los Angeles County,California,LosAngeles,1286,191,56,52,134,124,164,90,214,89,125,76,112,82,40,36,15,25,403,131,23,21
2024,06037197410,Census Tract 1974.10,Los Angeles,Los Angeles County,California,LosAngeles,790,262,0,14,50,45,82,98,171,201,130,71,86,65,49,38,65,52,157,105,0,14
2024,06037197420,Census Tract 1974.20,Los Angeles,Los Angeles County,California,LosAngeles,1083,212,0,14,103,75,226,135,162,93,85,65,55,50,50,43,39,33,326,142,37,46
2024,06037197500,Census Tract 1975,Los Angeles,Los Angeles County,California,LosAngeles,1633,241,69,67,177,103,193,82,296,207,118,63,69,57,181,95,150,114,360,150,20,21
2024,06037197600,Census Tract 1976,Los Angeles,Los Angeles County,California,LosAngeles,804,93,0,14,102,71,95,56,51,44,153,88,43,43,34,28,70,66,217,80,39,35
2024,06037197700,Census Tract 1977,Los Angeles,Los Angeles County,California,LosAngeles,1950,244,50,76,87,60,423,216,9,14,137,77,111,83,200,138,241,129,657,219,35,45
2024,06037199001,Census Tract 1990.01,Los Angeles,Los Angeles County,California,LosAngeles,688,141,36,54,10,16,95,75,85,58,8,12,131,88,8,12,51,34,245,89,19,20
2024,06037199002,Census Tract 1990.02,Los Angeles,Los Angeles County,California,LosAngeles,785,182,6,12,16,27,48,44,89,53,68,53,147,153,54,51,61,66,261,96,35,46
2024,06037199110,Census Tract 1991.10,Los Angeles,Los Angeles County,California,LosAngeles,267,96,0,14,10,13,45,54,28,25,55,56,44,29,5,8,0,14,53,33,27,28
2024,06037199120,Census Tract 1991.20,Los Angeles,Los Angeles County,California,LosAngeles,875,170,50,67,11,20,83,57,31,28,49,37,48,32,30,32,139,84,347,157,87,106
2024,06037199201,Census Tract 1992.01,Los Angeles,Los Angeles County,California,LosAngeles,1013,110,44,49,66,47,153,87,109,66,53,47,149,99,65,71,107,69,221,101,46,58
2024,06037199202,Census Tract 1992.02,Los Angeles,Los Angeles County,California,LosAngeles,368,95,17,27,5,9,78,50,55,37,25,34,54,38,35,43,50,55,20,23,29,31
2024,06037199300,Census Tract 1993,Los Angeles,Los Angeles County,California,LosAngeles,452,130,24,20,20,20,6,11,14,22,33,36,15,25,24,41,114,102,124,66,78,73
2024,06037199400,Census Tract 1994,Los Angeles,Los Angeles County,California,LosAngeles,1117,257,9,13,156,170,100,78,50,56,120,80,39,41,103,101,107,86,393,167,40,32
2024,06037199700,Census Tract 1997,Los Angeles,Los Angeles County,California,LosAngeles,1043,211,100,97,31,28,85,58,40,41,96,68,64,51,42,38,190,177,364,117,31,46
2024,06037199801,Census Tract 1998.01,Los Angeles,Los Angeles County,California,LosAngeles,652,109,36,35,14,16,79,64,56,50,45,26,72,50,80,49,83,57,179,90,8,19
2024,06037199802,Census Tract 1998.02,Los Angeles,Los Angeles County,California,LosAngeles,440,74,0,14,24,24,110,51,18,15,47,27,5,10,12,22,44,48,149,64,31,35
2024,06037199900,Census Tract 1999,Los Angeles,Los Angeles County,California,LosAngeles,717,125,57,49,46,45,44,35,22,19,90,55,66,45,34,30,35,34,285,107,38,26
2024,06037201110,Census Tract 2011.10,Los Angeles,Los Angeles County,California,LosAngeles,303,81,4,8,36,30,73,53,23,27,27,31,21,24,20,22,69,57,30,23,0,14
2024,06037201120,Census Tract 2011.20,Los Angeles,Los Angeles County,California,LosAngeles,834,100,13,18,44,45,216,107,74,49,118,79,69,77,25,37,66,74,163,78,46,50
2024,06037201200,Census Tract 2012,Los Angeles,Los Angeles County,California,LosAngeles,395,72,45,39,36,39,42,37,59,42,47,39,28,28,14,17,22,25,85,55,17,18
2024,06037201301,Census Tract 2013.01,Los Angeles,Los Angeles County,California,LosAngeles,560,208,113,179,17,25,46,64,49,49,82,72,22,20,0,14,59,64,130,68,42,46
2024,06037201302,Census Tract 2013.02,Los Angeles,Los Angeles County,California,LosAngeles,419,129,0,14,30,34,46,42,198,129,10,16,21,20,14,22,41,41,28,32,31,37
2024,06037201401,Census Tract 2014.01,Los Angeles,Los Angeles County,California,LosAngeles,839,131,19,30,34,30,45,42,33,37,41,36,58,46,84,70,35,38,399,138,91,55
2024,06037201402,Census Tract 2014.02,Los Angeles,Los Angeles County,California,LosAngeles,378,115,18,26,14,22,44,36,165,123,15,24,15,17,58,52,0,14,40,45,9,14
2024,06037201501,Census Tract 2015.01,Los Angeles,Los Angeles County,California,LosAngeles,813,129,19,23,35,29,182,91,31,27,36,35,105,76,67,60,138,83,170,83,30,25
2024,06037201503,Census Tract 2015.03,Los Angeles,Los Angeles County,California,LosAngeles,637,116,8,12,40,40,49,31,87,71,93,84,99,61,95,61,39,30,76,42,51,45
2024,06037201504,Census Tract 2015.04,Los Angeles,Los Angeles County,California,LosAngeles,264,69,22,26,7,12,22,30,41,25,9,13,9,12,49,34,82,61,16,15,7,10
2024,06037201601,Census Tract 2016.01,Los Angeles,Los Angeles County,California,LosAngeles,235,74,8,12,28,31,29,29,23,21,8,14,31,37,0,14,40,33,37,45,31,35
2024,06037201602,Census Tract 2016.02,Los Angeles,Los Angeles County,California,LosAngeles,348,97,5,7,10,11,29,18,79,77,34,39,29,43,50,51,8,10,61,50,43,42
2024,06037201700,Census Tract 2017,Los Angeles,Los Angeles County,California,LosAngeles,727,136,18,29,39,43,73,50,18,21,190,98,35,39,36,43,53,52,257,128,8,12
2024,06037203100,Census Tract 2031,Los Angeles,Los Angeles County,California,LosAngeles,1126,178,65,60,134,76,116,91,184,129,110,69,56,60,133,96,61,57,267,163,0,14
2024,06037203200,Census Tract 2032,Los Angeles,Los Angeles County,California,LosAngeles,913,158,0,14,43,33,46,39,172,98,71,59,41,43,66,53,129,80,280,149,65,45
2024,06037203300,Census Tract 2033,Los Angeles,Los Angeles County,California,LosAngeles,472,85,0,14,22,20,29,37,54,51,59,54,32,49,40,40,42,53,142,56,52,42
2024,06037203500,Census Tract 2035,Los Angeles,Los Angeles County,California,LosAngeles,670,100,19,20,48,41,81,51,67,47,102,64,80,58,57,59,38,39,178,63,0,14
2024,06037203601,Census Tract 2036.01,Los Angeles,Los Angeles County,California,LosAngeles,689,141,17,27,27,33,8,14,130,101,46,38,65,49,75,49,32,33,273,82,16,18
2024,06037203602,Census Tract 2036.02,Los Angeles,Los Angeles County,California,LosAngeles,437,72,0,14,30,33,57,42,90,65,35,40,18,24,44,44,98,67,52,37,13,16
2024,06037203710,Census Tract 2037.10,Los Angeles,Los Angeles County,California,LosAngeles,623,102,59,69,94,55,116,58,85,41,23,22,33,32,0,14,64,43,144,75,5,9
2024,06037203720,Census Tract 2037.20,Los Angeles,Los Angeles County,California,LosAngeles,623,85,22,30,30,29,86,39,14,22,20,30,105,63,19,28,82,52,235,84,10,17
2024,06037203800,Census Tract 2038,Los Angeles,Los Angeles County,California,LosAngeles,834,234,31,49,38,45,124,121,94,89,94,120,150,112,39,56,53,61,163,132,48,34
2024,06037203900,Census Tract 2039,Los Angeles,Los Angeles County,California,LosAngeles,398,81,12,13,66,41,68,52,30,28,47,37,9,11,0,14,28,23,111,61,27,17
2024,06037204110,Census Tract 2041.10,Los Angeles,Los Angeles County,California,LosAngeles,563,131,11,12,0,14,54,42,88,54,44,36,109,55,30,33,53,47,155,124,19,29
2024,06037204120,Census Tract 2041.20,Los Angeles,Los Angeles County,California,LosAngeles,431,118,0,14,9,12,50,42,63,46,75,79,93,55,34,49,14,21,61,41,32,33
2024,06037204200,Census Tract 2042,Los Angeles,Los Angeles County,California,LosAngeles,938,110,0,14,69,63,124,85,72,50,134,88,71,67,15,25,72,62,341,109,40,46
2024,06037204300,Census Tract 2043,Los Angeles,Los Angeles County,California,LosAngeles,908,187,8,13,95,103,36,42,113,69,131,72,121,88,62,53,95,60,181,84,66,102
2024,06037204410,Census Tract 2044.10,Los Angeles,Los Angeles County,California,LosAngeles,542,106,7,10,83,57,3,5,80,55,59,54,34,33,31,35,62,52,178,58,5,8
2024,06037204420,Census Tract 2044.20,Los Angeles,Los Angeles County,California,LosAngeles,836,69,18,21,58,45,123,54,71,35,118,57,123,56,47,40,56,35,203,64,19,21
2024,06037204600,Census Tract 2046,Los Angeles,Los Angeles County,California,LosAngeles,945,155,13,19,40,38,64,53,97,73,67,72,91,50,38,58,51,43,465,172,19,36
2024,06037204700,Census Tract 2047,Los Angeles,Los Angeles County,California,LosAngeles,666,128,0,14,75,57,96,80,94,67,7,13,88,78,30,27,53,65,161,93,62,78
2024,06037204810,Census Tract 2048.10,Los Angeles,Los Angeles County,California,LosAngeles,1002,209,9,15,106,72,82,57,36,42,109,66,137,85,164,158,10,16,277,141,72,67
2024,06037204820,Census Tract 2048.20,Los Angeles,Los Angeles County,California,LosAngeles,294,81,0,14,24,27,23,25,15,19,16,23,55,61,54,38,19,19,72,41,16,16
2024,06037204910,Census Tract 2049.10,Los Angeles,Los Angeles County,California,LosAngeles,681,131,90,98,27,29,75,55,25,21,62,46,99,53,69,46,61,37,145,68,28,27
2024,06037204920,Census Tract 2049.20,Los Angeles,Los Angeles County,California,LosAngeles,386,106,7,11,21,26,67,55,45,36,29,36,17,16,0,14,30,28,135,58,35,28
2024,06037205110,Census Tract 2051.10,Los Angeles,Los Angeles County,California,LosAngeles,853,84,29,29,68,47,75,56,125,64,60,45,6,11,122,61,70,48,282,78,16,25
2024,06037205120,Census Tract 2051.20,Los Angeles,Los Angeles County,California,LosAngeles,872,76,0,14,12,20,82,71,42,31,140,78,85,67,49,39,38,47,396,110,28,26
2024,06037206010,Census Tract 2060.10,Los Angeles,Los Angeles County,California,LosAngeles,1517,234,44,67,149,94,171,118,91,72,160,81,317,179,92,86,53,52,407,164,33,34
2024,06037206020,Census Tract 2060.20,Los Angeles,Los Angeles County,California,LosAngeles,280,67,0,19,15,12,60,40,38,25,64,47,26,24,15,16,14,12,42,27,6,11
2024,06037206050,Census Tract 2060.50,Los Angeles,Los Angeles County,California,LosAngeles,742,91,45,41,53,41,73,57,161,91,64,37,93,59,46,41,61,38,140,60,6,9
2024,06037206051,Census Tract 2060.51,Los Angeles,Los Angeles County,California,LosAngeles,767,213,112,117,35,38,83,70,55,45,115,124,63,51,27,26,56,57,221,120,0,14
2024,06037206052,Census Tract 2060.52,Los Angeles,Los Angeles County,California,LosAngeles,1728,259,0,14,118,80,294,208,288,129,96,66,181,110,86,63,139,114,364,143,162,83
2024,06037206053,Census Tract 2060.53,Los Angeles,Los Angeles County,California,LosAngeles,897,192,96,72,74,52,35,31,167,97,81,48,27,22,52,37,59,48,306,172,0,14
2024,06037206054,Census Tract 2060.54,Los Angeles,Los Angeles County,California,LosAngeles,585,86,0,14,45,39,175,80,82,55,65,50,49,40,22,27,26,27,107,61,14,15
2024,06037206201,Census Tract 2062.01,Los Angeles,Los Angeles County,California,LosAngeles,1164,218,15,18,77,65,117,73,137,84,273,194,70,58,55,90,52,71,311,137,57,51
2024,06037206202,Census Tract 2062.02,Los Angeles,Los Angeles County,California,LosAngeles,961,195,11,10,51,60,25,29,12,22,171,180,130,113,72,74,74,51,372,128,43,42
2024,06037206301,Census Tract 2063.01,Los Angeles,Los Angeles County,California,LosAngeles,1213,263,108,86,174,154,48,46,65,64,134,101,139,157,88,91,78,80,286,132,93,66
2024,06037206302,Census Tract 2063.02,Los Angeles,Los Angeles County,California,LosAngeles,634,179,23,27,54,70,7,11,28,35,167,132,34,32,16,25,63,46,189,88,53,63
2024,06037206303,Census Tract 2063.03,Los Angeles,Los Angeles County,California,LosAngeles,492,150,86,60,8,13,0,14,0,14,82,53,28,37,0,14,0,14,188,159,100,73
2024,06037207101,Census Tract 2071.01,Los Angeles,Los Angeles County,California,LosAngeles,1813,206,38,47,70,73,134,86,275,193,67,71,203,107,138,106,185,105,605,154,98,76
2024,06037207102,Census Tract 2071.02,Los Angeles,Los Angeles County,California,LosAngeles,1594,174,18,28,133,88,180,87,125,84,271,169,251,103,77,50,288,137,201,77,50,51
2024,06037207103,Census Tract 2071.03,Los Angeles,Los Angeles County,California,LosAngeles,841,96,93,68,34,24,89,50,78,40,33,26,78,47,79,47,41,23,264,73,52,51
2024,06037207303,Census Tract 2073.03,Los Angeles,Los Angeles County,California,LosAngeles,1936,276,0,14,59,57,110,81,274,206,300,198,177,98,188,148,130,112,591,170,107,90
2024,06037207304,Census Tract 2073.04,Los Angeles,Los Angeles County,California,LosAngeles,1514,329,48,70,61,55,160,114,48,19,145,92,159,107,50,66,203,210,520,291,120,122
2024,06037207305,Census Tract 2073.05,Los Angeles,Los Angeles County,California,LosAngeles,592,120,16,25,0,14,53,57,70,53,0,14,112,83,65,66,134,93,131,67,11,17
2024,06037207306,Census Tract 2073.06,Los Angeles,Los Angeles County,California,LosAngeles,1559,233,52,80,119,95,134,80,110,90,226,177,156,98,107,58,223,133,352,123,80,67
2024,06037207307,Census Tract 2073.07,Los Angeles,Los Angeles County,California,LosAngeles,1078,244,19,23,31,38,57,51,110,97,187,198,157,94,112,84,40,50,325,152,40,49
2024,06037207308,Census Tract 2073.08,Los Angeles,Los Angeles County,California,LosAngeles,703,121,28,34,14,16,136,83,49,56,64,46,72,68,8,13,48,39,264,127,20,23
2024,06037207400,Census Tract 2074,Los Angeles,Los Angeles County,California,LosAngeles,967,236,51,19,39,24,32,36,53,26,129,79,85,62,130,141,46,45,340,146,62,48
2024,06037207501,Census Tract 2075.01,Los Angeles,Los Angeles County,California,LosAngeles,987,186,25,28,116,79,92,86,211,122,107,85,81,52,69,88,86,89,200,126,0,14
2024,06037207502,Census Tract 2075.02,Los Angeles,Los Angeles County,California,LosAngeles,2688,341,61,52,125,90,298,156,285,187,541,198,528,262,165,136,239,169,446,162,0,14
2024,06037207711,Census Tract 2077.11,Los Angeles,Los Angeles County,California,LosAngeles,1647,253,40,42,99,97,228,158,344,156,106,59,51,66,104,136,80,82,501,183,94,86
2024,06037207712,Census Tract 2077.12,Los Angeles,Los Angeles County,California,LosAngeles,2955,350,0,14,194,138,185,133,211,137,439,239,423,211,247,191,384,213,765,289,107,98
2024,06037207901,Census Tract 2079.01,Los Angeles,Los Angeles County,California,LosAngeles,2587,278,47,58,222,169,90,76,319,246,210,221,224,163,25,41,268,263,595,279,587,259
2024,06037207902,Census Tract 2079.02,Los Angeles,Los Angeles County,California,LosAngeles,4027,566,0,19,317,229,347,243,593,292,375,296,601,334,281,248,147,90,1292,476,74,67
2024,06037208001,Census Tract 2080.01,Los Angeles,Los Angeles County,California,LosAngeles,1382,132,66,79,95,62,76,81,139,108,236,130,220,138,85,78,37,42,326,170,102,84
2024,06037208002,Census Tract 2080.02,Los Angeles,Los Angeles County,California,LosAngeles,1224,163,107,87,58,56,83,77,177,108,59,47,126,85,105,90,96,84,395,150,18,30
2024,06037208301,Census Tract 2083.01,Los Angeles,Los Angeles County,California,LosAngeles,526,55,14,23,32,35,92,54,44,38,0,14,10,15,49,37,35,36,220,77,30,29
2024,06037208302,Census Tract 2083.02,Los Angeles,Los Angeles County,California,LosAngeles,1483,210,34,42,134,96,184,102,160,94,165,90,245,175,77,64,157,78,214,93,113,78
2024,06037208401,Census Tract 2084.01,Los Angeles,Los Angeles County,California,LosAngeles,1426,187,17,27,138,86,80,52,219,149,116,64,208,116,35,38,87,60,495,120,31,33
2024,06037208402,Census Tract 2084.02,Los Angeles,Los Angeles County,California,LosAngeles,830,107,45,39,53,34,134,83,95,59,70,60,67,47,51,40,66,39,208,97,41,44
2024,06037208501,Census Tract 2085.01,Los Angeles,Los Angeles County,California,LosAngeles,861,97,22,24,100,64,99,46,97,52,102,61,44,35,47,36,44,42,244,70,62,39
2024,06037208502,Census Tract 2085.02,Los Angeles,Los Angeles County,California,LosAngeles,1292,213,30,27,87,49,44,46,46,44,119,79,147,106,121,84,224,100,461,205,13,20
2024,06037208610,Census Tract 2086.10,Los Angeles,Los Angeles County,California,LosAngeles,1321,188,24,29,114,61,107,91,193,145,134,63,97,68,98,64,110,71,370,121,74,59
2024,06037208620,Census Tract 2086.20,Los Angeles,Los Angeles County,California,LosAngeles,1534,137,86,63,36,33,116,65,219,111,243,102,159,96,48,39,147,107,430,140,50,45
2024,06037208710,Census Tract 2087.10,Los Angeles,Los Angeles County,California,LosAngeles,1800,230,18,28,9,15,315,128,122,90,313,123,167,108,46,52,213,132,481,168,116,82
2024,06037208720,Census Tract 2087.20,Los Angeles,Los Angeles County,California,LosAngeles,1398,141,32,43,40,38,204,108,97,70,65,69,152,94,21,35,177,83,558,171,52,82
2024,06037208801,Census Tract 2088.01,Los Angeles,Los Angeles County,California,LosAngeles,1298,144,0,14,30,33,116,67,96,60,166,94,22,34,129,74,122,72,434,187,183,110
2024,06037208802,Census Tract 2088.02,Los Angeles,Los Angeles County,California,LosAngeles,1588,181,7,16,81,52,92,66,103,78,148,89,422,182,83,63,118,101,499,148,35,42
2024,06037208902,Census Tract 2089.02,Los Angeles,Los Angeles County,California,LosAngeles,666,63,0,14,46,40,43,33,71,60,77,60,25,31,55,53,122,67,204,78,23,24
2024,06037208903,Census Tract 2089.03,Los Angeles,Los Angeles County,California,LosAngeles,1148,124,40,50,47,56,144,121,79,95,109,51,52,61,59,68,197,137,340,119,81,71
2024,06037208904,Census Tract 2089.04,Los Angeles,Los Angeles County,California,LosAngeles,1327,212,60,60,100,58,75,68,29,33,121,75,194,92,115,100,213,118,369,174,51,48
2024,06037209103,Census Tract 2091.03,Los Angeles,Los Angeles County,California,LosAngeles,1050,114,91,54,7,12,91,54,106,56,124,60,108,83,76,83,55,40,392,125,0,14
2024,06037209104,Census Tract 2091.04,Los Angeles,Los Angeles County,California,LosAngeles,927,97,43,40,91,47,53,42,144,86,79,56,70,44,87,54,69,44,251,87,40,31
2024,06037209105,Census Tract 2091.05,Los Angeles,Los Angeles County,California,LosAngeles,991,209,0,14,28,34,73,69,64,49,97,99,113,84,35,44,148,108,396,205,37,41
2024,06037209106,Census Tract 2091.06,Los Angeles,Los Angeles County,California,LosAngeles,1169,143,15,25,168,137,48,47,42,43,151,92,107,85,74,71,209,127,321,122,34,34
2024,06037209201,Census Tract 2092.01,Los Angeles,Los Angeles County,California,LosAngeles,2153,300,21,34,60,52,312,161,116,114,137,131,256,159,94,69,359,184,721,268,77,73
2024,06037209202,Census Tract 2092.02,Los Angeles,Los Angeles County,California,LosAngeles,492,85,29,32,61,42,0,14,15,19,10,16,44,43,37,32,38,37,243,84,15,26
2024,06037209300,Census Tract 2093,Los Angeles,Los Angeles County,California,LosAngeles,2366,249,19,30,54,64,167,130,271,172,160,149,240,129,143,110,222,152,945,286,145,124
2024,06037209401,Census Tract 2094.01,Los Angeles,Los Angeles County,California,LosAngeles,1513,147,59,69,115,113,135,99,88,81,136,86,283,108,10,22,211,129,384,163,92,80
2024,06037209402,Census Tract 2094.02,Los Angeles,Los Angeles County,California,LosAngeles,1216,153,91,76,119,98,184,152,50,60,128,113,53,62,54,64,183,137,291,139,63,62
2024,06037209403,Census Tract 2094.03,Los Angeles,Los Angeles County,California,LosAngeles,1402,290,0,14,89,75,104,94,108,75,107,93,119,89,154,101,188,94,525,300,8,15
2024,06037209510,Census Tract 2095.10,Los Angeles,Los Angeles County,California,LosAngeles,968,116,11,16,83,64,59,56,70,74,85,62,108,68,69,49,81,60,382,134,20,32
2024,06037209520,Census Tract 2095.20,Los Angeles,Los Angeles County,California,LosAngeles,938,102,44,41,71,47,38,28,158,82,91,75,63,60,42,39,32,26,370,122,29,33
2024,06037209810,Census Tract 2098.10,Los Angeles,Los Angeles County,California,LosAngeles,763,107,49,47,85,75,66,55,51,38,34,28,109,85,22,23,68,39,277,94,2,11
2024,06037209820,Census Tract 2098.20,Los Angeles,Los Angeles County,California,LosAngeles,694,72,89,51,76,59,93,58,50,42,0,14,35,39,54,42,67,48,173,66,57,51
2024,06037210010,Census Tract 2100.10,Los Angeles,Los Angeles County,California,LosAngeles,953,205,52,74,11,16,139,114,74,75,90,59,108,67,54,45,80,71,254,124,91,74
2024,06037211000,Census Tract 2110,Los Angeles,Los Angeles County,California,LosAngeles,1024,242,11,18,118,93,127,130,115,89,28,45,27,42,195,184,27,30,294,168,82,83
2024,06037211121,Census Tract 2111.21,Los Angeles,Los Angeles County,California,LosAngeles,951,180,0,14,84,62,54,65,146,86,100,131,109,69,20,24,72,76,351,130,15,23
2024,06037211122,Census Tract 2111.22,Los Angeles,Los Angeles County,California,LosAngeles,1120,153,0,14,27,29,22,20,106,78,132,80,95,70,50,45,124,70,438,148,126,105
2024,06037211123,Census Tract 2111.23,Los Angeles,Los Angeles County,California,LosAngeles,1111,119,13,20,12,20,159,109,98,62,144,110,174,89,61,62,142,91,182,86,126,82
2024,06037211124,Census Tract 2111.24,Los Angeles,Los Angeles County,California,LosAngeles,1887,425,67,55,251,302,104,64,197,130,188,117,115,68,67,60,109,61,654,284,135,88
2024,06037211201,Census Tract 2112.01,Los Angeles,Los Angeles County,California,LosAngeles,1022,148,96,88,79,43,96,78,77,63,106,58,73,55,24,28,163,126,280,80,28,35
2024,06037211202,Census Tract 2112.02,Los Angeles,Los Angeles County,California,LosAngeles,1029,139,90,62,133,101,51,53,127,77,89,100,56,47,94,70,70,66,311,112,8,12
2024,06037211310,Census Tract 2113.10,Los Angeles,Los Angeles County,California,LosAngeles,1500,215,0,14,39,39,67,50,123,111,129,105,90,80,138,89,264,116,545,149,105,90
2024,06037211320,Census Tract 2113.20,Los Angeles,Los Angeles County,California,LosAngeles,1159,149,22,29,101,60,200,102,102,65,93,56,99,61,85,75,15,21,368,88,74,105
2024,06037211410,Census Tract 2114.10,Los Angeles,Los Angeles County,California,LosAngeles,1095,151,10,17,12,19,7,13,82,58,80,65,162,83,195,101,186,98,325,98,36,36
2024,06037211420,Census Tract 2114.20,Los Angeles,Los Angeles County,California,LosAngeles,1091,167,25,27,54,46,34,41,94,63,44,51,173,103,119,70,125,88,382,165,41,38
2024,06037211500,Census Tract 2115,Los Angeles,Los Angeles County,California,LosAngeles,1352,241,40,34,32,30,101,60,146,68,191,98,150,78,76,74,92,77,514,240,10,15
2024,06037211701,Census Tract 2117.01,Los Angeles,Los Angeles County,California,LosAngeles,812,150,0,14,66,73,87,58,69,49,110,67,44,43,41,42,149,97,173,91,73,54
2024,06037211703,Census Tract 2117.03,Los Angeles,Los Angeles County,California,LosAngeles,2081,255,35,42,123,131,155,92,286,192,311,174,302,202,142,99,185,120,542,202,0,14
2024,06037211704,Census Tract 2117.04,Los Angeles,Los Angeles County,California,LosAngeles,1440,207,24,27,122,75,118,58,147,85,169,114,209,113,59,58,59,50,502,150,31,27
2024,06037211802,Census Tract 2118.02,Los Angeles,Los Angeles County,California,LosAngeles,2170,206,47,50,74,67,116,66,122,90,88,73,286,166,139,100,309,188,918,259,71,60
2024,06037211803,Census Tract 2118.03,Los Angeles,Los Angeles County,California,LosAngeles,1687,130,23,27,211,109,227,138,99,60,143,81,115,76,74,58,142,76,642,155,11,16
2024,06037211804,Census Tract 2118.04,Los Angeles,Los Angeles County,California,LosAngeles,1314,137,57,52,30,36,147,85,146,78,70,59,154,110,45,41,98,74,465,162,102,112
2024,06037211910,Census Tract 2119.10,Los Angeles,Los Angeles County,California,LosAngeles,1939,282,0,14,122,72,303,129,117,72,296,144,139,100,119,95,308,246,399,129,136,127
2024,06037211921,Census Tract 2119.21,Los Angeles,Los Angeles County,California,LosAngeles,930,99,0,14,68,57,133,48,88,60,34,34,29,44,65,93,119,65,358,137,36,27
2024,06037211922,Census Tract 2119.22,Los Angeles,Los Angeles County,California,LosAngeles,1424,166,6,12,13,22,146,113,157,77,252,99,78,48,161,102,123,111,414,130,74,56
2024,06037212101,Census Tract 2121.01,Los Angeles,Los Angeles County,California,LosAngeles,1483,163,10,15,109,89,206,91,164,93,141,77,90,75,94,82,113,70,448,148,108,76
2024,06037212102,Census Tract 2121.02,Los Angeles,Los Angeles County,California,LosAngeles,1201,168,0,14,30,30,96,56,93,68,212,93,119,76,147,86,163,107,309,117,32,48
2024,06037212202,Census Tract 2122.02,Los Angeles,Los Angeles County,California,LosAngeles,1264,219,0,14,82,72,118,71,155,107,91,97,118,80,107,100,129,62,326,122,138,148
2024,06037212203,Census Tract 2122.03,Los Angeles,Los Angeles County,California,LosAngeles,1464,236,53,66,92,61,54,54,92,94,244,89,242,160,119,59,98,50,441,141,29,27
2024,06037212204,Census Tract 2122.04,Los Angeles,Los Angeles County,California,LosAngeles,1674,197,0,14,98,72,124,96,61,64,89,100,135,98,185,152,231,171,659,211,92,90
2024,06037212303,Census Tract 2123.03,Los Angeles,Los Angeles County,California,LosAngeles,1785,251,78,55,47,51,100,73,163,123,103,78,111,62,67,69,176,129,787,266,153,98
2024,06037212304,Census Tract 2123.04,Los Angeles,Los Angeles County,California,LosAngeles,801,80,12,13,33,24,101,55,58,37,103,56,42,32,73,48,62,37,317,76,0,14
2024,06037212305,Census Tract 2123.05,Los Angeles,Los Angeles County,California,LosAngeles,1028,105,71,66,54,54,33,38,60,44,153,82,160,105,118,65,78,58,264,89,37,37
2024,06037212306,Census Tract 2123.06,Los Angeles,Los Angeles County,California,LosAngeles,1039,136,24,30,29,32,103,66,69,53,140,82,144,90,64,73,84,58,371,135,11,17
2024,06037212410,Census Tract 2124.10,Los Angeles,Los Angeles County,California,LosAngeles,1642,213,0,14,32,40,105,110,191,130,223,120,141,95,164,112,167,122,538,147,81,56
2024,06037212420,Census Tract 2124.20,Los Angeles,Los Angeles County,California,LosAngeles,1181,118,29,46,76,62,92,55,152,92,109,63,135,72,93,81,155,99,340,126,0,14
2024,06037212501,Census Tract 2125.01,Los Angeles,Los Angeles County,California,LosAngeles,908,113,48,42,65,54,42,38,50,42,174,82,9,13,133,108,82,51,268,94,37,49
2024,06037212502,Census Tract 2125.02,Los Angeles,Los Angeles County,California,LosAngeles,1755,179,25,30,130,111,197,97,142,80,134,66,202,119,73,61,153,126,660,188,39,32
2024,06037212610,Census Tract 2126.10,Los Angeles,Los Angeles County,California,LosAngeles,1736,194,32,32,140,118,141,93,184,117,166,97,163,106,31,35,104,100,714,259,61,51
2024,06037212620,Census Tract 2126.20,Los Angeles,Los Angeles County,California,LosAngeles,1629,190,50,57,68,52,59,53,98,63,157,89,165,94,175,121,144,92,573,187,140,88
2024,06037212701,Census Tract 2127.01,Los Angeles,Los Angeles County,California,LosAngeles,555,79,5,7,65,45,36,43,25,28,82,45,71,42,24,27,62,47,166,51,19,16
2024,06037212702,Census Tract 2127.02,Los Angeles,Los Angeles County,California,LosAngeles,693,143,30,42,23,25,40,45,43,52,65,62,38,34,11,16,117,80,280,110,46,57
2024,06037212800,Census Tract 2128,Los Angeles,Los Angeles County,California,LosAngeles,663,173,78,72,48,62,65,57,53,38,66,44,19,28,68,86,87,51,163,104,16,26
2024,06037212900,Census Tract 2129,Los Angeles,Los Angeles County,California,LosAngeles,1326,167,12,17,77,59,168,92,106,66,260,124,50,52,89,89,219,130,288,145,57,65
2024,06037213100,Census Tract 2131,Los Angeles,Los Angeles County,California,LosAngeles,894,134,10,15,30,27,103,47,93,48,81,50,86,52,31,41,92,89,328,109,40,34
2024,06037213201,Census Tract 2132.01,Los Angeles,Los Angeles County,California,LosAngeles,1634,185,28,31,16,25,186,115,130,74,127,76,160,98,80,75,147,82,647,191,113,59
2024,06037213202,Census Tract 2132.02,Los Angeles,Los Angeles County,California,LosAngeles,972,176,20,22,85,52,116,81,44,50,154,108,138,74,44,40,58,67,258,92,55,51
2024,06037213310,Census Tract 2133.10,Los Angeles,Los Angeles County,California,LosAngeles,855,138,0,14,86,78,30,37,166,129,85,54,45,71,60,44,33,38,239,106,111,82
2024,06037213320,Census Tract 2133.20,Los Angeles,Los Angeles County,California,LosAngeles,836,126,10,16,14,27,179,109,47,46,90,53,6,9,42,44,162,88,224,88,62,55
2024,06037213401,Census Tract 2134.01,Los Angeles,Los Angeles County,California,LosAngeles,1541,190,20,28,91,67,163,123,230,98,194,87,192,115,53,47,107,85,442,152,49,53
2024,06037213402,Census Tract 2134.02,Los Angeles,Los Angeles County,California,LosAngeles,1705,263,66,55,112,76,105,82,182,97,67,57,182,90,186,223,159,107,635,164,11,19
2024,06037214000,Census Tract 2140,Los Angeles,Los Angeles County,California,LosAngeles,564,143,26,35,64,49,38,34,107,83,29,43,49,26,0,14,56,41,186,88,9,18
2024,06037214100,Census Tract 2141,Los Angeles,Los Angeles County,California,LosAngeles,1226,166,0,14,118,72,206,99,76,68,146,83,111,63,68,57,85,54,354,149,62,74
2024,06037214400,Census Tract 2144,Los Angeles,Los Angeles County,California,LosAngeles,1710,240,56,49,260,121,119,68,254,93,187,94,100,61,47,32,112,87,536,214,39,61
2024,06037214501,Census Tract 2145.01,Los Angeles,Los Angeles County,California,LosAngeles,1701,191,24,25,133,148,71,41,159,98,269,163,203,133,197,124,209,96,421,137,15,25
2024,06037214503,Census Tract 2145.03,Los Angeles,Los Angeles County,California,LosAngeles,1615,114,0,14,105,70,188,70,151,71,173,59,138,72,118,75,256,107,338,93,148,93
2024,06037214504,Census Tract 2145.04,Los Angeles,Los Angeles County,California,LosAngeles,1656,156,101,83,121,66,281,127,67,50,217,97,94,72,185,111,90,65,400,148,100,95
2024,06037214505,Census Tract 2145.05,Los Angeles,Los Angeles County,California,LosAngeles,936,95,11,15,67,51,50,57,128,75,114,86,52,42,91,60,110,70,313,109,0,14
2024,06037214600,Census Tract 2146,Los Angeles,Los Angeles County,California,LosAngeles,1025,126,51,66,112,68,89,59,111,75,125,61,88,78,68,67,61,44,296,123,24,25
2024,06037214700,Census Tract 2147,Los Angeles,Los Angeles County,California,LosAngeles,770,127,0,14,39,51,30,34,133,86,57,47,64,46,64,47,55,59,296,106,32,33
2024,06037214800,Census Tract 2148,Los Angeles,Los Angeles County,California,LosAngeles,1249,205,20,23,41,30,183,90,222,94,71,52,121,111,73,67,139,91,348,155,31,26
2024,06037214902,Census Tract 2149.02,Los Angeles,Los Angeles County,California,LosAngeles,1231,209,65,47,120,120,51,43,76,48,84,47,175,135,97,57,127,79,277,122,159,37
2024,06037214903,Census Tract 2149.03,Los Angeles,Los Angeles County,California,LosAngeles,974,295,0,14,5,37,103,64,108,92,48,42,15,23,0,14,132,69,563,297,0,14
2024,06037214904,Census Tract 2149.04,Los Angeles,Los Angeles County,California,LosAngeles,710,152,31,34,23,25,75,74,149,77,122,98,52,44,43,54,31,35,165,95,19,25
2024,06037215101,Census Tract 2151.01,Los Angeles,Los Angeles County,California,LosAngeles,2001,212,107,20,226,138,198,87,219,121,144,78,285,130,45,37,80,85,640,188,57,69
2024,06037215102,Census Tract 2151.02,Los Angeles,Los Angeles County,California,LosAngeles,2122,230,84,82,39,46,300,172,286,153,222,93,407,237,98,104,162,104,436,176,88,81
2024,06037216100,Census Tract 2161,Los Angeles,Los Angeles County,California,LosAngeles,408,124,3,14,44,40,44,54,46,47,42,43,31,47,78,85,20,23,86,53,14,22
2024,06037216201,Census Tract 2162.01,Los Angeles,Los Angeles County,California,LosAngeles,1131,197,38,34,19,25,174,86,181,123,39,35,36,39,117,97,88,86,363,160,76,77
2024,06037216202,Census Tract 2162.02,Los Angeles,Los Angeles County,California,LosAngeles,1156,184,11,18,231,156,82,66,131,82,78,54,45,42,48,73,112,77,399,150,19,30
2024,06037216301,Census Tract 2163.01,Los Angeles,Los Angeles County,California,LosAngeles,253,116,7,11,0,14,0,14,30,45,36,39,7,13,0,14,83,96,80,46,10,16
2024,06037216302,Census Tract 2163.02,Los Angeles,Los Angeles County,California,LosAngeles,1521,183,11,19,153,89,197,119,213,101,177,91,169,91,70,49,21,24,506,165,4,11
2024,06037216401,Census Tract 2164.01,Los Angeles,Los Angeles County,California,LosAngeles,1933,265,21,33,146,118,116,80,298,218,204,128,239,169,287,144,89,69,504,199,29,44
2024,06037216402,Census Tract 2164.02,Los Angeles,Los Angeles County,California,LosAngeles,1000,157,0,14,71,57,150,76,108,61,76,66,77,64,112,93,84,51,276,80,46,35
2024,06037216700,Census Tract 2167,Los Angeles,Los Angeles County,California,LosAngeles,987,168,0,14,109,88,84,61,77,50,133,79,15,18,95,80,144,85,311,136,19,22
2024,06037216800,Census Tract 2168,Los Angeles,Los Angeles County,California,LosAngeles,910,167,21,25,68,41,130,78,110,59,101,56,76,62,79,48,53,49,250,104,22,24
2024,06037216901,Census Tract 2169.01,Los Angeles,Los Angeles County,California,LosAngeles,693,194,0,14,91,122,90,59,18,29,23,31,29,42,98,94,83,88,184,111,77,106
2024,06037216902,Census Tract 2169.02,Los Angeles,Los Angeles County,California,LosAngeles,937,243,26,31,24,29,70,52,172,124,121,66,47,49,38,47,9,15,332,210,98,91
2024,06037217001,Census Tract 2170.01,Los Angeles,Los Angeles County,California,LosAngeles,723,141,23,34,24,30,101,65,64,47,99,58,107,107,32,33,48,41,209,95,16,26
2024,06037217002,Census Tract 2170.02,Los Angeles,Los Angeles County,California,LosAngeles,1823,279,0,14,124,103,64,53,318,196,212,151,330,220,194,170,249,138,313,163,19,29
2024,06037217101,Census Tract 2171.01,Los Angeles,Los Angeles County,California,LosAngeles,809,275,5,8,175,254,94,59,82,58,81,64,0,14,0,14,120,78,201,87,51,45
2024,06037217102,Census Tract 2171.02,Los Angeles,Los Angeles County,California,LosAngeles,931,125,0,14,72,63,139,61,118,89,57,52,56,47,47,72,68,45,346,139,28,28
2024,06037217200,Census Tract 2172,Los Angeles,Los Angeles County,California,LosAngeles,1233,262,34,34,85,60,108,65,187,87,134,81,166,196,40,29,98,78,331,145,50,41
2024,06037218110,Census Tract 2181.10,Los Angeles,Los Angeles County,California,LosAngeles,1024,209,31,31,0,14,141,100,40,35,120,53,89,62,119,70,101,86,308,116,75,74
2024,06037218120,Census Tract 2181.20,Los Angeles,Los Angeles County,California,LosAngeles,1125,253,37,50,111,92,161,87,54,55,198,194,93,79,59,67,126,84,232,92,54,43
2024,06037218210,Census Tract 2182.10,Los Angeles,Los Angeles County,California,LosAngeles,1095,183,66,52,93,76,129,70,83,54,137,112,159,115,54,52,74,53,282,141,18,32
2024,06037218220,Census Tract 2182.20,Los Angeles,Los Angeles County,California,LosAngeles,974,203,46,47,103,118,93,65,55,52,117,102,49,42,72,76,134,83,290,126,15,24
2024,06037218300,Census Tract 2183,Los Angeles,Los Angeles County,California,LosAngeles,1689,423,48,68,169,117,90,76,334,318,176,126,140,137,39,54,92,84,539,281,62,55
2024,06037218400,Census Tract 2184,Los Angeles,Los Angeles County,California,LosAngeles,943,154,8,15,90,60,156,104,115,92,47,67,70,67,50,37,92,63,288,108,27,26
2024,06037218500,Census Tract 2185,Los Angeles,Los Angeles County,California,LosAngeles,721,136,35,45,64,48,69,36,40,26,59,34,82,60,102,92,69,46,181,62,20,18
2024,06037218600,Census Tract 2186,Los Angeles,Los Angeles County,California,LosAngeles,664,161,37,41,108,45,29,34,41,34,23,22,18,23,145,136,74,49,137,80,52,68
2024,06037218701,Census Tract 2187.01,Los Angeles,Los Angeles County,California,LosAngeles,432,106,0,14,20,26,32,35,13,18,30,34,10,17,13,21,72,70,194,80,48,46
2024,06037218702,Census Tract 2187.02,Los Angeles,Los Angeles County,California,LosAngeles,655,111,36,33,49,39,19,18,53,39,59,43,124,66,76,61,59,44,101,52,79,73
2024,06037218800,Census Tract 2188,Los Angeles,Los Angeles County,California,LosAngeles,696,147,0,14,14,23,32,26,31,31,52,38,66,37,59,50,75,55,353,140,14,15
2024,06037218900,Census Tract 2189,Los Angeles,Los Angeles County,California,LosAngeles,1855,274,75,121,167,89,97,106,217,189,163,183,125,95,107,80,209,141,580,169,115,134
2024,06037219010,Census Tract 2190.10,Los Angeles,Los Angeles County,California,LosAngeles,529,101,0,14,44,53,40,30,29,27,91,60,68,47,28,29,66,37,155,59,8,14
2024,06037219020,Census Tract 2190.20,Los Angeles,Los Angeles County,California,LosAngeles,584,154,0,14,41,41,15,19,84,78,26,28,85,69,13,19,107,81,151,92,62,57
2024,06037219300,Census Tract 2193,Los Angeles,Los Angeles County,California,LosAngeles,1082,200,26,39,67,51,110,132,111,70,115,106,71,55,17,16,168,106,397,148,0,14
2024,06037219500,Census Tract 2195,Los Angeles,Los Angeles County,California,LosAngeles,278,102,0,14,43,61,14,14,87,71,7,10,45,50,12,13,0,14,24,20,46,48
2024,06037219700,Census Tract 2197,Los Angeles,Los Angeles County,California,LosAngeles,724,190,12,21,35,41,104,75,99,94,88,59,52,47,31,40,134,86,139,86,30,27
2024,06037219800,Census Tract 2198,Los Angeles,Los Angeles County,California,LosAngeles,695,131,17,17,88,51,86,67,91,72,144,84,53,56,8,16,47,46,146,77,15,18
2024,06037219901,Census Tract 2199.01,Los Angeles,Los Angeles County,California,LosAngeles,1282,244,15,23,168,85,47,42,20,29,71,80,213,104,124,118,234,198,312,96,78,66
2024,06037219902,Census Tract 2199.02,Los Angeles,Los Angeles County,California,LosAngeles,1105,184,0,14,160,129,110,68,115,70,41,43,83,66,132,137,96,95,268,164,100,129
2024,06037220000,Census Tract 2200,Los Angeles,Los Angeles County,California,LosAngeles,1445,427,38,47,55,75,215,159,110,92,20,31,186,149,62,94,131,119,611,394,17,31
2024,06037220100,Census Tract 2201,Los Angeles,Los Angeles County,California,LosAngeles,621,137,24,40,7,13,151,87,0,14,72,55,7,11,56,51,46,50,155,90,103,101
2024,06037221110,Census Tract 2211.10,Los Angeles,Los Angeles County,California,LosAngeles,984,166,32,35,16,25,255,123,23,38,199,145,36,34,108,71,76,56,220,94,19,30
2024,06037221120,Census Tract 2211.20,Los Angeles,Los Angeles County,California,LosAngeles,691,79,15,18,30,30,77,53,147,65,23,22,72,44,8,12,88,45,228,64,3,6
2024,06037221210,Census Tract 2212.10,Los Angeles,Los Angeles County,California,LosAngeles,675,124,18,19,76,43,48,41,46,35,105,66,77,58,56,79,40,38,185,83,24,25
2024,06037221220,Census Tract 2212.20,Los Angeles,Los Angeles County,California,LosAngeles,809,97,49,45,52,46,21,28,88,49,89,55,50,48,68,58,73,48,256,91,63,63
2024,06037221302,Census Tract 2213.02,Los Angeles,Los Angeles County,California,LosAngeles,1086,197,14,20,21,31,30,34,118,83,165,134,56,68,175,162,101,79,363,154,43,43
2024,06037221303,Census Tract 2213.03,Los Angeles,Los Angeles County,California,LosAngeles,631,89,55,44,34,37,59,41,46,42,73,42,33,37,27,26,84,71,173,71,47,35
2024,06037221304,Census Tract 2213.04,Los Angeles,Los Angeles County,California,LosAngeles,1003,112,27,30,121,100,45,42,75,55,85,66,141,89,42,40,150,74,278,85,39,45
2024,06037221401,Census Tract 2214.01,Los Angeles,Los Angeles County,California,LosAngeles,1120,193,62,79,66,60,9,17,96,77,99,76,198,131,97,84,60,71,369,155,64,57
2024,06037221402,Census Tract 2214.02,Los Angeles,Los Angeles County,California,LosAngeles,830,122,17,19,42,29,129,79,77,54,72,49,76,53,14,23,62,49,299,128,42,33
2024,06037221500,Census Tract 2215,Los Angeles,Los Angeles County,California,LosAngeles,1019,112,47,47,46,42,64,62,139,76,205,93,92,55,31,37,49,50,323,99,23,26
2024,06037221601,Census Tract 2216.01,Los Angeles,Los Angeles County,California,LosAngeles,699,140,19,25,39,40,70,51,139,99,10,15,41,39,11,17,94,85,225,107,51,48
2024,06037221602,Census Tract 2216.02,Los Angeles,Los Angeles County,California,LosAngeles,689,113,82,58,53,43,97,75,7,10,61,44,104,57,95,53,95,64,95,50,0,14
2024,06037221710,Census Tract 2217.10,Los Angeles,Los Angeles County,California,LosAngeles,692,126,14,17,16,23,52,63,76,48,77,55,86,49,12,18,60,48,271,90,28,29
2024,06037221810,Census Tract 2218.10,Los Angeles,Los Angeles County,California,LosAngeles,883,116,0,14,44,32,30,29,44,37,116,61,54,37,43,40,62,43,381,107,109,79
2024,06037221820,Census Tract 2218.20,Los Angeles,Los Angeles County,California,LosAngeles,909,152,4,10,12,20,21,22,60,40,20,23,46,60,45,45,154,72,424,139,123,69
2024,06037221900,Census Tract 2219,Los Angeles,Los Angeles County,California,LosAngeles,932,132,9,15,14,23,202,93,15,29,59,52,147,82,0,14,160,88,280,96,46,32
2024,06037222001,Census Tract 2220.01,Los Angeles,Los Angeles County,California,LosAngeles,466,125,0,14,64,54,20,25,64,78,27,32,19,29,58,63,44,39,138,58,32,31
2024,06037222002,Census Tract 2220.02,Los Angeles,Los Angeles County,California,LosAngeles,889,194,43,51,97,71,38,49,62,55,90,75,66,62,94,102,0,14,283,142,116,62
2024,06037222100,Census Tract 2221,Los Angeles,Los Angeles County,California,LosAngeles,948,178,36,58,20,32,42,48,45,67,88,73,123,132,73,74,71,64,342,161,108,99
2024,06037222200,Census Tract 2222,Los Angeles,Los Angeles County,California,LosAngeles,950,159,53,46,21,26,203,116,33,50,45,53,39,63,44,54,103,94,334,146,75,96
2024,06037222500,Census Tract 2225,Los Angeles,Los Angeles County,California,LosAngeles,953,169,14,18,28,34,32,39,238,123,162,104,83,84,19,26,85,72,254,94,38,41
2024,06037222600,Census Tract 2226,Los Angeles,Los Angeles County,California,LosAngeles,1376,168,61,45,112,98,58,65,125,81,107,77,70,80,33,29,27,33,573,140,210,121
2024,06037222700,Census Tract 2227,Los Angeles,Los Angeles County,California,LosAngeles,170,46,0,14,0,14,23,24,6,10,7,10,22,24,22,26,0,14,76,41,14,21
2024,06037224010,Census Tract 2240.10,Los Angeles,Los Angeles County,California,LosAngeles,1804,188,102,117,114,81,158,95,175,101,97,78,223,120,38,30,59,49,652,203,186,111
2024,06037224020,Census Tract 2240.20,Los Angeles,Los Angeles County,California,LosAngeles,1025,107,27,27,0,14,24,35,159,94,43,50,156,84,168,102,59,48,322,105,67,58
2024,06037224200,Census Tract 2242,Los Angeles,Los Angeles County,California,LosAngeles,656,153,26,29,38,40,99,59,93,41,36,58,105,58,50,36,33,36,144,122,32,35
2024,06037224310,Census Tract 2243.10,Los Angeles,Los Angeles County,California,LosAngeles,512,71,46,51,28,25,46,38,65,52,81,48,55,39,42,38,23,21,100,60,26,32
2024,06037224320,Census Tract 2243.20,Los Angeles,Los Angeles County,California,LosAngeles,1097,189,32,30,0,14,84,66,156,103,96,65,11,18,107,85,169,82,338,199,104,64
2024,06037224410,Census Tract 2244.10,Los Angeles,Los Angeles County,California,LosAngeles,845,172,39,56,22,28,74,60,44,36,60,60,135,126,31,32,67,45,308,114,65,49
2024,06037224420,Census Tract 2244.20,Los Angeles,Los Angeles County,California,LosAngeles,858,168,21,26,37,29,67,38,101,54,70,37,125,107,102,66,103,103,172,91,60,46
2024,06037224600,Census Tract 2246,Los Angeles,Los Angeles County,California,LosAngeles,696,85,36,33,38,37,44,30,58,41,61,49,122,59,65,50,88,45,168,72,16,18
2024,06037224701,Census Tract 2247.01,Los Angeles,Los Angeles County,California,LosAngeles,476,64,5,9,43,35,12,13,48,38,21,10,21,25,5,7,28,31,239,77,54,42
2024,06037224702,Census Tract 2247.02,Los Angeles,Los Angeles County,California,LosAngeles,777,139,22,24,24,28,9,13,0,14,19,22,14,16,43,52,25,28,440,127,181,100
2024,06037226001,Census Tract 2260.01,Los Angeles,Los Angeles County,California,LosAngeles,538,103,0,14,49,42,27,35,21,24,0,14,83,61,31,36,6,11,288,90,33,45
2024,06037226002,Census Tract 2260.02,Los Angeles,Los Angeles County,California,LosAngeles,1079,132,27,24,30,34,74,48,95,73,131,104,91,85,67,70,156,92,345,130,63,83
2024,06037226410,Census Tract 2264.10,Los Angeles,Los Angeles County,California,LosAngeles,756,82,23,26,89,58,66,37,73,45,121,62,62,32,21,25,84,41,209,87,8,12
2024,06037226420,Census Tract 2264.20,Los Angeles,Los Angeles County,California,LosAngeles,1028,172,18,29,40,46,144,76,15,23,68,56,131,75,112,84,184,96,309,111,7,11
2024,06037226701,Census Tract 2267.01,Los Angeles,Los Angeles County,California,LosAngeles,388,98,0,14,21,31,2,8,33,36,72,61,0,14,29,30,58,56,143,77,30,33
2024,06037226702,Census Tract 2267.02,Los Angeles,Los Angeles County,California,LosAngeles,527,101,11,17,35,35,117,88,80,50,15,22,81,53,36,35,67,67,68,54,17,28
2024,06037227010,Census Tract 2270.10,Los Angeles,Los Angeles County,California,LosAngeles,877,235,0,14,36,46,144,93,69,61,175,198,108,79,20,36,116,77,209,131,0,14
2024,06037227020,Census Tract 2270.20,Los Angeles,Los Angeles County,California,LosAngeles,464,125,0,14,70,47,43,38,14,25,16,23,28,27,26,23,97,65,170,97,0,14
2024,06037228100,Census Tract 2281,Los Angeles,Los Angeles County,California,LosAngeles,760,149,7,13,123,93,39,54,43,50,91,85,72,82,70,81,61,93,203,95,51,76
2024,06037228210,Census Tract 2282.10,Los Angeles,Los Angeles County,California,LosAngeles,716,114,24,26,38,34,39,35,15,17,21,34,157,94,130,73,43,35,240,73,9,13
2024,06037228220,Census Tract 2282.20,Los Angeles,Los Angeles County,California,LosAngeles,752,114,70,61,11,11,58,56,57,42,67,59,68,49,45,42,85,51,258,70,33,34
2024,06037228310,Census Tract 2283.10,Los Angeles,Los Angeles County,California,LosAngeles,843,126,28,32,63,52,106,86,80,72,0,14,80,62,23,27,152,96,263,112,48,55
2024,06037228320,Census Tract 2283.20,Los Angeles,Los Angeles County,California,LosAngeles,592,133,0,14,0,14,60,52,77,58,104,45,28,40,63,78,48,31,212,102,0,14
2024,06037228410,Census Tract 2284.10,Los Angeles,Los Angeles County,California,LosAngeles,569,110,40,37,57,44,56,42,19,21,84,47,17,17,17,20,73,87,196,71,10,16
2024,06037228420,Census Tract 2284.20,Los Angeles,Los Angeles County,California,LosAngeles,525,77,18,19,25,27,95,50,44,44,51,42,46,44,49,45,29,26,158,54,10,15
2024,06037228500,Census Tract 2285,Los Angeles,Los Angeles County,California,LosAngeles,875,151,34,51,53,47,49,43,51,42,71,67,49,49,15,25,182,65,312,164,59,50
2024,06037228600,Census Tract 2286,Los Angeles,Los Angeles County,California,LosAngeles,776,166,23,39,56,24,96,85,0,14,104,134,43,53,26,47,66,50,341,104,21,35
2024,06037228710,Census Tract 2287.10,Los Angeles,Los Angeles County,California,LosAngeles,577,132,20,34,24,38,17,27,56,62,57,60,45,47,54,79,111,77,193,89,0,14
2024,06037228720,Census Tract 2287.20,Los Angeles,Los Angeles County,California,LosAngeles,809,153,17,25,85,66,148,129,100,73,33,39,29,31,47,45,55,49,269,87,26,28
2024,06037228800,Census Tract 2288,Los Angeles,Los Angeles County,California,LosAngeles,873,168,57,64,0,19,156,85,0,19,81,65,92,75,152,100,104,90,231,111,0,19
2024,06037228900,Census Tract 2289,Los Angeles,Los Angeles County,California,LosAngeles,860,109,0,14,39,57,101,77,74,58,120,86,104,84,70,62,53,46,243,132,56,70
2024,06037229100,Census Tract 2291,Los Angeles,Los Angeles County,California,LosAngeles,684,85,0,14,85,53,0,14,75,49,70,54,77,58,66,48,88,61,207,82,16,18
2024,06037229200,Census Tract 2292,Los Angeles,Los Angeles County,California,LosAngeles,975,144,0,14,25,32,25,50,63,59,124,122,156,112,45,55,91,69,437,131,9,13
2024,06037229300,Census Tract 2293,Los Angeles,Los Angeles County,California,LosAngeles,1096,194,16,28,0,19,110,91,124,108,183,107,77,60,113,119,111,71,344,119,18,30
2024,06037229410,Census Tract 2294.10,Los Angeles,Los Angeles County,California,LosAngeles,665,139,25,28,47,36,48,40,35,38,25,34,37,27,60,59,16,26,372,133,0,14
2024,06037229420,Census Tract 2294.20,Los Angeles,Los Angeles County,California,LosAngeles,801,104,0,14,25,36,117,82,32,41,158,108,62,59,24,38,34,33,303,107,46,41
2024,06037231100,Census Tract 2311,Los Angeles,Los Angeles County,California,LosAngeles,576,111,11,18,60,50,29,27,89,63,89,64,36,34,35,32,63,56,125,69,39,37
2024,06037231210,Census Tract 2312.10,Los Angeles,Los Angeles County,California,LosAngeles,1123,153,39,35,70,65,88,67,101,73,90,72,85,67,0,14,181,122,452,153,17,27
2024,06037231220,Census Tract 2312.20,Los Angeles,Los Angeles County,California,LosAngeles,1273,235,96,71,43,57,42,49,166,98,83,60,221,136,20,23,202,138,386,134,14,18
2024,06037231301,Census Tract 2313.01,Los Angeles,Los Angeles County,California,LosAngeles,517,58,0,14,33,31,35,36,64,47,29,30,36,31,0,14,88,61,220,75,12,18
2024,06037231302,Census Tract 2313.02,Los Angeles,Los Angeles County,California,LosAngeles,451,158,0,14,32,41,0,14,98,98,24,38,29,36,103,110,8,13,157,70,0,14
2024,06037231400,Census Tract 2314,Los Angeles,Los Angeles County,California,LosAngeles,930,210,0,14,59,50,8,14,73,75,97,87,215,127,80,75,100,66,272,170,26,28
2024,06037231500,Census Tract 2315,Los Angeles,Los Angeles County,California,LosAngeles,571,163,34,51,0,19,73,75,83,102,55,53,47,73,0,19,6,10,242,125,31,46
2024,06037231601,Census Tract 2316.01,Los Angeles,Los Angeles County,California,LosAngeles,476,178,6,13,112,167,62,52,44,50,42,47,16,25,71,48,38,41,67,45,18,27
2024,06037231602,Census Tract 2316.02,Los Angeles,Los Angeles County,California,LosAngeles,362,58,13,17,0,14,6,10,55,50,36,35,54,40,37,23,20,34,122,61,19,23
2024,06037231603,Census Tract 2316.03,Los Angeles,Los Angeles County,California,LosAngeles,671,139,0,14,81,41,105,56,31,34,58,50,69,57,0,14,73,55,216,123,38,44
2024,06037231710,Census Tract 2317.10,Los Angeles,Los Angeles County,California,LosAngeles,1091,193,7,12,19,30,152,133,176,100,107,97,123,81,94,54,58,44,294,102,61,55
2024,06037231720,Census Tract 2317.20,Los Angeles,Los Angeles County,California,LosAngeles,1276,194,39,32,20,32,106,77,86,76,112,72,102,78,85,60,159,85,375,147,192,202
2024,06037231800,Census Tract 2318,Los Angeles,Los Angeles County,California,LosAngeles,1100,184,0,14,84,89,59,45,64,56,130,80,90,65,81,78,93,72,443,122,56,49
2024,06037231901,Census Tract 2319.01,Los Angeles,Los Angeles County,California,LosAngeles,459,148,0,14,6,11,34,35,124,138,119,69,25,38,18,22,39,33,94,59,0,14
2024,06037231902,Census Tract 2319.02,Los Angeles,Los Angeles County,California,LosAngeles,576,88,0,14,15,23,27,29,81,51,82,58,68,50,0,14,100,48,169,84,34,29
2024,06037232110,Census Tract 2321.10,Los Angeles,Los Angeles County,California,LosAngeles,604,85,0,14,11,11,30,32,44,36,125,69,73,55,15,14,38,30,249,68,19,20
2024,06037232120,Census Tract 2321.20,Los Angeles,Los Angeles County,California,LosAngeles,1247,232,8,15,129,93,94,58,224,199,42,48,169,105,9,14,167,105,358,123,47,51
2024,06037232200,Census Tract 2322,Los Angeles,Los Angeles County,California,LosAngeles,560,124,5,8,80,72,0,14,69,44,129,112,54,42,20,26,21,27,113,66,69,49
2024,06037232300,Census Tract 2323,Los Angeles,Los Angeles County,California,LosAngeles,705,181,88,80,74,85,42,58,0,14,99,88,29,50,10,16,128,91,125,83,110,115
2024,06037232401,Census Tract 2324.01,Los Angeles,Los Angeles County,California,LosAngeles,605,130,0,14,0,14,69,81,33,39,39,37,28,42,58,43,101,61,267,100,10,16
2024,06037232402,Census Tract 2324.02,Los Angeles,Los Angeles County,California,LosAngeles,456,119,87,72,48,46,13,22,71,64,45,38,25,40,35,39,26,43,68,54,38,41
2024,06037232500,Census Tract 2325,Los Angeles,Los Angeles County,California,LosAngeles,954,153,15,23,21,37,99,92,68,97,30,29,211,103,17,32,61,66,417,135,15,24
2024,06037232601,Census Tract 2326.01,Los Angeles,Los Angeles County,California,LosAngeles,396,94,29,30,0,14,73,65,29,46,41,32,8,13,65,40,28,44,97,59,26,40
2024,06037232602,Census Tract 2326.02,Los Angeles,Los Angeles County,California,LosAngeles,795,172,0,19,45,54,70,66,178,112,78,91,11,20,13,20,100,72,262,139,38,46
2024,06037232701,Census Tract 2327.01,Los Angeles,Los Angeles County,California,LosAngeles,316,62,16,27,31,35,49,47,45,39,21,26,0,14,11,19,12,19,108,56,23,26
2024,06037232702,Census Tract 2327.02,Los Angeles,Los Angeles County,California,LosAngeles,629,143,0,14,30,41,85,76,50,58,16,19,62,48,0,14,124,79,230,113,32,38
2024,06037232800,Census Tract 2328,Los Angeles,Los Angeles County,California,LosAngeles,599,115,28,31,69,51,34,38,43,40,59,54,42,38,71,53,63,45,181,75,9,14
2024,06037234001,Census Tract 2340.01,Los Angeles,Los Angeles County,California,LosAngeles,348,120,0,14,47,65,5,9,70,73,65,63,8,12,0,14,49,49,34,24,70,68
2024,06037234002,Census Tract 2340.02,Los Angeles,Los Angeles County,California,LosAngeles,646,129,30,32,32,35,62,58,63,42,68,60,9,14,16,26,13,22,345,122,8,12
2024,06037234200,Census Tract 2342,Los Angeles,Los Angeles County,California,LosAngeles,365,128,0,14,0,14,27,35,19,34,67,74,0,14,0,14,120,83,94,74,38,58
2024,06037234301,Census Tract 2343.01,Los Angeles,Los Angeles County,California,LosAngeles,825,101,49,82,18,25,14,16,21,25,3,11,132,94,0,14,77,71,396,158,115,83
2024,06037234302,Census Tract 2343.02,Los Angeles,Los Angeles County,California,LosAngeles,1146,215,39,45,125,78,88,79,144,105,11,16,99,100,67,69,57,82,446,154,70,115
2024,06037234501,Census Tract 2345.01,Los Angeles,Los Angeles County,California,LosAngeles,368,141,7,10,67,68,13,19,50,46,14,17,0,14,15,23,39,61,163,103,0,14
2024,06037234502,Census Tract 2345.02,Los Angeles,Los Angeles County,California,LosAngeles,690,167,0,14,66,56,46,49,15,27,74,68,29,28,38,36,126,84,279,156,17,29
2024,06037234600,Census Tract 2346,Los Angeles,Los Angeles County,California,LosAngeles,540,169,0,14,17,26,17,28,52,43,34,30,20,33,60,63,39,52,292,143,9,15
2024,06037234700,Census Tract 2347,Los Angeles,Los Angeles County,California,LosAngeles,493,159,0,14,8,12,53,84,71,51,22,37,52,65,0,14,66,64,168,102,53,58
2024,06037234800,Census Tract 2348,Los Angeles,Los Angeles County,California,LosAngeles,442,158,50,67,17,29,0,14,0,14,120,120,17,19,15,27,29,27,185,83,9,15
2024,06037234901,Census Tract 2349.01,Los Angeles,Los Angeles County,California,LosAngeles,1089,295,50,55,7,15,220,188,52,57,250,234,69,75,49,49,7,11,349,132,36,43
2024,06037234902,Census Tract 2349.02,Los Angeles,Los Angeles County,California,LosAngeles,1908,459,12,18,60,64,73,74,11,26,194,131,243,124,134,206,155,105,983,449,43,53
2024,06037235100,Census Tract 2351,Los Angeles,Los Angeles County,California,LosAngeles,467,129,0,14,80,69,44,52,57,59,39,40,11,17,35,40,44,43,114,71,43,38
2024,06037235201,Census Tract 2352.01,Los Angeles,Los Angeles County,California,LosAngeles,291,82,0,14,22,25,8,11,14,15,15,22,0,14,19,32,50,43,163,75,0,14
2024,06037235202,Census Tract 2352.02,Los Angeles,Los Angeles County,California,LosAngeles,1083,168,0,14,52,47,35,38,37,36,67,77,124,78,69,54,76,59,520,158,103,70
2024,06037236001,Census Tract 2360.01,Los Angeles,Los Angeles County,California,LosAngeles,387,149,16,25,39,57,17,26,0,14,100,112,18,32,0,14,16,26,171,85,10,15
2024,06037236101,Census Tract 2361.01,Los Angeles,Los Angeles County,California,LosAngeles,920,244,30,36,25,40,28,45,14,23,121,71,45,42,41,48,110,82,469,231,37,51
2024,06037236102,Census Tract 2361.02,Los Angeles,Los Angeles County,California,LosAngeles,1513,403,0,14,184,152,190,134,82,86,173,92,29,42,30,46,27,31,789,410,9,14
2024,06037236203,Census Tract 2362.03,Los Angeles,Los Angeles County,California,LosAngeles,1357,192,19,23,117,87,61,42,65,53,72,59,116,78,28,44,288,142,535,149,56,67
2024,06037236204,Census Tract 2362.04,Los Angeles,Los Angeles County,California,LosAngeles,1262,143,25,34,91,71,59,57,97,94,139,67,133,75,0,14,163,100,515,160,40,45
2024,06037236205,Census Tract 2362.05,Los Angeles,Los Angeles County,California,LosAngeles,1149,148,109,91,47,55,38,47,142,100,124,87,25,31,26,29,64,69,505,169,69,67
2024,06037236206,Census Tract 2362.06,Los Angeles,Los Angeles County,California,LosAngeles,1275,293,17,26,62,63,65,53,263,179,173,95,97,95,43,71,170,114,329,171,56,66
2024,06037236400,Census Tract 2364,Los Angeles,Los Angeles County,California,LosAngeles,969,190,93,118,92,92,102,55,94,84,129,116,61,83,76,59,29,30,284,135,9,16
2024,06037237101,Census Tract 2371.01,Los Angeles,Los Angeles County,California,LosAngeles,664,98,39,44,58,56,61,56,51,54,39,44,26,42,38,37,39,45,283,117,30,49
2024,06037237102,Census Tract 2371.02,Los Angeles,Los Angeles County,California,LosAngeles,744,127,20,24,27,30,4,6,62,43,129,61,18,20,34,35,85,53,254,134,111,56
2024,06037237201,Census Tract 2372.01,Los Angeles,Los Angeles County,California,LosAngeles,563,140,11,12,13,21,60,38,99,67,56,60,65,42,3,5,69,75,145,78,42,32
2024,06037237202,Census Tract 2372.02,Los Angeles,Los Angeles County,California,LosAngeles,662,174,0,14,27,40,0,14,0,14,19,31,40,52,14,25,51,70,500,179,11,18
2024,06037237300,Census Tract 2373,Los Angeles,Los Angeles County,California,LosAngeles,807,197,0,19,122,95,25,26,29,46,66,62,60,58,28,26,176,130,198,86,103,96
2024,06037237401,Census Tract 2374.01,Los Angeles,Los Angeles County,California,LosAngeles,344,89,21,24,10,24,40,33,42,53,0,14,13,18,10,17,23,26,178,68,7,14
2024,06037237402,Census Tract 2374.02,Los Angeles,Los Angeles County,California,LosAngeles,363,118,0,14,0,14,35,43,36,59,42,52,0,14,32,49,118,89,100,69,0,14
2024,06037237500,Census Tract 2375,Los Angeles,Los Angeles County,California,LosAngeles,615,91,0,14,38,42,22,29,84,49,24,25,62,52,13,21,115,52,229,81,28,25
2024,06037237600,Census Tract 2376,Los Angeles,Los Angeles County,California,LosAngeles,941,134,49,42,30,48,62,79,101,72,112,83,151,103,17,28,191,106,210,97,18,28
2024,06037237710,Census Tract 2377.10,Los Angeles,Los Angeles County,California,LosAngeles,791,160,53,59,7,13,52,49,61,58,12,20,111,93,10,21,63,51,334,129,88,67
2024,06037237720,Census Tract 2377.20,Los Angeles,Los Angeles County,California,LosAngeles,804,154,0,14,48,46,45,40,118,58,6,15,109,60,98,67,87,93,265,115,28,42
2024,06037237800,Census Tract 2378,Los Angeles,Los Angeles County,California,LosAngeles,363,133,30,48,0,14,0,14,31,50,32,48,68,66,0,14,49,46,153,98,0,14
2024,06037237900,Census Tract 2379,Los Angeles,Los Angeles County,California,LosAngeles,356,155,0,14,0,14,0,14,37,58,85,80,0,14,26,28,0,14,163,125,45,70
2024,06037238000,Census Tract 2380,Los Angeles,Los Angeles County,California,LosAngeles,818,363,62,92,27,49,0,19,54,57,38,63,15,24,0,19,253,330,369,161,0,19
2024,06037238100,Census Tract 2381,Los Angeles,Los Angeles County,California,LosAngeles,1238,517,76,111,88,75,205,268,62,99,69,77,38,60,28,45,34,32,547,363,91,78
2024,06037238200,Census Tract 2382,Los Angeles,Los Angeles County,California,LosAngeles,1538,311,130,155,58,91,99,112,192,124,118,94,72,90,158,139,207,126,504,253,0,19
2024,06037238310,Census Tract 2383.10,Los Angeles,Los Angeles County,California,LosAngeles,1176,148,41,48,63,54,171,108,90,46,49,50,43,39,94,89,164,68,447,139,14,21
2024,06037238320,Census Tract 2383.20,Los Angeles,Los Angeles County,California,LosAngeles,982,138,0,14,74,61,54,56,139,75,61,51,29,30,21,35,11,18,534,140,59,56
2024,06037238400,Census Tract 2384,Los Angeles,Los Angeles County,California,LosAngeles,582,158,10,17,42,55,36,54,10,15,31,48,36,55,0,14,16,29,333,122,68,71
2024,06037239201,Census Tract 2392.01,Los Angeles,Los Angeles County,California,LosAngeles,590,92,65,41,22,30,44,40,26,32,34,31,53,43,23,36,128,73,176,68,19,26
2024,06037239202,Census Tract 2392.02,Los Angeles,Los Angeles County,California,LosAngeles,947,191,142,107,11,19,130,121,33,52,168,124,50,55,60,67,31,41,269,107,53,58
2024,06037239310,Census Tract 2393.10,Los Angeles,Los Angeles County,California,LosAngeles,771,165,58,65,22,33,0,14,136,91,115,91,59,58,15,25,55,47,264,145,47,56
2024,06037239320,Census Tract 2393.20,Los Angeles,Los Angeles County,California,LosAngeles,517,90,17,20,7,11,36,39,33,31,61,35,13,19,26,30,54,44,221,62,49,51
2024,06037239330,Census Tract 2393.30,Los Angeles,Los Angeles County,California,LosAngeles,543,108,25,25,44,40,84,59,129,100,61,39,35,31,23,28,33,30,109,56,0,14
2024,06037239501,Census Tract 2395.01,Los Angeles,Los Angeles County,California,LosAngeles,712,109,14,20,30,33,33,30,82,61,50,40,86,81,54,46,51,45,234,101,78,71
2024,06037239502,Census Tract 2395.02,Los Angeles,Los Angeles County,California,LosAngeles,475,122,6,10,15,24,0,14,53,37,69,60,53,60,75,50,78,46,117,72,9,15
2024,06037239601,Census Tract 2396.01,Los Angeles,Los Angeles County,California,LosAngeles,690,93,58,46,51,40,28,33,99,61,55,45,69,68,10,15,72,49,193,74,55,54
2024,06037239602,Census Tract 2396.02,Los Angeles,Los Angeles County,California,LosAngeles,698,106,6,13,36,37,73,49,73,41,86,41,34,35,32,36,118,56,228,111,12,18
2024,06037239701,Census Tract 2397.01,Los Angeles,Los Angeles County,California,LosAngeles,725,192,0,14,0,14,46,51,16,35,101,103,21,32,14,19,68,65,339,180,120,115
2024,06037239702,Census Tract 2397.02,Los Angeles,Los Angeles County,California,LosAngeles,823,146,31,47,43,43,27,29,116,98,137,106,81,74,14,23,125,82,249,108,0,14
2024,06037239801,Census Tract 2398.01,Los Angeles,Los Angeles County,California,LosAngeles,581,110,22,23,42,37,44,35,59,42,9,14,37,32,18,22,40,41,261,117,49,30
2024,06037239802,Census Tract 2398.02,Los Angeles,Los Angeles County,California,LosAngeles,1052,126,50,44,61,58,65,60,36,40,77,69,49,42,103,74,48,49,490,142,73,68
2024,06037240010,Census Tract 2400.10,Los Angeles,Los Angeles County,California,LosAngeles,880,88,0,14,43,41,56,43,61,56,139,71,11,13,94,70,96,66,357,105,23,36
2024,06037240020,Census Tract 2400.20,Los Angeles,Los Angeles County,California,LosAngeles,764,159,0,19,22,35,0,19,77,66,98,94,5,10,47,52,61,59,431,161,23,26
2024,06037240200,Census Tract 2402,Los Angeles,Los Angeles County,California,LosAngeles,943,159,7,11,47,53,84,77,33,39,98,79,53,43,26,38,149,90,357,139,89,73
2024,06037240301,Census Tract 2403.01,Los Angeles,Los Angeles County,California,LosAngeles,655,191,26,28,2,7,101,83,161,153,50,45,27,29,41,47,34,32,213,88,0,14
2024,06037240302,Census Tract 2403.02,Los Angeles,Los Angeles County,California,LosAngeles,425,139,6,9,59,48,17,29,0,14,16,22,38,36,59,57,97,106,133,79,0,14
2024,06037240401,Census Tract 2404.01,Los Angeles,Los Angeles County,California,LosAngeles,1188,220,0,19,12,19,61,57,113,77,70,71,105,63,51,59,127,97,560,171,89,142
2024,06037240402,Census Tract 2404.02,Los Angeles,Los Angeles County,California,LosAngeles,521,153,30,48,5,30,0,14,19,22,21,30,38,54,24,37,50,60,240,136,94,76
2024,06037240500,Census Tract 2405,Los Angeles,Los Angeles County,California,LosAngeles,1255,201,23,33,75,68,52,46,141,105,106,85,142,144,18,34,67,43,571,167,60,60
2024,06037240600,Census Tract 2406,Los Angeles,Los Angeles County,California,LosAngeles,764,159,26,38,61,53,11,17,85,63,73,49,43,43,61,65,71,51,293,137,40,45
2024,06037240700,Census Tract 2407,Los Angeles,Los Angeles County,California,LosAngeles,753,182,0,19,30,35,58,60,88,74,41,50,17,29,11,18,91,72,417,144,0,19
2024,06037240800,Census Tract 2408,Los Angeles,Los Angeles County,California,LosAngeles,566,147,41,52,9,15,0,14,55,52,59,58,49,64,0,14,58,59,271,138,24,32
2024,06037240901,Census Tract 2409.01,Los Angeles,Los Angeles County,California,LosAngeles,211,70,0,14,8,13,6,10,11,13,29,31,14,22,26,31,28,33,74,52,15,23
2024,06037240902,Census Tract 2409.02,Los Angeles,Los Angeles County,California,LosAngeles,464,95,17,19,8,15,36,45,70,66,10,16,8,12,11,18,0,14,226,95,78,52
2024,06037241001,Census Tract 2410.01,Los Angeles,Los Angeles County,California,LosAngeles,574,140,27,43,11,17,219,103,90,77,98,88,0,19,10,16,1,2,118,86,0,19
2024,06037241002,Census Tract 2410.02,Los Angeles,Los Angeles County,California,LosAngeles,673,125,33,48,11,20,81,65,46,44,9,15,31,38,25,37,45,52,345,139,47,41
2024,06037241110,Census Tract 2411.10,Los Angeles,Los Angeles County,California,LosAngeles,540,120,0,14,35,32,21,23,69,50,41,28,37,36,79,52,117,89,132,69,9,15
2024,06037241120,Census Tract 2411.20,Los Angeles,Los Angeles County,California,LosAngeles,1039,220,24,38,24,35,41,40,51,59,123,90,55,45,136,101,81,66,504,235,0,14
2024,06037241201,Census Tract 2412.01,Los Angeles,Los Angeles County,California,LosAngeles,392,81,0,14,24,29,25,28,14,24,0,14,51,63,110,64,20,25,138,68,10,12
2024,06037241202,Census Tract 2412.02,Los Angeles,Los Angeles County,California,LosAngeles,1023,251,22,31,12,20,17,28,111,87,74,53,38,45,112,162,124,93,438,236,75,63
2024,06037241300,Census Tract 2413,Los Angeles,Los Angeles County,California,LosAngeles,382,79,0,14,20,33,18,20,36,31,14,23,74,49,51,46,38,30,131,57,0,14
2024,06037241400,Census Tract 2414,Los Angeles,Los Angeles County,California,LosAngeles,529,93,48,38,79,55,26,29,25,34,0,14,0,14,25,27,20,29,256,88,50,34
2024,06037242000,Census Tract 2420,Los Angeles,Los Angeles County,California,LosAngeles,871,158,0,14,3,5,123,85,117,78,35,34,118,83,116,95,93,76,226,99,40,36
2024,06037242100,Census Tract 2421,Los Angeles,Los Angeles County,California,LosAngeles,700,145,23,27,18,19,57,40,103,85,85,60,44,39,61,37,102,57,179,72,28,45
2024,06037242201,Census Tract 2422.01,Los Angeles,Los Angeles County,California,LosAngeles,614,157,14,22,110,90,35,41,76,61,52,72,13,22,60,82,36,35,188,106,30,35
2024,06037242202,Census Tract 2422.02,Los Angeles,Los Angeles County,California,LosAngeles,579,95,15,24,28,42,34,30,36,38,13,16,48,38,77,57,163,62,138,77,27,29
2024,06037242300,Census Tract 2423,Los Angeles,Los Angeles County,California,LosAngeles,905,194,87,84,0,14,73,97,127,93,86,90,50,48,71,58,96,80,306,124,9,16
2024,06037242600,Census Tract 2426,Los Angeles,Los Angeles County,California,LosAngeles,1428,211,51,65,104,72,45,44,24,42,162,140,113,87,51,59,105,71,542,184,231,171
2024,06037242700,Census Tract 2427,Los Angeles,Los Angeles County,California,LosAngeles,638,192,0,14,23,37,83,68,16,23,49,50,147,92,11,19,0,14,290,173,19,31
2024,06037243001,Census Tract 2430.01,Los Angeles,Los Angeles County,California,LosAngeles,367,128,26,37,12,20,0,14,20,31,24,22,16,24,98,98,39,30,132,59,0,14
2024,06037243002,Census Tract 2430.02,Los Angeles,Los Angeles County,California,LosAngeles,262,69,0,14,0,14,19,31,70,58,25,40,0,14,0,14,42,37,106,71,0,14
2024,06037243100,Census Tract 2431,Los Angeles,Los Angeles County,California,LosAngeles,1081,212,12,20,32,48,49,47,151,97,0,19,59,53,60,57,264,157,390,131,64,77
2024,06037261102,Census Tract 2611.02,Los Angeles,Los Angeles County,California,LosAngeles,113,67,34,39,8,13,0,14,0,14,0,14,9,15,9,16,0,14,45,44,8,14
2024,06037261103,Census Tract 2611.03,Los Angeles,Los Angeles County,California,LosAngeles,59,33,8,13,0,14,0,14,0,14,0,14,7,11,0,14,10,14,34,28,0,14
2024,06037261104,Census Tract 2611.04,Los Angeles,Los Angeles County,California,LosAngeles,205,84,0,14,3,8,9,12,0,14,0,14,41,54,0,14,18,23,50,39,84,87
2024,06037261200,Census Tract 2612,Los Angeles,Los Angeles County,California,LosAngeles,233,119,0,14,3,6,5,9,26,35,0,14,0,14,0,14,0,14,116,83,83,80
2024,06037262100,Census Tract 2621,Los Angeles,Los Angeles County,California,LosAngeles,139,99,73,87,0,14,0,14,0,14,13,21,0,14,0,14,0,14,53,49,0,14
2024,06037262200,Census Tract 2622,Los Angeles,Los Angeles County,California,LosAngeles,500,186,100,102,0,14,3,13,140,104,6,11,27,27,91,110,16,26,106,73,11,17
2024,06037262301,Census Tract 2623.01,Los Angeles,Los Angeles County,California,LosAngeles,96,54,0,14,25,30,0,14,0,14,0,14,4,6,7,10,0,14,38,37,22,25
2024,06037262302,Census Tract 2623.02,Los Angeles,Los Angeles County,California,LosAngeles,355,118,25,21,21,30,68,51,55,86,67,60,18,28,0,14,14,22,87,54,0,14
2024,06037262303,Census Tract 2623.03,Los Angeles,Los Angeles County,California,LosAngeles,20,25,0,14,0,14,8,14,0,14,0,14,0,14,0,14,0,14,0,14,12,19
2024,06037262400,Census Tract 2624,Los Angeles,Los Angeles County,California,LosAngeles,118,93,12,19,13,21,10,18,0,14,0,14,0,14,0,14,0,14,83,89,0,14
2024,06037262501,Census Tract 2625.01,Los Angeles,Los Angeles County,California,LosAngeles,181,91,7,14,25,32,0,14,12,19,12,21,0,14,2,9,0,14,82,62,41,52
2024,06037262601,Census Tract 2626.01,Los Angeles,Los Angeles County,California,LosAngeles,78,55,0,14,0,14,7,12,25,28,0,14,0,14,0,14,12,21,2,3,32,40
2024,06037262604,Census Tract 2626.04,Los Angeles,Los Angeles County,California,LosAngeles,563,217,0,19,49,71,81,90,61,72,109,115,0,19,0,19,0,19,263,185,0,19
2024,06037262704,Census Tract 2627.04,Los Angeles,Los Angeles County,California,LosAngeles,459,116,9,15,119,77,26,32,0,14,45,50,25,26,44,48,47,41,129,69,15,18
2024,06037262706,Census Tract 2627.06,Los Angeles,Los Angeles County,California,LosAngeles,337,110,25,28,14,22,7,12,59,49,17,19,17,24,11,18,22,24,143,82,22,24
2024,06037262802,Census Tract 2628.02,Los Angeles,Los Angeles County,California,LosAngeles,115,65,0,14,0,14,0,14,0,14,0,14,6,9,0,14,12,19,58,46,39,47
2024,06037264000,Census Tract 2640,Los Angeles,Los Angeles County,California,LosAngeles,251,88,11,18,11,17,40,53,17,19,0,14,75,67,0,14,11,18,56,40,30,30
2024,06037264102,Census Tract 2641.02,Los Angeles,Los Angeles County,California,LosAngeles,1186,169,66,85,209,129,101,71,143,101,149,83,52,46,59,76,73,50,222,88,112,96
2024,06037264103,Census Tract 2641.03,Los Angeles,Los Angeles County,California,LosAngeles,1170,153,96,76,146,95,157,111,140,96,127,87,155,102,12,19,42,50,276,122,19,20
2024,06037264303,Census Tract 2643.03,Los Angeles,Los Angeles County,California,LosAngeles,1220,191,62,48,107,96,194,125,174,112,131,79,97,80,90,86,29,27,275,117,61,72
2024,06037264304,Census Tract 2643.04,Los Angeles,Los Angeles County,California,LosAngeles,1234,117,45,42,116,76,212,95,157,97,119,88,59,42,112,84,110,96,272,132,32,32
2024,06037264305,Census Tract 2643.05,Los Angeles,Los Angeles County,California,LosAngeles,907,157,45,43,112,91,174,90,121,74,80,89,67,52,63,46,62,53,134,70,49,47
2024,06037264306,Census Tract 2643.06,Los Angeles,Los Angeles County,California,LosAngeles,587,136,21,26,68,60,45,37,46,46,67,73,104,81,10,16,91,72,135,79,0,14
2024,06037265100,Census Tract 2651,Los Angeles,Los Angeles County,California,LosAngeles,648,181,30,31,32,50,16,19,115,104,14,21,0,14,5,8,18,22,397,147,21,23
2024,06037265201,Census Tract 2652.01,Los Angeles,Los Angeles County,California,LosAngeles,186,75,0,14,15,17,5,7,29,24,9,10,0,14,16,23,0,14,94,65,18,24
2024,06037265203,Census Tract 2652.03,Los Angeles,Los Angeles County,California,LosAngeles,709,136,0,14,38,57,62,68,94,44,20,32,22,25,9,13,87,86,360,134,17,22
2024,06037265204,Census Tract 2652.04,Los Angeles,Los Angeles County,California,LosAngeles,584,99,30,36,22,23,30,37,13,16,25,24,37,22,0,14,90,58,291,92,46,28
2024,06037265301,Census Tract 2653.01,Los Angeles,Los Angeles County,California,LosAngeles,0,21,0,21,0,21,0,21,0,21,0,21,0,21,0,21,0,21,0,21,0,21
2024,06037265303,Census Tract 2653.03,Los Angeles,Los Angeles County,California,LosAngeles,1523,206,0,14,52,69,40,45,26,25,78,74,38,38,40,50,93,72,1009,181,147,77
2024,06037265304,Census Tract 2653.04,Los Angeles,Los Angeles County,California,LosAngeles,967,140,94,81,0,14,25,27,0,14,0,14,11,19,10,17,10,16,743,129,74,74
2024,06037265306,Census Tract 2653.06,Los Angeles,Los Angeles County,California,LosAngeles,367,96,0,14,18,27,34,26,7,2,10,8,42,35,0,14,28,34,178,84,50,43
2024,06037265307,Census Tract 2653.07,Los Angeles,Los Angeles County,California,LosAngeles,924,257,14,18,0,14,26,26,84,59,47,56,38,39,0,14,53,50,579,255,83,59
2024,06037265410,Census Tract 2654.10,Los Angeles,Los Angeles County,California,LosAngeles,213,91,4,6,7,10,6,11,10,15,25,27,3,5,6,10,64,47,46,32,42,51
2024,06037265420,Census Tract 2654.20,Los Angeles,Los Angeles County,California,LosAngeles,187,72,16,15,9,14,12,15,43,41,14,12,6,10,0,14,44,43,43,38,0,14
2024,06037265521,Census Tract 2655.21,Los Angeles,Los Angeles County,California,LosAngeles,1030,173,9,14,75,77,116,46,69,61,105,83,93,100,38,30,133,84,299,121,93,72
2024,06037265522,Census Tract 2655.22,Los Angeles,Los Angeles County,California,LosAngeles,776,154,57,74,56,49,58,82,27,32,36,34,64,70,143,86,64,56,212,91,59,49
2024,06037265523,Census Tract 2655.23,Los Angeles,Los Angeles County,California,LosAngeles,847,440,16,17,73,72,78,45,64,53,24,24,29,32,62,65,62,48,439,414,0,14
2024,06037265524,Census Tract 2655.24,Los Angeles,Los Angeles County,California,LosAngeles,1082,199,27,37,49,31,59,54,176,79,140,87,94,75,53,33,162,162,307,131,15,23
2024,06037265601,Census Tract 2656.01,Los Angeles,Los Angeles County,California,LosAngeles,655,144,25,26,26,31,68,60,57,43,88,50,24,28,9,15,41,45,249,121,68,57
2024,06037265602,Census Tract 2656.02,Los Angeles,Los Angeles County,California,LosAngeles,543,145,17,25,35,55,0,14,36,45,17,27,8,13,24,26,46,48,285,133,75,55
2024,06037265701,Census Tract 2657.01,Los Angeles,Los Angeles County,California,LosAngeles,446,85,44,50,5,8,113,57,52,50,15,24,11,12,16,20,12,14,142,70,36,46
2024,06037265702,Census Tract 2657.02,Los Angeles,Los Angeles County,California,LosAngeles,801,278,0,14,0,14,107,85,68,68,0,14,68,64,115,104,215,194,228,104,0,14
2024,06037267101,Census Tract 2671.01,Los Angeles,Los Angeles County,California,LosAngeles,914,230,0,14,119,62,125,115,40,26,55,47,85,85,98,85,42,33,336,174,14,16
2024,06037267102,Census Tract 2671.02,Los Angeles,Los Angeles County,California,LosAngeles,751,163,0,14,36,33,113,109,37,41,56,51,47,57,13,22,38,35,357,191,54,45
2024,06037267201,Census Tract 2672.01,Los Angeles,Los Angeles County,California,LosAngeles,969,234,48,39,86,61,74,63,108,64,85,49,64,68,76,63,169,205,213,109,46,57
2024,06037267202,Census Tract 2672.02,Los Angeles,Los Angeles County,California,LosAngeles,1054,258,37,36,70,76,74,62,112,69,20,24,91,73,187,151,153,77,238,134,72,70
2024,06037267300,Census Tract 2673,Los Angeles,Los Angeles County,California,LosAngeles,2013,289,303,208,207,142,216,121,155,150,139,102,186,107,51,53,46,52,484,228,226,164
2024,06037267403,Census Tract 2674.03,Los Angeles,Los Angeles County,California,LosAngeles,1743,341,21,25,143,71,155,77,233,102,289,273,66,48,81,73,196,124,486,144,73,58
2024,06037267404,Census Tract 2674.04,Los Angeles,Los Angeles County,California,LosAngeles,1541,205,108,125,77,87,81,68,43,43,57,47,413,221,7,13,253,135,386,192,116,86
2024,06037267405,Census Tract 2674.05,Los Angeles,Los Angeles County,California,LosAngeles,1259,184,37,44,52,45,238,135,142,95,162,81,111,120,95,86,136,86,246,96,40,37
2024,06037267406,Census Tract 2674.06,Los Angeles,Los Angeles County,California,LosAngeles,935,152,15,17,39,43,118,69,180,101,35,30,159,84,89,62,61,67,186,85,53,56
2024,06037267502,Census Tract 2675.02,Los Angeles,Los Angeles County,California,LosAngeles,1173,143,22,27,45,40,128,77,140,60,139,63,174,101,118,99,83,55,286,100,38,33
2024,06037267503,Census Tract 2675.03,Los Angeles,Los Angeles County,California,LosAngeles,988,402,18,19,312,363,141,73,40,35,92,56,94,82,36,42,0,14,255,149,0,14
2024,06037267504,Census Tract 2675.04,Los Angeles,Los Angeles County,California,LosAngeles,1568,198,76,94,153,83,323,177,78,51,100,72,78,67,25,29,113,70,595,165,27,28
2024,06037267600,Census Tract 2676,Los Angeles,Los Angeles County,California,LosAngeles,946,172,15,22,79,58,184,105,75,52,105,59,35,29,30,36,36,34,325,134,62,62
2024,06037267700,Census Tract 2677,Los Angeles,Los Angeles County,California,LosAngeles,1479,208,88,87,113,77,417,188,143,76,122,114,193,110,0,14,80,68,290,127,33,32
2024,06037267800,Census Tract 2678,Los Angeles,Los Angeles County,California,LosAngeles,863,145,48,45,0,14,74,50,99,58,106,85,51,48,50,41,139,97,183,117,113,103
2024,06037267901,Census Tract 2679.01,Los Angeles,Los Angeles County,California,LosAngeles,742,283,0,14,85,94,37,62,0,14,7,11,0,14,36,60,92,100,186,131,299,267
2024,06037267902,Census Tract 2679.02,Los Angeles,Los Angeles County,California,LosAngeles,981,263,18,21,46,38,81,53,121,77,276,216,78,76,84,72,94,107,161,80,22,24
2024,06037269000,Census Tract 2690,Los Angeles,Los Angeles County,California,LosAngeles,893,283,59,54,56,54,62,58,167,234,137,105,133,97,61,51,14,23,135,81,69,105
2024,06037269100,Census Tract 2691,Los Angeles,Los Angeles County,California,LosAngeles,1226,236,34,41,212,184,20,31,0,14,110,78,44,44,19,29,240,112,496,162,51,42
2024,06037269300,Census Tract 2693,Los Angeles,Los Angeles County,California,LosAngeles,235,91,10,16,13,20,23,27,51,52,0,14,13,17,37,33,14,22,64,48,10,17
2024,06037269500,Census Tract 2695,Los Angeles,Los Angeles County,California,LosAngeles,54,53,0,14,0,14,30,46,0,14,0,14,0,14,0,14,0,14,10,16,14,20
2024,06037269601,Census Tract 2696.01,Los Angeles,Los Angeles County,California,LosAngeles,929,139,12,19,42,43,92,58,45,44,113,85,93,69,54,38,125,98,317,153,36,55
2024,06037269602,Census Tract 2696.02,Los Angeles,Los Angeles County,California,LosAngeles,652,109,26,31,15,18,91,70,77,72,62,72,38,30,0,14,56,57,279,114,8,13
2024,06037269700,Census Tract 2697,Los Angeles,Los Angeles County,California,LosAngeles,845,175,43,48,66,55,189,127,185,98,50,53,36,29,32,29,35,33,146,66,63,67
2024,06037269800,Census Tract 2698,Los Angeles,Los Angeles County,California,LosAngeles,1154,160,31,48,125,79,191,105,135,91,95,51,74,76,74,52,136,80,237,91,56,45
2024,06037269903,Census Tract 2699.03,Los Angeles,Los Angeles County,California,LosAngeles,2015,188,23,27,202,128,138,86,343,173,367,206,329,158,74,47,83,76,420,109,36,46
2024,06037269905,Census Tract 2699.05,Los Angeles,Los Angeles County,California,LosAngeles,1363,137,93,80,97,53,194,85,163,76,169,82,167,96,118,64,78,43,276,84,8,12
2024,06037269906,Census Tract 2699.06,Los Angeles,Los Angeles County,California,LosAngeles,1551,219,28,29,168,55,225,83,377,133,189,137,45,33,207,107,68,46,230,114,14,16
2024,06037269907,Census Tract 2699.07,Los Angeles,Los Angeles County,California,LosAngeles,1427,116,14,16,178,91,176,65,203,103,137,75,261,107,68,48,92,71,180,85,118,76
2024,06037269908,Census Tract 2699.08,Los Angeles,Los Angeles County,California,LosAngeles,1307,304,27,33,129,77,111,84,150,73,286,208,134,78,147,159,89,56,234,143,0,14
2024,06037269909,Census Tract 2699.09,Los Angeles,Los Angeles County,California,LosAngeles,1356,347,15,31,44,44,142,80,344,282,178,109,114,88,134,107,230,237,155,89,0,14
2024,06037270101,Census Tract 2701.01,Los Angeles,Los Angeles County,California,LosAngeles,958,130,0,14,33,30,126,60,170,69,67,47,171,97,33,30,133,90,225,96,0,14
2024,06037270102,Census Tract 2701.02,Los Angeles,Los Angeles County,California,LosAngeles,1006,153,29,26,209,101,198,126,139,74,104,50,25,27,76,48,23,26,194,91,9,14
2024,06037270200,Census Tract 2702,Los Angeles,Los Angeles County,California,LosAngeles,836,264,13,19,59,48,83,61,51,51,53,41,45,33,164,212,31,32,330,118,7,13
2024,06037270300,Census Tract 2703,Los Angeles,Los Angeles County,California,LosAngeles,370,110,13,19,29,26,45,30,81,68,32,38,8,9,27,34,27,27,90,52,18,26
2024,06037271100,Census Tract 2711,Los Angeles,Los Angeles County,California,LosAngeles,364,104,5,7,70,43,42,42,23,26,21,29,25,22,7,11,58,57,107,81,6,8
2024,06037271200,Census Tract 2712,Los Angeles,Los Angeles County,California,LosAngeles,1131,159,65,60,48,36,226,131,85,71,111,86,12,20,114,85,146,104,312,98,12,18
2024,06037271300,Census Tract 2713,Los Angeles,Los Angeles County,California,LosAngeles,997,196,77,70,50,45,111,83,0,14,75,80,56,59,339,186,47,47,186,108,56,69
2024,06037271400,Census Tract 2714,Los Angeles,Los Angeles County,California,LosAngeles,143,96,0,14,8,13,12,19,23,28,10,16,0,14,0,14,0,14,80,89,10,15
2024,06037271500,Census Tract 2715,Los Angeles,Los Angeles County,California,LosAngeles,578,119,23,25,58,44,36,30,94,50,42,28,39,56,29,27,66,54,191,111,0,14
2024,06037271600,Census Tract 2716,Los Angeles,Los Angeles County,California,LosAngeles,1457,209,59,63,168,87,206,97,126,66,174,88,30,29,17,18,130,156,349,154,198,105
2024,06037271702,Census Tract 2717.02,Los Angeles,Los Angeles County,California,LosAngeles,1332,186,81,52,120,66,101,46,231,103,91,65,124,80,85,61,129,79,329,129,41,46
2024,06037271703,Census Tract 2717.03,Los Angeles,Los Angeles County,California,LosAngeles,979,144,63,59,104,54,46,43,147,97,219,123,9,14,137,72,68,58,186,78,0,14
2024,06037271704,Census Tract 2717.04,Los Angeles,Los Angeles County,California,LosAngeles,1117,252,46,62,0,14,250,186,238,163,194,113,62,47,38,37,61,58,184,106,44,44
2024,06037271801,Census Tract 2718.01,Los Angeles,Los Angeles County,California,LosAngeles,1577,209,0,14,95,60,218,129,102,57,222,103,157,109,253,155,100,67,422,167,8,13
2024,06037271803,Census Tract 2718.03,Los Angeles,Los Angeles County,California,LosAngeles,1593,214,39,41,96,75,249,115,112,69,175,161,280,116,100,90,127,128,383,132,32,36
2024,06037271804,Census Tract 2718.04,Los Angeles,Los Angeles County,California,LosAngeles,766,162,0,14,115,85,142,96,108,70,0,14,24,21,140,71,52,37,185,95,0,14
2024,06037271901,Census Tract 2719.01,Los Angeles,Los Angeles County,California,LosAngeles,956,197,10,20,202,148,70,35,156,84,83,58,82,59,77,73,22,30,235,158,19,25
2024,06037271902,Census Tract 2719.02,Los Angeles,Los Angeles County,California,LosAngeles,1289,210,8,13,147,73,85,48,165,87,197,126,52,39,94,60,144,113,325,109,72,56
2024,06037272100,Census Tract 2721,Los Angeles,Los Angeles County,California,LosAngeles,614,142,14,22,16,20,68,67,128,82,58,50,27,29,34,32,50,41,219,103,0,14
2024,06037272201,Census Tract 2722.01,Los Angeles,Los Angeles County,California,LosAngeles,765,133,12,15,31,39,197,84,99,54,46,30,85,61,21,26,50,37,139,73,85,67
2024,06037272202,Census Tract 2722.02,Los Angeles,Los Angeles County,California,LosAngeles,1260,224,41,55,68,39,177,89,135,77,224,93,28,37,173,89,64,51,296,182,54,46
2024,06037272301,Census Tract 2723.01,Los Angeles,Los Angeles County,California,LosAngeles,931,183,36,33,45,36,104,74,129,89,186,95,52,61,78,54,116,117,117,64,68,70
2024,06037272302,Census Tract 2723.02,Los Angeles,Los Angeles County,California,LosAngeles,1769,116,51,40,118,70,364,175,109,68,378,154,121,77,183,116,147,82,259,98,39,32
2024,06037273100,Census Tract 2731,Los Angeles,Los Angeles County,California,LosAngeles,833,110,24,27,70,68,111,66,93,53,121,66,56,47,86,68,106,76,128,49,38,43
2024,06037273200,Census Tract 2732,Los Angeles,Los Angeles County,California,LosAngeles,988,166,21,35,96,70,166,93,158,96,146,108,46,41,43,35,68,67,201,87,43,53
2024,06037273300,Census Tract 2733,Los Angeles,Los Angeles County,California,LosAngeles,1113,219,42,38,90,56,166,76,42,39,111,63,115,73,15,23,180,126,309,161,43,50
2024,06037273403,Census Tract 2734.03,Los Angeles,Los Angeles County,California,LosAngeles,771,257,31,33,145,138,45,33,97,85,33,36,44,29,24,38,121,163,231,98,0,14
2024,06037273404,Census Tract 2734.04,Los Angeles,Los Angeles County,California,LosAngeles,964,266,33,37,100,77,56,43,73,51,41,64,189,230,66,59,19,23,361,131,26,31
2024,06037273502,Census Tract 2735.02,Los Angeles,Los Angeles County,California,LosAngeles,1342,267,134,93,142,79,166,85,71,46,290,228,71,62,105,82,101,68,232,99,30,27
2024,06037273600,Census Tract 2736,Los Angeles,Los Angeles County,California,LosAngeles,543,171,44,54,10,17,61,44,104,100,52,70,36,45,0,14,0,14,236,111,0,14
2024,06037273700,Census Tract 2737,Los Angeles,Los Angeles County,California,LosAngeles,708,128,58,36,64,57,80,75,113,72,58,67,63,57,75,74,71,72,117,79,9,15
2024,06037273800,Census Tract 2738,Los Angeles,Los Angeles County,California,LosAngeles,1073,173,62,48,27,26,111,53,148,80,138,95,207,156,20,23,8,13,339,123,13,16
2024,06037273902,Census Tract 2739.02,Los Angeles,Los Angeles County,California,LosAngeles,1357,248,29,34,221,195,108,96,89,69,74,62,123,102,144,146,196,149,297,158,76,57
2024,06037274100,Census Tract 2741,Los Angeles,Los Angeles County,California,LosAngeles,1219,305,77,87,0,14,114,89,123,84,36,49,176,134,75,78,104,109,478,236,36,52
2024,06037274202,Census Tract 2742.02,Los Angeles,Los Angeles County,California,LosAngeles,1335,280,65,86,362,183,113,120,53,56,190,142,113,77,84,99,37,32,300,130,18,27
2024,06037275101,Census Tract 2751.01,Los Angeles,Los Angeles County,California,LosAngeles,286,76,18,26,18,16,94,69,21,18,0,14,33,33,0,14,12,13,90,48,0,14
2024,06037275102,Census Tract 2751.02,Los Angeles,Los Angeles County,California,LosAngeles,895,154,0,14,68,56,74,71,196,109,55,35,118,79,28,29,73,62,247,148,36,44
2024,06037275200,Census Tract 2752,Los Angeles,Los Angeles County,California,LosAngeles,1267,130,0,14,237,108,183,91,236,108,125,70,58,39,92,66,54,37,201,88,81,73
2024,06037275311,Census Tract 2753.11,Los Angeles,Los Angeles County,California,LosAngeles,1487,343,0,19,65,59,131,91,425,289,120,70,107,81,138,109,174,119,209,99,118,113
2024,06037275312,Census Tract 2753.12,Los Angeles,Los Angeles County,California,LosAngeles,540,131,10,16,94,79,80,72,125,87,28,22,55,38,44,32,35,33,69,66,0,14
2024,06037275313,Census Tract 2753.13,Los Angeles,Los Angeles County,California,LosAngeles,474,138,41,46,92,63,31,34,48,49,58,38,30,28,7,12,0,14,160,119,7,11
2024,06037275400,Census Tract 2754,Los Angeles,Los Angeles County,California,LosAngeles,1423,395,24,39,124,84,210,153,275,189,67,52,23,37,52,59,158,128,476,303,14,23
2024,06037275500,Census Tract 2755,Los Angeles,Los Angeles County,California,LosAngeles,1415,171,157,82,67,52,151,70,127,68,214,104,187,97,111,90,143,104,173,86,85,57
2024,06037275603,Census Tract 2756.03,Los Angeles,Los Angeles County,California,LosAngeles,610,177,88,77,61,48,77,64,66,53,10,17,19,24,16,31,134,140,139,69,0,14
2024,06037275604,Census Tract 2756.04,Los Angeles,Los Angeles County,California,LosAngeles,3248,370,93,120,243,161,358,187,355,226,322,248,301,155,180,139,455,258,690,337,251,167
2024,06037275605,Census Tract 2756.05,Los Angeles,Los Angeles County,California,LosAngeles,1477,185,32,51,85,82,149,76,176,104,288,134,164,147,9,14,146,110,331,135,97,88
2024,06037276000,Census Tract 2760,Los Angeles,Los Angeles County,California,LosAngeles,1341,251,55,52,58,60,106,88,197,149,143,82,109,94,14,23,37,43,395,207,227,145
2024,06037276101,Census Tract 2761.01,Los Angeles,Los Angeles County,California,LosAngeles,1881,312,19,31,284,174,42,60,329,201,167,108,177,157,224,205,214,167,384,187,41,46
2024,06037276102,Census Tract 2761.02,Los Angeles,Los Angeles County,California,LosAngeles,1157,282,0,14,26,34,229,205,148,90,20,29,57,62,155,107,52,66,428,140,42,48
2024,06037276400,Census Tract 2764,Los Angeles,Los Angeles County,California,LosAngeles,357,132,0,14,42,51,57,45,0,14,80,60,66,81,0,14,0,14,106,69,6,22
2024,06037276500,Census Tract 2765,Los Angeles,Los Angeles County,California,LosAngeles,263,84,9,12,24,36,29,20,11,14,25,24,42,46,7,10,10,14,97,46,9,14
2024,06037276601,Census Tract 2766.01,Los Angeles,Los Angeles County,California,LosAngeles,689,128,17,30,20,16,193,79,81,49,26,24,32,25,29,36,41,63,225,95,25,23
2024,06037276605,Census Tract 2766.05,Los Angeles,Los Angeles County,California,LosAngeles,813,240,14,21,58,40,77,59,89,48,163,76,83,82,29,35,177,232,107,63,16,19
2024,06037276606,Census Tract 2766.06,Los Angeles,Los Angeles County,California,LosAngeles,1134,159,29,38,61,43,261,110,140,91,88,54,40,32,86,70,122,97,288,148,19,23
2024,06037276607,Census Tract 2766.07,Los Angeles,Los Angeles County,California,LosAngeles,958,164,35,55,44,43,45,43,111,84,48,37,16,25,53,84,139,103,416,168,51,56
2024,06037276608,Census Tract 2766.08,Los Angeles,Los Angeles County,California,LosAngeles,666,154,63,101,6,10,52,50,105,94,49,45,96,96,75,114,26,40,162,98,32,37
2024,06037277000,Census Tract 2770,Los Angeles,Los Angeles County,California,LosAngeles,649,304,0,19,82,75,13,21,55,62,93,73,83,73,16,28,0,19,265,264,42,56
2024,06037277100,Census Tract 2771,Los Angeles,Los Angeles County,California,LosAngeles,230,140,0,14,0,14,123,129,0,14,0,14,0,14,7,12,0,14,81,56,19,21
2024,06037277200,Census Tract 2772,Los Angeles,Los Angeles County,California,LosAngeles,799,172,0,14,36,29,43,30,49,32,57,49,63,48,89,69,242,143,209,113,11,17
2024,06037277400,Census Tract 2774,Los Angeles,Los Angeles County,California,LosAngeles,0,14,0,14,0,14,0,14,0,14,0,14,0,14,0,14,0,14,0,14,0,14
2024,06037278001,Census Tract 2780.01,Los Angeles,Los Angeles County,California,LosAngeles,507,92,20,27,52,45,24,29,91,68,8,14,38,38,0,14,0,14,274,103,0,14
2024,06037278102,Census Tract 2781.02,Los Angeles,Los Angeles County,California,LosAngeles,714,137,57,72,82,73,120,88,117,69,89,68,49,57,55,63,0,14,145,65,0,14
2024,06037291110,Census Tract 2911.10,Los Angeles,Los Angeles County,California,LosAngeles,1047,211,81,85,111,148,156,133,101,105,190,121,28,36,64,59,65,54,196,112,55,56
2024,06037291120,Census Tract 2911.20,Los Angeles,Los Angeles County,California,LosAngeles,469,79,0,14,25,25,77,59,63,52,26,31,37,25,0,14,23,24,212,64,6,10
2024,06037291130,Census Tract 2911.30,Los Angeles,Los Angeles County,California,LosAngeles,300,97,7,12,10,16,58,69,45,52,40,29,17,19,18,25,0,14,83,48,22,18
2024,06037291210,Census Tract 2912.10,Los Angeles,Los Angeles County,California,LosAngeles,838,188,0,14,97,88,88,90,167,118,55,54,37,61,98,84,113,124,183,101,0,14
2024,06037291220,Census Tract 2912.20,Los Angeles,Los Angeles County,California,LosAngeles,587,111,33,52,27,30,123,108,73,52,30,33,45,49,58,44,48,56,134,73,16,19
2024,06037291300,Census Tract 2913,Los Angeles,Los Angeles County,California,LosAngeles,234,82,6,9,62,77,8,14,25,26,60,62,0,14,16,16,4,7,45,35,8,12
2024,06037292001,Census Tract 2920.01,Los Angeles,Los Angeles County,California,LosAngeles,1196,155,59,52,16,28,82,69,148,85,86,63,163,99,17,21,190,122,396,139,39,63
2024,06037292002,Census Tract 2920.02,Los Angeles,Los Angeles County,California,LosAngeles,156,78,6,9,16,22,19,21,8,13,17,27,48,75,0,14,21,19,8,12,13,20
2024,06037293203,Census Tract 2932.03,Los Angeles,Los Angeles County,California,LosAngeles,679,124,0,14,35,50,64,51,14,27,28,37,88,56,58,54,107,83,279,108,6,9
2024,06037293204,Census Tract 2932.04,Los Angeles,Los Angeles County,California,LosAngeles,649,181,0,14,137,148,0,14,113,97,57,61,72,66,0,14,165,98,49,49,56,45
2024,06037293205,Census Tract 2932.05,Los Angeles,Los Angeles County,California,LosAngeles,1050,155,16,24,46,45,106,74,82,62,61,72,144,94,73,54,224,118,290,132,8,16
2024,06037293206,Census Tract 2932.06,Los Angeles,Los Angeles County,California,LosAngeles,592,86,16,21,27,23,60,60,37,34,54,42,22,28,27,18,102,54,235,98,12,20
2024,06037293301,Census Tract 2933.01,Los Angeles,Los Angeles County,California,LosAngeles,205,85,0,14,27,27,17,19,30,34,30,28,12,18,0,14,10,16,79,72,0,14
2024,06037293302,Census Tract 2933.02,Los Angeles,Los Angeles County,California,LosAngeles,611,186,70,72,17,20,40,39,82,84,32,33,39,49,30,45,155,156,134,85,12,19
2024,06037293304,Census Tract 2933.04,Los Angeles,Los Angeles County,California,LosAngeles,1080,201,40,47,75,66,91,70,141,71,0,14,215,143,109,76,102,78,209,148,98,73
2024,06037293306,Census Tract 2933.06,Los Angeles,Los Angeles County,California,LosAngeles,220,81,0,14,28,37,44,44,66,53,10,15,8,13,4,7,39,38,21,27,0,14
2024,06037293307,Census Tract 2933.07,Los Angeles,Los Angeles County,California,LosAngeles,673,165,22,28,71,79,46,36,82,66,64,50,53,46,115,155,42,40,169,85,9,13
2024,06037294110,Census Tract 2941.10,Los Angeles,Los Angeles County,California,LosAngeles,472,129,0,14,59,66,18,22,54,43,78,66,79,67,14,22,0,14,170,101,0,14
2024,06037294120,Census Tract 2941.20,Los Angeles,Los Angeles County,California,LosAngeles,370,124,18,26,0,14,65,42,39,41,43,41,6,9,0,14,16,27,183,142,0,14
2024,06037294200,Census Tract 2942,Los Angeles,Los Angeles County,California,LosAngeles,563,180,54,59,19,27,56,46,76,67,8,15,41,39,57,58,54,58,175,144,23,34
2024,06037294301,Census Tract 2943.01,Los Angeles,Los Angeles County,California,LosAngeles,147,54,0,14,10,15,0,14,0,14,14,15,8,12,6,9,11,18,98,52,0,14
2024,06037294302,Census Tract 2943.02,Los Angeles,Los Angeles County,California,LosAngeles,631,149,28,40,21,35,42,52,45,53,37,40,125,121,61,54,50,56,216,94,6,10
2024,06037294410,Census Tract 2944.10,Los Angeles,Los Angeles County,California,LosAngeles,873,134,29,44,26,36,135,100,107,66,102,68,125,88,17,21,57,61,211,105,64,75
2024,06037294421,Census Tract 2944.21,Los Angeles,Los Angeles County,California,LosAngeles,512,174,8,12,23,29,47,39,53,38,46,31,34,37,117,140,85,79,86,63,13,20
2024,06037294510,Census Tract 2945.10,Los Angeles,Los Angeles County,California,LosAngeles,671,160,0,14,57,82,23,26,120,79,72,69,49,52,88,82,36,36,193,96,33,39
2024,06037294520,Census Tract 2945.20,Los Angeles,Los Angeles County,California,LosAngeles,595,87,19,20,37,35,33,31,57,41,44,31,40,31,11,15,66,41,255,89,33,24
2024,06037294610,Census Tract 2946.10,Los Angeles,Los Angeles County,California,LosAngeles,853,145,58,45,33,54,120,126,17,22,168,79,58,37,20,23,53,44,298,104,28,31
2024,06037294620,Census Tract 2946.20,Los Angeles,Los Angeles County,California,LosAngeles,551,158,21,33,24,38,42,44,89,80,83,71,0,14,101,95,0,14,91,77,100,95
2024,06037294701,Census Tract 2947.01,Los Angeles,Los Angeles County,California,LosAngeles,784,84,7,10,17,17,67,44,37,31,18,21,38,33,100,63,100,54,308,94,92,56
2024,06037294810,Census Tract 2948.10,Los Angeles,Los Angeles County,California,LosAngeles,819,123,0,14,122,86,14,19,62,47,14,24,44,54,137,84,67,49,350,105,9,14
2024,06037294820,Census Tract 2948.20,Los Angeles,Los Angeles County,California,LosAngeles,893,109,28,27,46,37,44,35,74,60,85,52,83,46,58,41,41,34,414,119,20,30
2024,06037294830,Census Tract 2948.30,Los Angeles,Los Angeles County,California,LosAngeles,746,116,18,27,82,74,95,78,102,70,56,48,25,28,24,30,54,62,279,112,11,19
2024,06037294900,Census Tract 2949,Los Angeles,Los Angeles County,California,LosAngeles,763,87,9,16,56,49,48,41,29,29,113,57,66,46,43,36,34,33,337,108,28,40
2024,06037295103,Census Tract 2951.03,Los Angeles,Los Angeles County,California,LosAngeles,584,205,0,14,24,36,105,85,16,25,61,56,146,105,40,60,0,14,179,154,13,23
2024,06037296210,Census Tract 2962.10,Los Angeles,Los Angeles County,California,LosAngeles,851,112,6,12,60,44,27,26,145,71,21,27,92,65,121,72,64,49,271,103,44,47
2024,06037296220,Census Tract 2962.20,Los Angeles,Los Angeles County,California,LosAngeles,1955,195,79,84,33,32,249,179,115,97,295,138,189,149,330,156,237,159,402,197,26,52
2024,06037296300,Census Tract 2963,Los Angeles,Los Angeles County,California,LosAngeles,849,191,12,13,12,24,71,62,141,117,85,74,55,44,0,19,163,131,226,133,84,103
2024,06037296401,Census Tract 2964.01,Los Angeles,Los Angeles County,California,LosAngeles,179,99,15,23,0,14,0,14,12,18,32,38,0,14,0,14,19,22,101,75,0,14
2024,06037296402,Census Tract 2964.02,Los Angeles,Los Angeles County,California,LosAngeles,241,87,0,14,11,19,48,65,75,48,0,14,33,33,20,23,22,26,32,31,0,14
2024,06037296500,Census Tract 2965,Los Angeles,Los Angeles County,California,LosAngeles,784,146,54,82,0,14,226,127,55,52,129,93,23,28,14,19,56,53,202,86,25,27
2024,06037296600,Census Tract 2966,Los Angeles,Los Angeles County,California,LosAngeles,1682,360,56,91,39,45,157,105,154,94,85,59,46,42,125,108,145,100,795,392,80,94
2024,06037296901,Census Tract 2969.01,Los Angeles,Los Angeles County,California,LosAngeles,1314,203,49,57,43,51,195,164,127,91,185,107,74,62,53,45,129,85,393,140,66,44
2024,06037296902,Census Tract 2969.02,Los Angeles,Los Angeles County,California,LosAngeles,1242,141,36,31,88,69,132,85,75,56,60,72,42,39,109,89,104,67,587,160,9,14
2024,06037297001,Census Tract 2970.01,Los Angeles,Los Angeles County,California,LosAngeles,157,58,0,14,16,25,28,26,5,9,17,26,0,14,21,23,0,14,62,50,8,15
2024,06037297002,Census Tract 2970.02,Los Angeles,Los Angeles County,California,LosAngeles,879,170,37,34,72,49,169,116,226,144,48,37,18,29,54,61,28,29,216,116,11,19
2024,06037297110,Census Tract 2971.10,Los Angeles,Los Angeles County,California,LosAngeles,1265,201,40,58,43,34,116,80,180,113,135,101,157,92,53,59,165,138,326,96,50,41
2024,06037297120,Census Tract 2971.20,Los Angeles,Los Angeles County,California,LosAngeles,662,139,11,17,30,27,68,63,0,14,50,57,104,80,52,54,93,79,247,117,7,13
2024,06037297201,Census Tract 2972.01,Los Angeles,Los Angeles County,California,LosAngeles,889,180,43,49,46,39,83,54,123,85,69,60,36,43,43,58,117,119,306,141,23,28
2024,06037297202,Census Tract 2972.02,Los Angeles,Los Angeles County,California,LosAngeles,970,214,27,34,45,51,165,124,47,42,214,93,30,35,30,37,64,54,228,123,120,165
2024,06037297300,Census Tract 2973,Los Angeles,Los Angeles County,California,LosAngeles,376,67,9,13,11,12,0,14,29,34,91,49,33,24,59,39,73,45,54,42,17,24
2024,06037297400,Census Tract 2974,Los Angeles,Los Angeles County,California,LosAngeles,237,102,34,50,20,33,19,27,0,14,9,14,10,15,18,20,8,12,50,46,69,53
2024,06037297501,Census Tract 2975.01,Los Angeles,Los Angeles County,California,LosAngeles,203,83,0,14,54,61,8,15,40,41,21,25,10,16,0,14,22,34,42,40,6,15
2024,06037297502,Census Tract 2975.02,Los Angeles,Los Angeles County,California,LosAngeles,513,148,0,14,16,24,77,59,112,109,32,32,24,36,39,44,108,114,105,67,0,14
2024,06037297601,Census Tract 2976.01,Los Angeles,Los Angeles County,California,LosAngeles,1055,166,134,121,11,19,72,66,100,67,92,51,117,77,152,140,101,85,243,112,33,51
2024,06037297602,Census Tract 2976.02,Los Angeles,Los Angeles County,California,LosAngeles,1021,208,45,48,62,45,61,51,214,102,153,110,150,91,83,67,80,66,149,85,24,27
2024,06037301702,Census Tract 3017.02,Los Angeles,Los Angeles County,California,LosAngeles,1576,229,62,84,149,106,124,66,121,86,140,96,90,69,97,102,144,95,582,233,67,74
2024,06037320102,Census Tract 3201.02,Los Angeles,Los Angeles County,California,LosAngeles,271,92,0,14,10,12,4,7,18,21,40,34,10,15,39,30,13,19,106,70,31,37
2024,06037930400,Census Tract 9304,Los Angeles,Los Angeles County,California,LosAngeles,93,50,15,22,9,12,6,10,0,14,22,25,16,26,0,14,0,14,5,8,20,24
2024,06037980008,Census Tract 9800.08,Los Angeles,Los Angeles County,California,LosAngeles,25,31,0,14,5,7,0,14,0,14,0,14,0,14,0,14,0,14,20,33,0,14
2024,06037980009,Census Tract 9800.09,Los Angeles,Los Angeles County,California,LosAngeles,0,14,0,14,0,14,0,14,0,14,0,14,0,14,0,14,0,14,0,14,0,14
2024,06037980010,Census Tract 9800.10,Los Angeles,Los Angeles County,California,LosAngeles,68,29,0,14,4,6,4,7,6,8,0,14,0,14,0,14,16,19,34,38,4,7
2024,06037980014,Census Tract 9800.14,Los Angeles,Los Angeles County,California,LosAngeles,6,10,0,14,0,14,0,14,0,14,0,14,0,14,0,14,0,14,6,10,0,14
2024,06037980015,Census Tract 9800.15,Los Angeles,Los Angeles County,California,LosAngeles,492,76,12,28,0,14,35,28,51,40,98,66,62,38,58,35,95,42,81,47,0,14
2024,06037980017,Census Tract 9800.17,Los Angeles,Los Angeles County,California,LosAngeles,33,29,0,14,4,6,15,18,0,14,0,14,0,14,0,14,0,14,0,14,14,22
2024,06037980019,Census Tract 9800.19,Los Angeles,Los Angeles County,California,LosAngeles,19,17,0,14,0,14,0,14,7,11,0,14,0,14,0,14,0,14,12,12,0,14
2024,06037980020,Census Tract 9800.20,Los Angeles,Los Angeles County,California,LosAngeles,0,14,0,14,0,14,0,14,0,14,0,14,0,14,0,14,0,14,0,14,0,14
2024,06037980021,Census Tract 9800.21,Los Angeles,Los Angeles County,California,LosAngeles,0,14,0,14,0,14,0,14,0,14,0,14,0,14,0,14,0,14,0,14,0,14
2024,06037980022,Census Tract 9800.22,Los Angeles,Los Angeles County,California,LosAngeles,0,14,0,14,0,14,0,14,0,14,0,14,0,14,0,14,0,14,0,14,0,14
2024,06037980023,Census Tract 9800.23,Los Angeles,Los Angeles County,California,LosAngeles,0,14,0,14,0,14,0,14,0,14,0,14,0,14,0,14,0,14,0,14,0,14
2024,06037980024,Census Tract 9800.24,Los Angeles,Los Angeles County,California,LosAngeles,29,38,0,14,23,37,0,14,0,14,0,14,0,14,0,14,0,14,6,9,0,14
2024,06037980026,Census Tract 9800.26,Los Angeles,Los Angeles County,California,LosAngeles,5,7,0,14,0,14,0,14,0,14,0,14,0,14,0,14,0,14,5,7,0,14
2024,06037980028,Census Tract 9800.28,Los Angeles,Los Angeles County,California,LosAngeles,0,14,0,14,0,14,0,14,0,14,0,14,0,14,0,14,0,14,0,14,0,14
2024,06037980031,Census Tract 9800.31,Los Angeles,Los Angeles County,California,LosAngeles,5,7,0,14,0,14,5,7,0,14,0,14,0,14,0,14,0,14,0,14,0,14
2024,06037980039,Census Tract 9800.39,Los Angeles,Los Angeles County,California,LosAngeles,0,14,0,14,0,14,0,14,0,14,0,14,0,14,0,14,0,14,0,14,0,14
2024,06037990200,Census Tract 9902,Los Angeles,Los Angeles County,California,LosAngeles,0,14,0,14,0,14,0,14,0,14,0,14,0,14,0,14,0,14,0,14,0,14
2024,06037540000,Census Tract 5400,Lynwood,Los Angeles County,California,Lynwood,804,180,26,41,26,30,57,51,13,20,119,131,62,80,53,60,130,83,318,144,0,19
2024,06037540101,Census Tract 5401.01,Lynwood,Los Angeles County,California,Lynwood,446,135,0,19,39,51,0,19,54,52,82,63,40,41,63,64,58,55,110,89,0,19
2024,06037540102,Census Tract 5401.02,Lynwood,Los Angeles County,California,Lynwood,383,99,0,19,25,43,118,86,60,54,37,30,17,28,26,42,0,19,54,52,46,50
2024,06037540201,Census Tract 5402.01,Lynwood,Los Angeles County,California,Lynwood,438,67,8,11,9,14,44,39,41,38,55,44,74,42,45,39,76,43,67,40,19,25
2024,06037540202,Census Tract 5402.02,Lynwood,Los Angeles County,California,Lynwood,1156,156,0,19,52,67,73,73,191,104,125,88,142,82,149,107,48,60,356,153,20,32
2024,06037540203,Census Tract 5402.03,Lynwood,Los Angeles County,California,Lynwood,995,186,25,40,20,33,118,100,136,72,135,102,82,70,58,90,132,89,229,114,60,67
2024,06037540300,Census Tract 5403,Lynwood,Los Angeles County,California,Lynwood,495,152,0,14,51,65,52,66,45,58,24,39,55,57,76,75,75,74,100,76,17,22
2024,06037540501,Census Tract 5405.01,Lynwood,Los Angeles County,California,Lynwood,430,153,0,19,0,19,28,32,0,19,18,31,30,45,0,19,78,69,227,136,49,54
2024,06037540502,Census Tract 5405.02,Lynwood,Los Angeles County,California,Lynwood,1421,221,0,19,66,48,164,92,243,169,44,46,209,107,44,48,135,82,448,227,68,65
2024,06037541700,Census Tract 5417,Lynwood,Los Angeles County,California,Lynwood,325,121,0,19,52,48,67,76,41,49,30,44,0,19,0,19,41,51,94,64,0,19
2024,06037541801,Census Tract 5418.01,Lynwood,Los Angeles County,California,Lynwood,762,117,0,19,0,19,109,82,133,119,92,77,45,46,77,79,30,47,258,118,18,34
2024,06037541802,Census Tract 5418.02,Lynwood,Los Angeles County,California,Lynwood,380,110,0,19,18,28,15,24,0,19,8,15,39,41,15,26,55,57,199,95,31,43
2024,06037800406,Census Tract 8004.06,Malibu,Los Angeles County,California,Malibu,98,56,27,23,10,16,0,14,21,34,0,14,0,14,0,14,0,14,34,29,6,10
2024,06037800410,Census Tract 8004.10,Malibu,Los Angeles County,California,Malibu,141,70,11,15,7,11,0,14,15,19,5,8,9,14,0,14,19,31,24,25,51,41
2024,06037800411,Census Tract 8004.11,Malibu,Los Angeles County,California,Malibu,199,87,2,4,0,14,9,15,16,21,5,9,6,9,29,30,0,14,59,52,73,67
2024,06037800412,Census Tract 8004.12,Malibu,Los Angeles County,California,Malibu,227,110,15,25,14,22,26,43,27,35,11,18,0,14,0,14,0,14,64,61,70,67
2024,06037800504,Census Tract 8005.04,Malibu,Los Angeles County,California,Malibu,346,167,0,14,19,30,102,114,36,57,0,14,0,14,0,14,0,14,131,96,58,66
2024,06037800506,Census Tract 8005.06,Malibu,Los Angeles County,California,Malibu,276,118,11,19,0,14,59,50,43,40,11,17,0,14,0,14,25,28,127,89,0,14
2024,06037990100,Census Tract 9901,Malibu,Los Angeles County,California,Malibu,0,14,0,14,0,14,0,14,0,14,0,14,0,14,0,14,0,14,0,14,0,14
2024,06037990200,Census Tract 9902,Malibu,Los Angeles County,California,Malibu,0,14,0,14,0,14,0,14,0,14,0,14,0,14,0,14,0,14,0,14,0,14
2024,06037620201,Census Tract 6202.01,Manhattan Beach,Los Angeles County,California,ManhattanBeach,580,140,89,99,60,32,69,48,87,49,70,47,24,18,38,39,91,67,38,30,14,15
2024,06037620301,Census Tract 6203.01,Manhattan Beach,Los Angeles County,California,ManhattanBeach,180,106,6,10,9,16,0,14,13,21,7,11,0,14,0,14,14,23,131,98,0,14
2024,06037620303,Census Tract 6203.03,Manhattan Beach,Los Angeles County,California,ManhattanBeach,640,233,48,62,59,64,72,57,72,55,37,56,32,43,0,14,0,14,242,180,78,97
2024,06037620305,Census Tract 6203.05,Manhattan Beach,Los Angeles County,California,ManhattanBeach,1181,279,10,17,30,35,246,140,335,176,52,53,9,15,57,63,104,69,279,164,59,73
2024,06037620400,Census Tract 6204,Manhattan Beach,Los Angeles County,California,ManhattanBeach,690,168,0,19,84,95,205,119,46,51,95,128,109,136,35,39,18,29,98,77,0,19
2024,06037620801,Census Tract 6208.01,Manhattan Beach,Los Angeles County,California,ManhattanBeach,182,85,19,22,0,14,0,14,23,27,0,14,0,14,11,18,10,16,30,28,89,75
2024,06037620802,Census Tract 6208.02,Manhattan Beach,Los Angeles County,California,ManhattanBeach,617,362,54,82,7,12,252,334,138,84,28,21,11,18,32,34,37,60,48,45,10,16
2024,06037620901,Census Tract 6209.01,Manhattan Beach,Los Angeles County,California,ManhattanBeach,152,70,17,19,8,12,17,17,13,15,9,14,0,14,9,13,0,14,53,36,26,36
2024,06037620904,Census Tract 6209.04,Manhattan Beach,Los Angeles County,California,ManhattanBeach,485,146,3,9,108,67,60,61,18,21,42,51,97,78,0,14,12,18,90,67,55,51
2024,06037990200,Census Tract 9902,Manhattan Beach,Los Angeles County,California,ManhattanBeach,0,14,0,14,0,14,0,14,0,14,0,14,0,14,0,14,0,14,0,14,0,14
2024,06037274202,Census Tract 2742.02,Marina del Rey,Los Angeles County,California,MarinadelRey,1335,280,65,86,362,183,113,120,53,56,190,142,113,77,84,99,37,32,300,130,18,27
2024,06037702900,Census Tract 7029,Marina del Rey,Los Angeles County,California,MarinadelRey,5041,780,72,140,342,296,738,395,752,412,826,447,342,248,242,229,494,404,1176,510,57,111
2024,06037431300,Census Tract 4313,Mayflower Village,Los Angeles County,California,MayflowerVillage,377,111,16,20,7,10,68,78,31,30,49,36,58,52,20,34,6,9,99,54,23,23
2024,06037431400,Census Tract 4314,Mayflower Village,Los Angeles County,California,MayflowerVillage,352,147,0,14,17,26,0,14,50,48,98,98,29,28,0,14,42,39,116,99,0,14
2024,06037533300,Census Tract 5333,Maywood,Los Angeles County,California,Maywood,597,103,12,13,19,22,57,47,28,22,83,68,7,12,0,14,58,48,311,102,22,20
2024,06037533401,Census Tract 5334.01,Maywood,Los Angeles County,California,Maywood,935,173,7,16,62,62,134,65,53,61,260,150,59,48,47,38,36,41,249,149,28,36
2024,06037533402,Census Tract 5334.02,Maywood,Los Angeles County,California,Maywood,797,132,0,14,11,16,90,75,89,76,131,88,69,77,13,23,141,90,221,112,32,43
2024,06037533403,Census Tract 5334.03,Maywood,Los Angeles County,California,Maywood,448,85,12,14,30,37,76,50,5,8,68,53,18,21,50,45,87,59,99,69,3,7
2024,06037533701,Census Tract 5337.01,Maywood,Los Angeles County,California,Maywood,521,86,11,17,53,48,28,26,107,65,101,46,57,37,0,14,36,33,117,53,11,13
2024,06037533702,Census Tract 5337.02,Maywood,Los Angeles County,California,Maywood,713,106,0,14,120,69,103,82,54,48,56,41,29,32,44,36,37,39,270,67,0,14
2024,06037533703,Census Tract 5337.03,Maywood,Los Angeles County,California,Maywood,561,124,0,14,46,43,12,20,36,38,0,14,150,109,79,69,94,90,120,82,24,39
2024,06037430301,Census Tract 4303.01,Monrovia,Los Angeles County,California,Monrovia,297,146,19,25,7,10,77,87,26,41,92,83,36,41,0,14,9,14,27,43,4,9
2024,06037430302,Census Tract 4303.02,Monrovia,Los Angeles County,California,Monrovia,775,193,0,14,49,48,146,86,117,78,108,82,74,58,95,121,12,18,117,99,57,63
2024,06037430901,Census Tract 4309.01,Monrovia,Los Angeles County,California,Monrovia,1056,118,0,14,104,53,122,64,58,46,95,47,35,33,137,80,101,74,333,94,71,66
2024,06037430902,Census Tract 4309.02,Monrovia,Los Angeles County,California,Monrovia,1252,181,9,14,103,65,136,91,218,112,80,43,151,89,50,48,147,97,312,142,46,42
2024,06037431002,Census Tract 4310.02,Monrovia,Los Angeles County,California,Monrovia,535,93,36,32,30,35,13,19,10,15,17,21,25,22,76,48,100,80,208,78,20,32
2024,06037431003,Census Tract 4310.03,Monrovia,Los Angeles County,California,Monrovia,1104,274,0,14,218,285,107,62,125,82,104,78,68,51,56,56,58,57,335,149,33,35
2024,06037431004,Census Tract 4310.04,Monrovia,Los Angeles County,California,Monrovia,907,112,66,58,71,46,64,47,136,74,63,40,62,60,29,36,59,49,317,129,40,34
2024,06037431100,Census Tract 4311,Monrovia,Los Angeles County,California,Monrovia,1458,203,91,64,39,50,191,104,140,103,109,95,346,183,57,44,94,75,391,149,0,19
2024,06037431200,Census Tract 4312,Monrovia,Los Angeles County,California,Monrovia,519,154,0,19,185,132,58,48,75,67,64,60,23,36,23,36,0,19,60,55,31,35
2024,06037431300,Census Tract 4313,Monrovia,Los Angeles County,California,Monrovia,377,111,16,20,7,10,68,78,31,30,49,36,58,52,20,34,6,9,99,54,23,23
2024,06037431400,Census Tract 4314,Monrovia,Los Angeles County,California,Monrovia,352,147,0,14,17,26,0,14,50,48,98,98,29,28,0,14,42,39,116,99,0,14
2024,06037482522,Census Tract 4825.22,Montebello,Los Angeles County,California,Montebello,412,116,0,14,12,18,48,50,57,42,53,32,50,64,39,44,41,46,97,58,15,19
2024,06037530005,Census Tract 5300.05,Montebello,Los Angeles County,California,Montebello,178,117,5,9,0,14,8,14,0,14,0,14,0,14,0,14,17,27,36,27,112,117
2024,06037530006,Census Tract 5300.06,Montebello,Los Angeles County,California,Montebello,1261,199,34,39,24,28,172,144,152,85,147,69,144,79,136,91,118,74,301,141,33,39
2024,06037530007,Census Tract 5300.07,Montebello,Los Angeles County,California,Montebello,706,152,0,19,83,87,83,70,27,37,34,37,27,41,88,89,23,31,262,131,79,96
2024,06037530101,Census Tract 5301.01,Montebello,Los Angeles County,California,Montebello,1286,143,31,44,78,75,85,54,176,111,166,82,163,89,54,44,90,71,401,120,42,51
2024,06037530102,Census Tract 5301.02,Montebello,Los Angeles County,California,Montebello,985,193,88,96,34,28,35,28,89,54,77,48,97,74,21,31,197,152,266,104,81,64
2024,06037530202,Census Tract 5302.02,Montebello,Los Angeles County,California,Montebello,461,135,0,14,12,19,0,14,41,63,33,38,67,77,96,75,43,45,121,84,48,50
2024,06037530203,Census Tract 5302.03,Montebello,Los Angeles County,California,Montebello,689,87,4,6,15,20,78,65,24,27,15,21,62,44,88,63,158,96,232,93,13,14
2024,06037530204,Census Tract 5302.04,Montebello,Los Angeles County,California,Montebello,818,202,15,23,51,44,94,73,156,178,108,70,62,44,18,22,120,67,194,90,0,14
2024,06037531800,Census Tract 5318,Montebello,Los Angeles County,California,Montebello,1066,232,43,48,306,236,196,89,71,54,61,56,75,69,47,48,49,45,138,94,80,61
2024,06037531902,Census Tract 5319.02,Montebello,Los Angeles County,California,Montebello,542,141,9,17,66,65,46,47,111,93,41,39,9,15,90,72,30,47,133,74,7,11
2024,06037532001,Census Tract 5320.01,Montebello,Los Angeles County,California,Montebello,645,154,31,35,42,54,37,31,52,52,12,17,57,41,65,66,68,59,203,119,78,66
2024,06037532002,Census Tract 5320.02,Montebello,Los Angeles County,California,Montebello,592,105,0,14,64,65,115,68,117,69,40,31,53,38,3,11,26,26,157,63,17,20
2024,06037532101,Census Tract 5321.01,Montebello,Los Angeles County,California,Montebello,1368,258,0,19,153,82,58,59,41,47,127,90,168,195,115,84,166,106,522,200,18,37
2024,06037532102,Census Tract 5321.02,Montebello,Los Angeles County,California,Montebello,280,94,0,14,5,8,20,19,25,40,30,49,49,48,19,31,51,44,81,51,0,14
2024,06037532200,Census Tract 5322,Montebello,Los Angeles County,California,Montebello,1196,238,8,14,40,34,216,124,313,222,53,61,77,64,155,81,102,80,179,112,53,79
2024,06037481711,Census Tract 4817.11,Monterey Park,Los Angeles County,California,MontereyPark,1048,198,0,14,151,88,49,38,41,35,86,64,90,89,28,28,115,89,389,157,99,61
2024,06037481712,Census Tract 4817.12,Monterey Park,Los Angeles County,California,MontereyPark,1198,250,30,34,69,51,25,33,55,39,27,26,150,109,100,87,115,73,481,146,146,177
2024,06037481713,Census Tract 4817.13,Monterey Park,Los Angeles County,California,MontereyPark,715,176,8,13,93,59,97,87,74,86,35,34,30,41,10,15,65,46,187,92,116,81
2024,06037481714,Census Tract 4817.14,Monterey Park,Los Angeles County,California,MontereyPark,735,122,9,13,36,30,27,32,44,33,53,35,47,42,95,64,39,38,272,94,113,72
2024,06037482001,Census Tract 4820.01,Monterey Park,Los Angeles County,California,MontereyPark,125,66,0,14,38,40,18,21,0,14,0,14,6,11,4,13,0,14,31,37,28,34
2024,06037482002,Census Tract 4820.02,Monterey Park,Los Angeles County,California,MontereyPark,1211,208,36,45,29,42,95,84,123,94,187,147,164,138,51,46,115,96,327,189,84,86
2024,06037482101,Census Tract 4821.01,Monterey Park,Los Angeles County,California,MontereyPark,762,128,0,14,16,14,66,89,151,84,23,26,105,53,38,35,92,74,181,72,90,90
2024,06037482102,Census Tract 4821.02,Monterey Park,Los Angeles County,California,MontereyPark,236,89,0,14,16,14,36,29,48,51,41,39,39,48,14,15,10,12,14,11,18,17
2024,06037482201,Census Tract 4822.01,Monterey Park,Los Angeles County,California,MontereyPark,772,138,11,13,88,65,38,29,71,47,76,73,88,55,16,20,64,54,184,90,136,95
2024,06037482202,Census Tract 4822.02,Monterey Park,Los Angeles County,California,MontereyPark,1138,274,37,41,65,57,101,68,191,152,70,55,116,55,9,15,189,181,336,154,24,23
2024,06037482600,Census Tract 4826,Monterey Park,Los Angeles County,California,MontereyPark,531,220,0,19,38,46,58,53,11,17,26,42,0,19,14,23,93,71,237,193,54,48
2024,06037482701,Census Tract 4827.01,Monterey Park,Los Angeles County,California,MontereyPark,583,123,0,14,111,75,81,58,27,31,54,52,54,65,35,43,19,22,168,83,34,28
2024,06037482702,Census Tract 4827.02,Monterey Park,Los Angeles County,California,MontereyPark,213,89,8,11,20,20,0,14,5,8,42,42,0,14,28,37,40,29,27,22,43,60
2024,06037482801,Census Tract 4828.01,Monterey Park,Los Angeles County,California,MontereyPark,439,120,0,14,20,23,27,29,104,92,25,29,91,69,7,12,20,21,78,53,67,52
2024,06037530400,Census Tract 5304,Monterey Park,Los Angeles County,California,MontereyPark,873,149,17,24,126,89,60,51,94,79,90,70,25,25,33,44,93,59,211,106,124,79
2024,06037431502,Census Tract 4315.02,North El Monte,Los Angeles County,California,NorthElMonte,553,122,17,23,60,51,26,30,12,16,83,61,0,14,48,57,70,60,203,93,34,25
2024,06037550101,Census Tract 5501.01,Norwalk,Los Angeles County,California,Norwalk,116,80,7,12,33,52,23,38,23,34,17,25,0,14,5,9,0,14,0,14,8,14
2024,06037550201,Census Tract 5502.01,Norwalk,Los Angeles County,California,Norwalk,303,92,13,14,6,10,39,39,56,40,41,63,18,15,0,14,47,47,83,40,0,14
2024,06037550202,Census Tract 5502.02,Norwalk,Los Angeles County,California,Norwalk,271,153,61,97,0,19,13,21,45,42,55,69,0,19,0,19,0,19,97,88,0,19
2024,06037550301,Census Tract 5503.01,Norwalk,Los Angeles County,California,Norwalk,372,102,0,14,0,14,25,21,25,40,8,12,75,73,21,25,81,72,137,91,0,14
2024,06037551900,Census Tract 5519,Norwalk,Los Angeles County,California,Norwalk,157,69,0,19,31,47,0,19,25,25,15,26,12,22,0,19,17,25,48,49,9,14
2024,06037552001,Census Tract 5520.01,Norwalk,Los Angeles County,California,Norwalk,207,85,0,14,0,14,16,19,55,48,0,14,0,14,25,36,34,35,66,50,11,14
2024,06037552002,Census Tract 5520.02,Norwalk,Los Angeles County,California,Norwalk,521,114,0,14,27,30,24,26,94,76,108,87,60,43,7,11,27,42,90,59,84,61
2024,06037552100,Census Tract 5521,Norwalk,Los Angeles County,California,Norwalk,763,179,6,10,20,29,29,26,170,102,113,77,49,34,94,76,83,78,152,76,47,47
2024,06037552200,Census Tract 5522,Norwalk,Los Angeles County,California,Norwalk,1301,187,69,70,56,54,134,69,56,46,128,78,101,72,91,48,109,56,494,159,63,59
2024,06037552301,Census Tract 5523.01,Norwalk,Los Angeles County,California,Norwalk,274,112,0,14,0,14,42,57,24,40,27,24,36,46,8,16,67,70,35,37,35,46
2024,06037552302,Census Tract 5523.02,Norwalk,Los Angeles County,California,Norwalk,619,155,35,57,0,14,25,29,94,88,128,111,47,43,64,65,27,36,185,86,14,22
2024,06037552400,Census Tract 5524,Norwalk,Los Angeles County,California,Norwalk,49,31,2,5,0,14,0,14,4,7,0,14,0,14,7,12,12,15,21,24,3,4
2024,06037552601,Census Tract 5526.01,Norwalk,Los Angeles County,California,Norwalk,276,100,45,47,9,16,8,15,43,39,34,44,0,19,6,13,0,19,131,93,0,19
2024,06037552602,Census Tract 5526.02,Norwalk,Los Angeles County,California,Norwalk,503,102,0,14,29,38,116,69,54,46,84,62,7,11,0,14,16,27,197,93,0,14
2024,06037552700,Census Tract 5527,Norwalk,Los Angeles County,California,Norwalk,445,125,0,19,44,44,45,51,11,18,51,56,9,14,76,61,13,20,137,98,59,57
2024,06037552800,Census Tract 5528,Norwalk,Los Angeles County,California,Norwalk,485,107,23,36,10,15,103,88,58,73,8,12,35,31,61,51,33,43,139,91,15,22
2024,06037552900,Census Tract 5529,Norwalk,Los Angeles County,California,Norwalk,903,198,0,19,24,26,63,71,32,37,93,122,43,41,158,118,96,85,394,156,0,19
2024,06037553000,Census Tract 5530,Norwalk,Los Angeles County,California,Norwalk,108,71,0,19,9,15,0,19,92,73,0,19,0,19,0,19,0,19,0,19,7,13
2024,06037554600,Census Tract 5546,Norwalk,Los Angeles County,California,Norwalk,540,155,0,14,26,29,120,75,80,88,29,29,30,37,52,69,77,74,92,60,34,47
2024,06037554700,Census Tract 5547,Norwalk,Los Angeles County,California,Norwalk,148,80,17,19,13,21,31,51,0,14,7,11,0,14,14,23,3,4,53,51,10,15
2024,06037555300,Census Tract 5553,Norwalk,Los Angeles County,California,Norwalk,189,90,0,14,28,45,33,43,8,13,0,14,0,14,57,60,0,14,57,49,6,11
2024,06037577800,Census Tract 5778,Norwalk,Los Angeles County,California,Norwalk,174,131,0,14,5,9,7,11,73,105,15,20,66,79,0,14,0,14,8,14,0,14
2024,06037901218,Census Tract 9012.18,Palmdale,Los Angeles County,California,Palmdale,0,14,0,14,0,14,0,14,0,14,0,14,0,14,0,14,0,14,0,14,0,14
2024,06037910002,Census Tract 9100.02,Palmdale,Los Angeles County,California,Palmdale,494,217,10,16,0,19,16,24,6,14,14,21,0,19,0,19,120,124,224,185,104,133
2024,06037910210,Census Tract 9102.10,Palmdale,Los Angeles County,California,Palmdale,291,141,15,25,9,18,30,46,94,118,85,93,34,47,0,19,0,19,24,34,0,19
2024,06037910213,Census Tract 9102.13,Palmdale,Los Angeles County,California,Palmdale,134,101,52,84,0,14,22,24,0,14,25,42,0,14,0,14,29,27,6,9,0,14
2024,06037910214,Census Tract 9102.14,Palmdale,Los Angeles County,California,Palmdale,326,130,30,41,2,21,40,37,13,22,0,19,29,44,15,27,43,56,136,98,18,28
2024,06037910215,Census Tract 9102.15,Palmdale,Los Angeles County,California,Palmdale,604,200,0,19,7,11,27,31,152,99,83,92,0,19,0,19,41,55,234,151,60,90
2024,06037910216,Census Tract 9102.16,Palmdale,Los Angeles County,California,Palmdale,208,105,29,47,28,34,0,14,37,46,0,14,7,12,10,17,0,14,35,41,62,61
2024,06037910217,Census Tract 9102.17,Palmdale,Los Angeles County,California,Palmdale,158,168,7,15,15,23,0,19,0,19,0,19,0,19,0,19,9,15,118,164,9,16
2024,06037910218,Census Tract 9102.18,Palmdale,Los Angeles County,California,Palmdale,647,177,23,28,26,33,21,25,21,31,36,26,115,95,0,14,44,43,361,168,0,14
2024,06037910301,Census Tract 9103.01,Palmdale,Los Angeles County,California,Palmdale,382,320,183,300,31,39,8,13,25,29,8,13,0,14,0,14,0,14,69,68,58,64
2024,06037910302,Census Tract 9103.02,Palmdale,Los Angeles County,California,Palmdale,98,77,0,19,23,36,20,37,28,46,0,19,9,19,18,30,0,19,0,19,0,19
2024,06037910401,Census Tract 9104.01,Palmdale,Los Angeles County,California,Palmdale,1048,295,0,19,20,32,243,150,59,58,68,70,179,143,84,73,46,73,349,192,0,19
2024,06037910404,Census Tract 9104.04,Palmdale,Los Angeles County,California,Palmdale,585,148,15,23,43,56,75,59,11,17,92,82,36,44,0,14,119,81,147,82,47,52
2024,06037910405,Census Tract 9104.05,Palmdale,Los Angeles County,California,Palmdale,1266,152,0,19,41,49,78,60,170,85,84,59,47,44,38,38,81,57,605,141,122,86
2024,06037910501,Census Tract 9105.01,Palmdale,Los Angeles County,California,Palmdale,2054,202,61,61,44,67,121,87,152,111,401,162,156,100,186,123,113,70,727,224,93,77
2024,06037910502,Census Tract 9105.02,Palmdale,Los Angeles County,California,Palmdale,821,185,38,62,4,7,89,87,21,24,58,103,16,20,101,85,35,57,369,144,90,92
2024,06037910504,Census Tract 9105.04,Palmdale,Los Angeles County,California,Palmdale,429,143,0,14,9,16,61,64,18,30,73,72,52,75,67,68,35,40,114,94,0,14
2024,06037910505,Census Tract 9105.05,Palmdale,Los Angeles County,California,Palmdale,222,77,0,14,5,8,26,32,11,17,32,43,0,14,23,32,54,48,65,37,6,11
2024,06037910601,Census Tract 9106.01,Palmdale,Los Angeles County,California,Palmdale,509,196,38,59,107,109,24,39,39,49,0,19,78,60,37,39,0,19,143,104,43,53
2024,06037910602,Census Tract 9106.02,Palmdale,Los Angeles County,California,Palmdale,880,208,30,48,0,14,71,58,26,30,46,55,154,111,99,113,35,35,419,188,0,14
2024,06037910605,Census Tract 9106.05,Palmdale,Los Angeles County,California,Palmdale,477,154,63,74,0,14,44,49,38,35,52,58,53,61,21,32,5,10,165,97,36,55
2024,06037910606,Census Tract 9106.06,Palmdale,Los Angeles County,California,Palmdale,249,82,10,16,6,10,72,55,2,5,38,27,7,10,32,41,7,12,62,47,13,14
2024,06037910607,Census Tract 9106.07,Palmdale,Los Angeles County,California,Palmdale,603,158,0,14,34,43,61,68,40,53,206,132,15,23,0,14,59,54,161,101,27,38
2024,06037910608,Census Tract 9106.08,Palmdale,Los Angeles County,California,Palmdale,371,164,27,32,4,8,20,26,4,7,0,14,120,127,22,25,32,43,89,74,53,57
2024,06037910706,Census Tract 9107.06,Palmdale,Los Angeles County,California,Palmdale,323,111,0,19,14,24,0,19,32,36,0,19,43,47,17,23,78,71,115,72,24,34
2024,06037910707,Census Tract 9107.07,Palmdale,Los Angeles County,California,Palmdale,818,184,59,60,27,41,14,26,65,58,55,61,74,83,13,21,34,41,402,127,75,66
2024,06037910709,Census Tract 9107.09,Palmdale,Los Angeles County,California,Palmdale,94,55,0,14,0,14,0,14,8,11,0,14,0,14,0,14,0,14,17,25,69,47
2024,06037910712,Census Tract 9107.12,Palmdale,Los Angeles County,California,Palmdale,117,57,5,8,12,17,9,11,0,14,40,41,0,14,16,17,14,16,16,25,5,9
2024,06037910713,Census Tract 9107.13,Palmdale,Los Angeles County,California,Palmdale,283,157,0,19,0,19,0,19,7,11,12,21,31,37,19,30,0,19,93,71,121,137
2024,06037910714,Census Tract 9107.14,Palmdale,Los Angeles County,California,Palmdale,180,62,0,14,47,45,0,14,34,29,4,7,17,19,0,14,12,12,61,48,5,7
2024,06037910715,Census Tract 9107.15,Palmdale,Los Angeles County,California,Palmdale,344,155,0,19,0,19,6,11,9,15,0,19,0,19,11,15,50,46,268,154,0,19
2024,06037910716,Census Tract 9107.16,Palmdale,Los Angeles County,California,Palmdale,451,146,0,19,8,15,47,59,0,19,25,42,18,27,0,19,187,92,137,113,29,41
2024,06037910717,Census Tract 9107.17,Palmdale,Los Angeles County,California,Palmdale,112,68,0,14,0,14,11,20,0,14,0,14,16,24,0,14,69,61,4,7,12,20
2024,06037910718,Census Tract 9107.18,Palmdale,Los Angeles County,California,Palmdale,164,105,0,19,31,32,26,42,13,24,11,19,0,19,0,19,12,21,28,29,43,73
2024,06037910719,Census Tract 9107.19,Palmdale,Los Angeles County,California,Palmdale,220,186,0,14,0,14,0,14,0,14,93,135,0,14,0,14,65,111,62,64,0,14
2024,06037910720,Census Tract 9107.20,Palmdale,Los Angeles County,California,Palmdale,521,188,0,19,80,100,54,63,36,57,45,43,12,21,0,19,17,27,277,150,0,19
2024,06037910721,Census Tract 9107.21,Palmdale,Los Angeles County,California,Palmdale,560,406,0,14,0,14,0,14,98,85,25,42,0,14,8,13,288,412,141,100,0,14
2024,06037910815,Census Tract 9108.15,Palmdale,Los Angeles County,California,Palmdale,293,132,0,19,6,11,34,53,10,15,0,19,0,19,12,21,48,74,50,70,133,105
2024,06037911100,Census Tract 9111,Palmdale,Los Angeles County,California,Palmdale,857,209,39,52,9,13,97,85,41,31,97,117,68,107,103,102,120,85,204,124,79,85
2024,06037980004,Census Tract 9800.04,Palmdale,Los Angeles County,California,Palmdale,0,14,0,14,0,14,0,14,0,14,0,14,0,14,0,14,0,14,0,14,0,14
2024,06037670324,Census Tract 6703.24,Palos Verdes Estates,Los Angeles County,California,PalosVerdesEstates,358,141,14,22,2,10,15,25,10,19,28,34,0,19,13,21,104,106,137,73,35,39
2024,06037670326,Census Tract 6703.26,Palos Verdes Estates,Los Angeles County,California,PalosVerdesEstates,76,48,0,14,0,14,0,14,20,33,0,14,0,14,9,14,0,14,22,26,25,23
2024,06037670328,Census Tract 6703.28,Palos Verdes Estates,Los Angeles County,California,PalosVerdesEstates,76,54,0,14,0,14,0,14,0,14,0,14,0,14,14,22,0,14,44,45,18,21
2024,06037990200,Census Tract 9902,Palos Verdes Estates,Los Angeles County,California,PalosVerdesEstates,0,14,0,14,0,14,0,14,0,14,0,14,0,14,0,14,0,14,0,14,0,14
2024,06037553502,Census Tract 5535.02,Paramount,Los Angeles County,California,Paramount,670,195,114,129,21,23,86,77,51,56,91,98,12,20,46,62,85,78,164,97,0,14
2024,06037553503,Census Tract 5535.03,Paramount,Los Angeles County,California,Paramount,547,122,19,31,46,38,33,30,39,30,7,11,106,57,9,13,113,107,137,68,38,36
2024,06037553504,Census Tract 5535.04,Paramount,Los Angeles County,California,Paramount,456,115,0,14,0,14,68,79,8,15,65,56,31,31,17,27,124,93,137,77,6,9
2024,06037553601,Census Tract 5536.01,Paramount,Los Angeles County,California,Paramount,761,190,0,14,49,77,99,82,32,38,94,99,38,33,0,14,67,57,369,173,13,20
2024,06037553602,Census Tract 5536.02,Paramount,Los Angeles County,California,Paramount,904,221,0,19,24,39,35,37,74,66,270,143,85,67,59,67,153,107,204,176,0,19
2024,06037553701,Census Tract 5537.01,Paramount,Los Angeles County,California,Paramount,548,119,17,19,25,19,91,59,97,63,72,59,44,36,6,11,26,22,168,73,2,6
2024,06037553702,Census Tract 5537.02,Paramount,Los Angeles County,California,Paramount,593,136,8,14,18,29,114,65,52,45,76,61,0,14,9,15,61,58,215,97,40,33
2024,06037553801,Census Tract 5538.01,Paramount,Los Angeles County,California,Paramount,737,132,11,21,29,33,65,67,9,15,56,47,85,93,53,78,129,89,265,117,35,31
2024,06037553802,Census Tract 5538.02,Paramount,Los Angeles County,California,Paramount,1107,223,0,19,0,19,130,85,114,97,114,109,140,124,91,85,107,113,272,134,139,130
2024,06037553901,Census Tract 5539.01,Paramount,Los Angeles County,California,Paramount,875,201,10,14,30,33,68,83,204,162,76,77,100,80,58,60,100,72,206,97,23,34
2024,06037553902,Census Tract 5539.02,Paramount,Los Angeles County,California,Paramount,1140,186,0,19,102,112,65,65,121,87,211,105,134,93,120,99,77,62,283,157,27,45
2024,06037460001,Census Tract 4600.01,Pasadena,Los Angeles County,California,Pasadena,62,42,11,17,0,14,28,30,0,14,0,14,6,8,0,14,0,14,17,24,0,14
2024,06037460002,Census Tract 4600.02,Pasadena,Los Angeles County,California,Pasadena,131,77,0,14,0,14,16,20,11,19,0,14,21,20,0,14,10,15,58,69,15,22
2024,06037460101,Census Tract 4601.01,Pasadena,Los Angeles County,California,Pasadena,151,75,0,19,17,28,0,19,0,19,31,29,13,22,29,34,0,19,53,50,8,20
2024,06037460401,Census Tract 4604.01,Pasadena,Los Angeles County,California,Pasadena,138,48,0,14,6,8,35,30,0,14,9,10,28,30,19,31,31,33,10,11,0,14
2024,06037460800,Census Tract 4608,Pasadena,Los Angeles County,California,Pasadena,123,65,0,14,0,14,36,41,26,37,0,14,8,14,0,14,0,14,32,30,21,26
2024,06037460900,Census Tract 4609,Pasadena,Los Angeles County,California,Pasadena,718,186,14,21,86,102,79,60,91,86,76,109,19,16,37,37,52,65,240,126,24,32
2024,06037461300,Census Tract 4613,Pasadena,Los Angeles County,California,Pasadena,900,291,0,19,60,67,191,178,8,13,152,106,44,61,54,85,70,79,247,137,74,86
2024,06037461400,Census Tract 4614,Pasadena,Los Angeles County,California,Pasadena,670,135,11,14,26,22,74,62,51,38,85,68,176,82,50,38,20,21,151,74,26,27
2024,06037461501,Census Tract 4615.01,Pasadena,Los Angeles County,California,Pasadena,524,129,3,7,11,16,77,39,27,26,63,61,20,24,25,24,125,82,156,100,17,24
2024,06037461502,Census Tract 4615.02,Pasadena,Los Angeles County,California,Pasadena,847,172,33,38,101,57,49,40,44,35,84,64,65,49,92,79,49,51,256,124,74,61
2024,06037461600,Census Tract 4616,Pasadena,Los Angeles County,California,Pasadena,1025,229,25,35,39,32,36,33,140,132,17,26,39,38,42,44,142,82,386,105,159,140
2024,06037461700,Census Tract 4617,Pasadena,Los Angeles County,California,Pasadena,85,41,5,8,0,14,8,11,0,14,5,7,14,14,0,14,5,8,44,29,4,7
2024,06037461901,Census Tract 4619.01,Pasadena,Los Angeles County,California,Pasadena,1341,202,25,23,88,61,112,63,117,87,192,161,73,44,102,81,244,114,382,115,6,10
2024,06037461902,Census Tract 4619.02,Pasadena,Los Angeles County,California,Pasadena,1356,149,34,26,83,65,156,74,204,77,176,98,117,58,105,79,63,48,312,126,106,76
2024,06037462001,Census Tract 4620.01,Pasadena,Los Angeles County,California,Pasadena,856,198,76,68,92,86,19,25,162,156,64,63,0,14,81,85,38,41,302,132,22,38
2024,06037462002,Census Tract 4620.02,Pasadena,Los Angeles County,California,Pasadena,997,196,34,39,47,43,4,9,41,35,110,70,112,87,160,180,129,77,322,118,38,34
2024,06037462100,Census Tract 4621,Pasadena,Los Angeles County,California,Pasadena,963,169,43,38,27,38,164,102,138,79,133,78,127,77,18,31,36,32,186,82,91,84
2024,06037462201,Census Tract 4622.01,Pasadena,Los Angeles County,California,Pasadena,1887,178,21,24,91,65,181,75,61,40,270,92,249,105,130,81,196,148,606,132,82,73
2024,06037462202,Census Tract 4622.02,Pasadena,Los Angeles County,California,Pasadena,1571,161,15,21,107,64,130,79,268,103,159,73,104,76,90,61,77,73,431,113,190,110
2024,06037462301,Census Tract 4623.01,Pasadena,Los Angeles County,California,Pasadena,1376,161,10,14,103,61,223,98,184,95,124,72,84,57,74,62,187,88,378,158,9,13
2024,06037462302,Census Tract 4623.02,Pasadena,Los Angeles County,California,Pasadena,1353,237,13,15,55,50,221,126,163,83,194,82,123,87,94,71,127,145,321,154,42,35
2024,06037462400,Census Tract 4624,Pasadena,Los Angeles County,California,Pasadena,501,125,0,14,17,20,79,57,118,68,66,53,22,34,11,15,12,15,132,60,44,56
2024,06037462500,Census Tract 4625,Pasadena,Los Angeles County,California,Pasadena,726,221,20,33,22,36,144,105,22,36,102,80,50,61,183,168,39,44,118,98,26,41
2024,06037462600,Census Tract 4626,Pasadena,Los Angeles County,California,Pasadena,280,85,0,14,57,36,57,66,39,28,32,30,33,35,0,14,0,14,29,31,33,30
2024,06037462700,Census Tract 4627,Pasadena,Los Angeles County,California,Pasadena,1714,285,17,30,53,53,173,148,122,100,201,166,232,113,145,108,155,144,523,289,93,78
2024,06037462800,Census Tract 4628,Pasadena,Los Angeles County,California,Pasadena,727,135,64,53,73,49,93,56,99,104,19,31,119,65,46,53,38,37,139,80,37,33
2024,06037462900,Census Tract 4629,Pasadena,Los Angeles County,California,Pasadena,241,101,0,14,3,11,83,52,25,23,17,20,63,66,13,21,0,14,25,31,12,15
2024,06037463000,Census Tract 4630,Pasadena,Los Angeles County,California,Pasadena,570,147,0,14,25,29,66,47,129,79,59,56,32,36,107,100,15,22,137,77,0,14
2024,06037463103,Census Tract 4631.03,Pasadena,Los Angeles County,California,Pasadena,578,154,17,25,0,19,60,48,36,32,74,94,17,28,23,34,66,57,242,108,43,39
2024,06037463200,Census Tract 4632,Pasadena,Los Angeles County,California,Pasadena,618,133,14,17,28,33,59,37,44,41,59,46,32,36,115,80,55,44,154,93,58,58
2024,06037463400,Census Tract 4634,Pasadena,Los Angeles County,California,Pasadena,1396,322,42,46,61,64,211,126,277,182,12,23,134,72,39,36,95,96,509,209,16,26
2024,06037463500,Census Tract 4635,Pasadena,Los Angeles County,California,Pasadena,1778,234,39,45,73,57,246,113,284,160,120,65,130,83,82,89,254,118,493,198,57,60
2024,06037463601,Census Tract 4636.01,Pasadena,Los Angeles County,California,Pasadena,2899,337,146,121,215,104,148,107,470,180,412,177,271,169,131,85,219,160,569,202,318,197
2024,06037463602,Census Tract 4636.02,Pasadena,Los Angeles County,California,Pasadena,2840,421,53,37,307,159,322,133,421,332,414,166,219,160,242,136,285,144,415,157,162,108
2024,06037463700,Census Tract 4637,Pasadena,Los Angeles County,California,Pasadena,1194,233,23,29,88,68,266,147,200,105,211,136,45,42,82,60,91,91,170,90,18,27
2024,06037463800,Census Tract 4638,Pasadena,Los Angeles County,California,Pasadena,151,70,11,17,25,28,9,14,17,21,28,32,0,14,0,14,0,14,49,45,12,18
2024,06037463900,Census Tract 4639,Pasadena,Los Angeles County,California,Pasadena,598,123,9,14,76,64,55,34,105,71,33,39,43,42,32,27,140,81,92,50,13,15
2024,06037464000,Census Tract 4640,Pasadena,Los Angeles County,California,Pasadena,1001,247,11,18,62,50,107,69,231,128,185,137,91,79,94,114,21,26,95,88,104,102
2024,06037800410,Census Tract 8004.10,Pepperdine University,Los Angeles County,California,PepperdineUniversity,141,70,11,15,7,11,0,14,15,19,5,8,9,14,0,14,19,31,24,25,51,41
2024,06037500300,Census Tract 5003,Pico Rivera,Los Angeles County,California,PicoRivera,159,78,0,14,0,14,38,35,7,13,0,14,11,18,0,14,19,27,57,55,27,22
2024,06037500402,Census Tract 5004.02,Pico Rivera,Los Angeles County,California,PicoRivera,653,152,0,14,48,66,99,72,12,20,48,48,20,28,83,77,119,90,101,72,123,73
2024,06037500403,Census Tract 5004.03,Pico Rivera,Los Angeles County,California,PicoRivera,9,17,0,14,0,14,0,14,0,14,0,14,0,14,0,14,0,14,9,17,0,14
2024,06037500404,Census Tract 5004.04,Pico Rivera,Los Angeles County,California,PicoRivera,184,85,9,14,8,13,48,51,39,61,0,14,0,14,6,12,51,56,19,31,4,8
2024,06037500500,Census Tract 5005,Pico Rivera,Los Angeles County,California,PicoRivera,255,97,15,23,0,14,12,9,0,14,21,33,0,14,31,35,24,30,76,52,76,57
2024,06037500600,Census Tract 5006,Pico Rivera,Los Angeles County,California,PicoRivera,348,127,0,19,9,13,36,44,22,35,13,20,47,46,0,19,32,36,115,85,74,62
2024,06037500700,Census Tract 5007,Pico Rivera,Los Angeles County,California,PicoRivera,372,112,19,30,72,55,76,71,15,23,16,20,16,25,0,19,41,38,108,69,9,17
2024,06037500800,Census Tract 5008,Pico Rivera,Los Angeles County,California,PicoRivera,314,126,0,19,19,21,48,34,9,14,0,19,17,16,120,103,12,17,89,83,0,19
2024,06037500900,Census Tract 5009,Pico Rivera,Los Angeles County,California,PicoRivera,925,347,0,19,28,40,82,98,20,23,53,56,299,289,21,32,10,16,370,190,42,38
2024,06037502401,Census Tract 5024.01,Pico Rivera,Los Angeles County,California,PicoRivera,395,170,0,14,4,8,64,55,21,32,38,36,112,86,0,14,92,123,39,46,25,28
2024,06037502402,Census Tract 5024.02,Pico Rivera,Los Angeles County,California,PicoRivera,116,52,0,14,0,14,25,23,0,14,4,7,11,13,0,14,13,22,35,35,28,29
2024,06037502500,Census Tract 5025,Pico Rivera,Los Angeles County,California,PicoRivera,391,133,7,10,45,45,47,46,20,26,59,58,19,17,13,20,10,16,91,46,80,106
2024,06037502602,Census Tract 5026.02,Pico Rivera,Los Angeles County,California,PicoRivera,794,135,39,61,0,14,37,34,53,62,91,74,91,72,139,84,115,79,165,80,64,71
2024,06037502603,Census Tract 5026.03,Pico Rivera,Los Angeles County,California,PicoRivera,77,46,0,14,0,14,16,22,0,14,0,14,0,14,0,14,27,27,34,30,0,14
2024,06037502604,Census Tract 5026.04,Pico Rivera,Los Angeles County,California,PicoRivera,149,56,0,14,18,29,0,14,35,31,20,23,21,28,8,13,32,29,15,21,0,14
2024,06037401303,Census Tract 4013.03,Pomona,Los Angeles County,California,Pomona,126,83,0,14,0,14,0,14,6,13,0,14,21,33,0,14,0,14,48,34,51,69
2024,06037401706,Census Tract 4017.06,Pomona,Los Angeles County,California,Pomona,1224,220,61,68,58,52,125,86,161,97,89,60,111,70,61,60,115,110,415,182,28,31
2024,06037401707,Census Tract 4017.07,Pomona,Los Angeles County,California,Pomona,1180,216,0,19,37,43,83,72,109,128,61,45,24,28,213,124,60,69,546,177,47,43
2024,06037402101,Census Tract 4021.01,Pomona,Los Angeles County,California,Pomona,251,101,0,14,0,14,62,54,20,28,52,42,43,53,13,22,6,10,30,34,25,31
2024,06037402102,Census Tract 4021.02,Pomona,Los Angeles County,California,Pomona,391,140,0,14,70,68,14,21,66,76,0,14,70,59,0,14,0,14,131,86,40,47
2024,06037402200,Census Tract 4022,Pomona,Los Angeles County,California,Pomona,775,206,42,47,0,19,63,76,16,21,156,113,74,70,54,65,53,68,262,156,55,70
2024,06037402301,Census Tract 4023.01,Pomona,Los Angeles County,California,Pomona,586,148,0,19,34,48,55,43,117,76,0,19,37,37,28,43,25,29,236,111,54,59
2024,06037402303,Census Tract 4023.03,Pomona,Los Angeles County,California,Pomona,664,122,0,14,11,19,36,33,94,69,56,42,124,81,66,57,43,33,221,94,13,20
2024,06037402304,Census Tract 4023.04,Pomona,Los Angeles County,California,Pomona,796,132,7,12,92,71,69,73,44,34,99,68,81,53,77,65,12,19,293,95,22,25
2024,06037402403,Census Tract 4024.03,Pomona,Los Angeles County,California,Pomona,266,143,23,26,0,14,59,95,22,34,0,14,42,47,0,14,36,33,77,61,7,22
2024,06037402404,Census Tract 4024.04,Pomona,Los Angeles County,California,Pomona,4,6,0,14,0,14,0,14,0,14,0,14,0,14,0,14,0,14,0,14,4,6
2024,06037402405,Census Tract 4024.05,Pomona,Los Angeles County,California,Pomona,74,43,0,14,0,14,6,10,0,14,9,10,0,14,5,9,22,30,27,25,5,9
2024,06037402406,Census Tract 4024.06,Pomona,Los Angeles County,California,Pomona,484,125,0,14,14,19,16,19,42,50,31,38,40,39,33,44,65,47,201,90,42,64
2024,06037402501,Census Tract 4025.01,Pomona,Los Angeles County,California,Pomona,1086,165,27,33,175,124,43,48,92,64,122,66,94,69,36,35,112,59,350,118,35,31
2024,06037402503,Census Tract 4025.03,Pomona,Los Angeles County,California,Pomona,794,158,7,12,20,18,134,128,8,13,102,76,136,90,117,99,56,55,204,112,10,12
2024,06037402504,Census Tract 4025.04,Pomona,Los Angeles County,California,Pomona,442,124,0,14,10,16,0,14,65,48,8,11,34,36,6,8,0,14,245,81,74,78
2024,06037402601,Census Tract 4026.01,Pomona,Los Angeles County,California,Pomona,426,70,0,14,37,43,37,36,55,43,36,34,53,44,0,14,35,38,147,76,26,24
2024,06037402602,Census Tract 4026.02,Pomona,Los Angeles County,California,Pomona,1363,487,62,64,13,28,87,72,368,281,112,106,106,108,113,89,67,91,172,97,263,354
2024,06037402702,Census Tract 4027.02,Pomona,Los Angeles County,California,Pomona,937,153,30,35,52,48,50,52,107,74,102,71,39,40,13,21,166,80,327,137,51,60
2024,06037402703,Census Tract 4027.03,Pomona,Los Angeles County,California,Pomona,458,159,18,21,7,11,0,19,24,29,31,47,52,62,21,33,139,146,136,71,30,48
2024,06037402705,Census Tract 4027.05,Pomona,Los Angeles County,California,Pomona,147,65,0,14,32,26,46,40,8,13,5,9,5,8,0,14,0,14,41,41,10,16
2024,06037402706,Census Tract 4027.06,Pomona,Los Angeles County,California,Pomona,235,92,0,14,0,14,88,79,0,14,14,25,0,14,0,14,7,11,91,66,35,51
2024,06037402801,Census Tract 4028.01,Pomona,Los Angeles County,California,Pomona,750,180,0,14,32,40,39,45,121,99,64,59,24,39,131,94,95,82,235,115,9,13
2024,06037402803,Census Tract 4028.03,Pomona,Los Angeles County,California,Pomona,379,89,14,20,12,13,38,32,26,25,61,41,6,8,46,34,42,33,134,70,0,14
2024,06037402804,Census Tract 4028.04,Pomona,Los Angeles County,California,Pomona,684,141,0,14,29,26,11,17,107,114,87,65,39,33,71,43,110,84,225,84,5,9
2024,06037402902,Census Tract 4029.02,Pomona,Los Angeles County,California,Pomona,828,149,33,52,53,51,127,67,83,67,58,50,130,78,84,67,61,53,112,78,87,74
2024,06037402903,Census Tract 4029.03,Pomona,Los Angeles County,California,Pomona,483,129,0,14,30,31,73,60,65,50,83,55,17,20,54,45,22,33,88,49,51,84
2024,06037402904,Census Tract 4029.04,Pomona,Los Angeles County,California,Pomona,233,106,21,20,13,19,0,14,35,30,0,14,5,7,5,8,61,72,87,75,6,9
2024,06037403000,Census Tract 4030,Pomona,Los Angeles County,California,Pomona,337,99,0,19,11,17,81,72,0,19,65,56,0,19,0,19,70,61,83,53,27,25
2024,06037403316,Census Tract 4033.16,Pomona,Los Angeles County,California,Pomona,634,212,0,19,0,19,19,30,27,32,120,148,40,38,0,19,28,32,372,152,28,31
2024,06037403317,Census Tract 4033.17,Pomona,Los Angeles County,California,Pomona,179,74,0,19,10,17,39,45,22,25,0,19,18,28,0,19,24,29,29,41,37,39
2024,06037403318,Census Tract 4033.18,Pomona,Los Angeles County,California,Pomona,379,169,21,33,21,29,19,31,0,19,22,38,43,52,0,19,0,19,95,70,158,150
2024,06037403327,Census Tract 4033.27,Pomona,Los Angeles County,California,Pomona,51,32,0,14,0,14,24,25,13,17,6,11,0,14,0,14,0,14,8,14,0,14
2024,06037408800,Census Tract 4088,Pomona,Los Angeles County,California,Pomona,1632,226,0,14,103,113,55,47,205,98,120,61,73,55,207,114,224,91,554,206,91,89
2024,06037409000,Census Tract 4090,Pomona,Los Angeles County,California,Pomona,1218,295,0,19,46,68,50,52,189,269,297,162,93,110,36,46,128,105,289,163,90,81
2024,06037901013,Census Tract 9010.13,Quartz Hill,Los Angeles County,California,QuartzHill,231,141,0,14,0,14,65,82,0,14,18,29,13,23,0,14,18,28,117,89,0,14
2024,06037901101,Census Tract 9011.01,Quartz Hill,Los Angeles County,California,QuartzHill,453,147,22,26,59,51,82,85,103,76,16,28,0,19,52,59,15,25,104,85,0,19
2024,06037901102,Census Tract 9011.02,Quartz Hill,Los Angeles County,California,QuartzHill,527,207,58,64,0,19,8,13,105,78,14,21,32,53,0,19,18,27,175,90,117,134
2024,06037910211,Census Tract 9102.11,Quartz Hill,Los Angeles County,California,QuartzHill,88,81,0,14,0,14,8,12,0,14,44,71,0,14,4,9,26,34,6,9,0,14
2024,06037910301,Census Tract 9103.01,Quartz Hill,Los Angeles County,California,QuartzHill,382,320,183,300,31,39,8,13,25,29,8,13,0,14,0,14,0,14,69,68,58,64
2024,06037670328,Census Tract 6703.28,Rancho Palos Verdes,Los Angeles County,California,RanchoPalosVerdes,76,54,0,14,0,14,0,14,0,14,0,14,0,14,14,22,0,14,44,45,18,21
2024,06037670405,Census Tract 6704.05,Rancho Palos Verdes,Los Angeles County,California,RanchoPalosVerdes,285,77,0,14,0,14,32,32,46,47,63,54,0,14,18,21,0,14,87,58,39,50
2024,06037670407,Census Tract 6704.07,Rancho Palos Verdes,Los Angeles County,California,RanchoPalosVerdes,1034,273,15,23,41,66,158,123,170,117,226,181,34,39,74,92,41,51,145,80,130,96
2024,06037670413,Census Tract 6704.13,Rancho Palos Verdes,Los Angeles County,California,RanchoPalosVerdes,378,101,0,14,34,37,44,37,22,18,16,25,42,32,48,46,65,56,75,39,32,30
2024,06037670416,Census Tract 6704.16,Rancho Palos Verdes,Los Angeles County,California,RanchoPalosVerdes,578,202,0,14,46,48,67,57,78,42,23,20,55,68,71,59,125,150,101,76,12,20
2024,06037670417,Census Tract 6704.17,Rancho Palos Verdes,Los Angeles County,California,RanchoPalosVerdes,182,66,0,14,4,7,11,15,35,37,42,32,3,5,0,14,32,32,55,37,0,14
2024,06037670418,Census Tract 6704.18,Rancho Palos Verdes,Los Angeles County,California,RanchoPalosVerdes,120,57,14,20,0,14,0,14,15,17,0,14,8,13,14,21,18,19,13,19,38,42
2024,06037670603,Census Tract 6706.03,Rancho Palos Verdes,Los Angeles County,California,RanchoPalosVerdes,34,32,0,14,0,14,0,14,15,22,7,11,0,14,0,14,0,14,12,17,0,14
2024,06037670604,Census Tract 6706.04,Rancho Palos Verdes,Los Angeles County,California,RanchoPalosVerdes,251,129,23,37,0,14,29,35,46,43,34,40,36,42,45,65,20,36,0,14,18,31
2024,06037670701,Census Tract 6707.01,Rancho Palos Verdes,Los Angeles County,California,RanchoPalosVerdes,119,74,17,27,0,19,0,19,35,41,33,38,0,19,0,19,0,19,34,42,0,19
2024,06037670702,Census Tract 6707.02,Rancho Palos Verdes,Los Angeles County,California,RanchoPalosVerdes,142,108,0,19,0,19,61,71,0,19,0,19,0,19,64,68,0,19,7,17,10,16
2024,06037990200,Census Tract 9902,Rancho Palos Verdes,Los Angeles County,California,RanchoPalosVerdes,0,14,0,14,0,14,0,14,0,14,0,14,0,14,0,14,0,14,0,14,0,14
2024,06037990300,Census Tract 9903,Rancho Palos Verdes,Los Angeles County,California,RanchoPalosVerdes,0,14,0,14,0,14,0,14,0,14,0,14,0,14,0,14,0,14,0,14,0,14
2024,06037620501,Census Tract 6205.01,Redondo Beach,Los Angeles County,California,RedondoBeach,817,182,21,32,92,85,49,46,228,136,84,56,90,96,55,65,55,63,143,95,0,19
2024,06037620521,Census Tract 6205.21,Redondo Beach,Los Angeles County,California,RedondoBeach,869,190,16,24,20,30,185,74,98,63,205,130,48,40,72,61,14,19,188,82,23,26
2024,06037620522,Census Tract 6205.22,Redondo Beach,Los Angeles County,California,RedondoBeach,806,120,23,23,130,73,93,62,83,65,133,63,78,50,38,33,59,45,147,70,22,20
2024,06037620601,Census Tract 6206.01,Redondo Beach,Los Angeles County,California,RedondoBeach,1144,195,17,29,61,50,117,86,340,192,37,39,140,112,123,108,137,95,132,84,40,56
2024,06037620602,Census Tract 6206.02,Redondo Beach,Los Angeles County,California,RedondoBeach,619,170,12,24,93,81,156,87,55,50,87,106,38,48,32,50,77,76,69,88,0,19
2024,06037620701,Census Tract 6207.01,Redondo Beach,Los Angeles County,California,RedondoBeach,1396,293,177,105,133,108,288,150,236,120,59,44,44,41,14,22,148,155,287,161,10,17
2024,06037620703,Census Tract 6207.03,Redondo Beach,Los Angeles County,California,RedondoBeach,246,97,0,14,39,47,87,65,0,14,51,49,0,14,41,37,12,19,16,25,0,14
2024,06037620704,Census Tract 6207.04,Redondo Beach,Los Angeles County,California,RedondoBeach,308,66,30,35,19,31,21,26,34,32,80,52,25,29,11,17,32,29,56,41,0,14
2024,06037621201,Census Tract 6212.01,Redondo Beach,Los Angeles County,California,RedondoBeach,1405,312,148,117,79,66,216,120,179,93,201,150,73,71,61,56,192,219,256,131,0,19
2024,06037621204,Census Tract 6212.04,Redondo Beach,Los Angeles County,California,RedondoBeach,1285,257,21,24,36,40,85,55,128,75,91,54,214,157,95,63,163,119,357,116,95,82
2024,06037621301,Census Tract 6213.01,Redondo Beach,Los Angeles County,California,RedondoBeach,883,193,0,19,71,66,106,83,116,110,84,79,97,74,13,22,75,99,289,153,32,37
2024,06037621324,Census Tract 6213.24,Redondo Beach,Los Angeles County,California,RedondoBeach,1242,304,69,72,112,84,138,103,80,52,122,106,106,108,229,180,71,63,254,117,61,78
2024,06037621326,Census Tract 6213.26,Redondo Beach,Los Angeles County,California,RedondoBeach,1366,218,75,46,149,75,179,74,87,41,127,82,26,27,182,200,197,103,254,102,90,73
2024,06037621400,Census Tract 6214,Redondo Beach,Los Angeles County,California,RedondoBeach,819,210,38,54,55,45,150,103,57,60,126,99,85,81,16,26,47,43,232,144,13,21
2024,06037990200,Census Tract 9902,Redondo Beach,Los Angeles County,California,RedondoBeach,0,14,0,14,0,14,0,14,0,14,0,14,0,14,0,14,0,14,0,14,0,14
2024,06037670500,Census Tract 6705,Rolling Hills (Los Angeles County),Los Angeles County,California,RollingHills(LosAngelesCounty),36,30,0,14,0,14,28,29,0,14,0,14,0,14,0,14,0,14,0,14,8,8
2024,06037670201,Census Tract 6702.01,Rolling Hills Estates,Los Angeles County,California,RollingHillsEstates,439,138,5,10,18,30,94,94,74,55,5,9,33,41,58,63,34,53,34,33,84,85
2024,06037670202,Census Tract 6702.02,Rolling Hills Estates,Los Angeles County,California,RollingHillsEstates,71,42,0,14,0,14,0,14,17,22,14,16,5,8,0,14,6,9,29,26,0,14
2024,06037670405,Census Tract 6704.05,Rolling Hills Estates,Los Angeles County,California,RollingHillsEstates,285,77,0,14,0,14,32,32,46,47,63,54,0,14,18,21,0,14,87,58,39,50
2024,06037670406,Census Tract 6704.06,Rolling Hills Estates,Los Angeles County,California,RollingHillsEstates,72,44,0,14,0,14,19,22,16,18,4,7,29,35,0,14,4,6,0,14,0,14
2024,06037670417,Census Tract 6704.17,Rolling Hills Estates,Los Angeles County,California,RollingHillsEstates,182,66,0,14,4,7,11,15,35,37,42,32,3,5,0,14,32,32,55,37,0,14
2024,06037670702,Census Tract 6707.02,Rolling Hills Estates,Los Angeles County,California,RollingHillsEstates,142,108,0,19,0,19,61,71,0,19,0,19,0,19,64,68,0,19,7,17,10,16
2024,06037500300,Census Tract 5003,Rose Hills,Los Angeles County,California,RoseHills,159,78,0,14,0,14,38,35,7,13,0,14,11,18,0,14,19,27,57,55,27,22
2024,06037432201,Census Tract 4322.01,Rosemead,Los Angeles County,California,Rosemead,543,242,52,70,25,27,18,23,59,53,14,16,239,210,0,14,11,17,116,62,9,15
2024,06037432202,Census Tract 4322.02,Rosemead,Los Angeles County,California,Rosemead,428,133,0,14,30,42,47,53,108,66,65,59,8,12,10,16,24,27,87,73,49,52
2024,06037432901,Census Tract 4329.01,Rosemead,Los Angeles County,California,Rosemead,797,123,0,14,91,77,65,70,43,43,84,62,61,53,67,52,39,52,324,132,23,31
2024,06037432902,Census Tract 4329.02,Rosemead,Los Angeles County,California,Rosemead,249,51,9,13,26,30,30,25,35,26,3,5,15,17,5,8,64,38,56,38,6,8
2024,06037433601,Census Tract 4336.01,Rosemead,Los Angeles County,California,Rosemead,821,152,33,32,0,14,122,79,51,34,92,90,0,14,122,81,85,76,153,92,163,80
2024,06037433602,Census Tract 4336.02,Rosemead,Los Angeles County,California,Rosemead,408,92,0,14,0,14,60,37,56,39,0,14,51,36,19,19,31,23,171,87,20,24
2024,06037481300,Census Tract 4813,Rosemead,Los Angeles County,California,Rosemead,344,103,7,12,25,24,3,5,44,36,18,22,91,81,15,21,37,31,59,34,45,29
2024,06037482303,Census Tract 4823.03,Rosemead,Los Angeles County,California,Rosemead,912,146,21,25,103,75,53,37,124,63,85,57,97,80,79,58,65,47,252,96,33,45
2024,06037482304,Census Tract 4823.04,Rosemead,Los Angeles County,California,Rosemead,673,123,20,27,43,35,52,45,21,22,81,48,26,23,43,39,162,73,156,52,69,55
2024,06037482401,Census Tract 4824.01,Rosemead,Los Angeles County,California,Rosemead,764,129,23,29,58,61,161,90,55,40,32,26,38,35,42,39,24,18,325,98,6,10
2024,06037482403,Census Tract 4824.03,Rosemead,Los Angeles County,California,Rosemead,498,86,9,14,36,47,31,33,31,30,71,53,21,23,70,85,64,54,158,88,7,12
2024,06037482404,Census Tract 4824.04,Rosemead,Los Angeles County,California,Rosemead,337,283,0,14,0,14,0,14,29,43,0,14,16,25,0,14,73,42,32,42,187,283
2024,06037482502,Census Tract 4825.02,Rosemead,Los Angeles County,California,Rosemead,481,95,5,8,37,33,43,41,67,45,0,14,22,22,40,34,47,35,178,96,42,29
2024,06037482503,Census Tract 4825.03,Rosemead,Los Angeles County,California,Rosemead,620,128,34,55,10,20,77,65,62,70,58,46,57,56,79,62,33,40,151,76,59,62
2024,06037482521,Census Tract 4825.21,Rosemead,Los Angeles County,California,Rosemead,599,173,38,50,43,52,39,60,62,58,54,41,10,16,17,28,82,70,157,82,97,77
2024,06037482522,Census Tract 4825.22,Rosemead,Los Angeles County,California,Rosemead,412,116,0,14,12,18,48,50,57,42,53,32,50,64,39,44,41,46,97,58,15,19
2024,06037530007,Census Tract 5300.07,Rosemead,Los Angeles County,California,Rosemead,706,152,0,19,83,87,83,70,27,37,34,37,27,41,88,89,23,31,262,131,79,96
2024,06037980036,Census Tract 9800.36,Rosemead,Los Angeles County,California,Rosemead,23,21,0,14,0,14,5,7,0,14,0,14,0,14,0,14,0,14,6,8,12,17
2024,06037403326,Census Tract 4033.26,Rowland Heights,Los Angeles County,California,RowlandHeights,169,87,0,14,33,24,12,17,17,20,44,37,0,14,42,61,0,14,21,29,0,14
2024,06037408212,Census Tract 4082.12,Rowland Heights,Los Angeles County,California,RowlandHeights,225,104,0,14,13,22,36,44,43,62,6,11,8,13,0,14,0,14,70,49,49,53
2024,06037408213,Census Tract 4082.13,Rowland Heights,Los Angeles County,California,RowlandHeights,749,168,7,11,85,69,96,81,77,58,88,70,42,34,43,47,117,100,154,77,40,34
2024,06037408626,Census Tract 4086.26,Rowland Heights,Los Angeles County,California,RowlandHeights,395,125,10,18,0,14,18,20,60,58,10,23,8,13,20,29,0,14,213,116,56,52
2024,06037408627,Census Tract 4086.27,Rowland Heights,Los Angeles County,California,RowlandHeights,135,72,0,14,0,14,5,8,29,42,3,5,0,14,12,21,14,20,29,27,43,40
2024,06037408703,Census Tract 4087.03,Rowland Heights,Los Angeles County,California,RowlandHeights,114,67,0,19,0,19,24,38,17,22,0,19,0,19,0,19,25,39,32,33,16,23
2024,06037408705,Census Tract 4087.05,Rowland Heights,Los Angeles County,California,RowlandHeights,480,158,0,19,6,11,32,38,71,67,0,19,10,24,31,37,178,140,111,74,41,39
2024,06037408707,Census Tract 4087.07,Rowland Heights,Los Angeles County,California,RowlandHeights,250,115,55,61,0,19,0,19,17,28,60,62,0,19,0,19,15,25,83,77,20,25
2024,06037408722,Census Tract 4087.22,Rowland Heights,Los Angeles County,California,RowlandHeights,191,87,0,14,0,14,0,14,0,14,0,14,50,60,27,40,8,14,98,52,8,14
2024,06037408724,Census Tract 4087.24,Rowland Heights,Los Angeles County,California,RowlandHeights,1567,157,63,59,107,70,236,123,205,98,151,97,154,73,70,51,119,77,409,145,53,44
2024,06037408725,Census Tract 4087.25,Rowland Heights,Los Angeles County,California,RowlandHeights,809,180,48,44,21,26,25,25,13,14,122,141,73,57,81,54,45,43,324,95,57,51
2024,06037980035,Census Tract 9800.35,Rowland Heights,Los Angeles County,California,RowlandHeights,125,50,19,19,14,18,7,11,24,23,0,14,32,28,4,6,13,16,12,16,0,14
2024,06037400304,Census Tract 4003.04,San Dimas,Los Angeles County,California,SanDimas,1430,369,30,48,39,46,74,82,134,96,54,54,223,241,125,102,166,163,560,219,25,41
2024,06037400403,Census Tract 4004.03,San Dimas,Los Angeles County,California,SanDimas,455,155,0,14,0,14,51,78,32,34,61,55,26,28,118,157,16,24,140,87,11,17
2024,06037401202,Census Tract 4012.02,San Dimas,Los Angeles County,California,SanDimas,223,117,0,14,0,14,53,49,47,52,0,14,34,45,0,14,0,14,81,83,8,13
2024,06037401303,Census Tract 4013.03,San Dimas,Los Angeles County,California,SanDimas,126,83,0,14,0,14,0,14,6,13,0,14,21,33,0,14,0,14,48,34,51,69
2024,06037401304,Census Tract 4013.04,San Dimas,Los Angeles County,California,SanDimas,63,50,0,14,10,17,0,14,0,14,0,14,13,22,0,14,0,14,5,10,35,39
2024,06037401311,Census Tract 4013.11,San Dimas,Los Angeles County,California,SanDimas,911,217,24,28,25,28,83,68,182,109,98,85,6,12,23,31,0,19,366,159,104,101
2024,06037401312,Census Tract 4013.12,San Dimas,Los Angeles County,California,SanDimas,155,68,0,14,0,14,0,14,8,16,10,15,0,14,14,23,24,32,99,82,0,14
2024,06037403703,Census Tract 4037.03,San Dimas,Los Angeles County,California,SanDimas,250,102,0,14,0,14,22,25,13,22,71,59,9,14,40,47,27,47,68,67,0,14
2024,06037403802,Census Tract 4038.02,San Dimas,Los Angeles County,California,SanDimas,801,186,0,19,0,19,191,150,35,41,90,96,119,104,9,15,255,172,79,59,23,26
2024,06037320101,Census Tract 3201.01,San Fernando,Los Angeles County,California,SanFernando,148,69,0,14,0,14,0,14,0,14,0,14,69,54,0,14,9,15,38,34,32,39
2024,06037320102,Census Tract 3201.02,San Fernando,Los Angeles County,California,SanFernando,271,92,0,14,10,12,4,7,18,21,40,34,10,15,39,30,13,19,106,70,31,37
2024,06037320201,Census Tract 3202.01,San Fernando,Los Angeles County,California,SanFernando,835,154,43,48,22,25,100,92,86,74,110,74,76,64,37,38,79,70,276,135,6,12
2024,06037320202,Census Tract 3202.02,San Fernando,Los Angeles County,California,SanFernando,343,125,0,19,27,33,0,19,23,26,54,48,48,47,31,51,35,55,116,86,9,14
2024,06037320300,Census Tract 3203,San Fernando,Los Angeles County,California,SanFernando,787,188,40,39,40,41,30,27,43,47,22,33,71,50,40,34,129,124,340,151,32,37
2024,06037480002,Census Tract 4800.02,San Gabriel,Los Angeles County,California,SanGabriel,258,91,71,82,32,36,44,52,27,24,28,24,14,21,0,14,21,25,15,18,6,11
2024,06037480102,Census Tract 4801.02,San Gabriel,Los Angeles County,California,SanGabriel,470,154,0,14,35,36,88,62,38,34,85,58,10,16,10,15,22,24,100,56,82,105
2024,06037480201,Census Tract 4802.01,San Gabriel,Los Angeles County,California,SanGabriel,157,86,0,14,12,18,0,14,24,24,12,18,0,14,18,21,15,25,76,74,0,14
2024,06037480202,Census Tract 4802.02,San Gabriel,Los Angeles County,California,SanGabriel,257,101,0,14,11,11,6,8,0,14,31,40,44,59,13,21,50,42,17,21,85,72
2024,06037481101,Census Tract 4811.01,San Gabriel,Los Angeles County,California,SanGabriel,1014,141,32,35,81,57,160,87,138,76,88,65,98,64,0,14,124,66,241,87,52,51
2024,06037481102,Census Tract 4811.02,San Gabriel,Los Angeles County,California,SanGabriel,1167,154,42,42,37,40,152,101,149,91,192,105,66,43,64,57,75,50,390,122,0,14
2024,06037481103,Census Tract 4811.03,San Gabriel,Los Angeles County,California,SanGabriel,750,188,0,19,12,22,259,179,27,25,85,67,47,45,8,14,87,63,110,63,115,88
2024,06037481203,Census Tract 4812.03,San Gabriel,Los Angeles County,California,SanGabriel,1011,200,0,19,83,72,91,87,163,106,43,44,144,114,84,91,98,97,250,144,55,54
2024,06037481401,Census Tract 4814.01,San Gabriel,Los Angeles County,California,SanGabriel,934,123,0,19,75,60,135,74,108,55,155,79,20,29,90,64,25,24,269,102,57,53
2024,06037481403,Census Tract 4814.03,San Gabriel,Los Angeles County,California,SanGabriel,473,114,0,14,54,44,16,14,73,72,62,51,23,26,4,8,22,21,179,80,40,44
2024,06037481404,Census Tract 4814.04,San Gabriel,Los Angeles County,California,SanGabriel,481,144,0,14,23,42,92,75,24,28,53,50,23,24,37,46,53,51,84,55,92,74
2024,06037482301,Census Tract 4823.01,San Gabriel,Los Angeles County,California,SanGabriel,806,166,8,14,40,47,106,86,100,111,57,58,93,83,37,30,112,69,176,87,77,64
2024,06037464101,Census Tract 4641.01,San Marino,Los Angeles County,California,SanMarino,82,61,6,12,7,12,14,22,0,14,30,44,0,14,11,16,0,14,0,14,14,17
2024,06037464102,Census Tract 4641.02,San Marino,Los Angeles County,California,SanMarino,297,137,46,54,0,14,125,133,8,14,0,14,0,14,39,40,12,21,19,24,48,53
2024,06037464200,Census Tract 4642,San Marino,Los Angeles County,California,SanMarino,294,98,0,19,29,28,21,23,12,20,24,21,33,38,25,23,22,34,113,74,15,25
2024,06037480002,Census Tract 4800.02,San Marino,Los Angeles County,California,SanMarino,258,91,71,82,32,36,44,52,27,24,28,24,14,21,0,14,21,25,15,18,6,11
2024,06037463300,Census Tract 4633,San Pasqual,Los Angeles County,California,SanPasqual,378,82,4,8,29,23,28,20,40,41,64,40,64,36,19,17,37,31,81,45,12,14
2024,06037910807,Census Tract 9108.07,Santa Clarita,Los Angeles County,California,SantaClarita,271,99,0,19,29,27,39,30,7,10,32,52,12,20,0,19,67,63,17,21,68,60
2024,06037910808,Census Tract 9108.08,Santa Clarita,Los Angeles County,California,SantaClarita,25,24,0,14,17,19,0,14,0,14,0,14,0,14,8,14,0,14,0,14,0,14
2024,06037910809,Census Tract 9108.09,Santa Clarita,Los Angeles County,California,SantaClarita,65,44,0,14,0,14,0,14,0,14,0,14,0,14,0,14,0,14,14,20,51,40
2024,06037910810,Census Tract 9108.10,Santa Clarita,Los Angeles County,California,SantaClarita,57,55,0,14,0,14,0,14,0,14,0,14,0,14,0,14,0,14,57,55,0,14
2024,06037920013,Census Tract 9200.13,Santa Clarita,Los Angeles County,California,SantaClarita,269,183,15,24,0,19,0,19,16,26,25,39,0,19,13,21,0,19,149,169,51,60
2024,06037920015,Census Tract 9200.15,Santa Clarita,Los Angeles County,California,SantaClarita,67,70,0,19,0,19,0,19,0,19,0,19,0,19,10,16,52,65,0,19,5,10
2024,06037920016,Census Tract 9200.16,Santa Clarita,Los Angeles County,California,SantaClarita,348,256,0,19,0,19,109,130,19,30,0,19,29,32,0,19,25,25,147,211,19,31
2024,06037920017,Census Tract 9200.17,Santa Clarita,Los Angeles County,California,SantaClarita,272,115,28,46,0,14,64,59,9,14,0,14,11,17,11,19,36,41,82,76,31,48
2024,06037920018,Census Tract 9200.18,Santa Clarita,Los Angeles County,California,SantaClarita,41,26,9,13,0,14,15,17,6,9,0,14,0,14,7,10,0,14,4,6,0,14
2024,06037920020,Census Tract 9200.20,Santa Clarita,Los Angeles County,California,SantaClarita,257,152,0,19,40,59,0,19,0,19,16,29,40,65,18,29,130,146,0,19,13,22
2024,06037920028,Census Tract 9200.28,Santa Clarita,Los Angeles County,California,SantaClarita,296,139,0,19,0,19,0,19,98,99,55,56,0,19,0,19,0,19,113,99,30,45
2024,06037920029,Census Tract 9200.29,Santa Clarita,Los Angeles County,California,SantaClarita,305,116,0,14,0,14,8,15,91,79,0,14,10,17,25,41,68,51,65,59,38,36
2024,06037920030,Census Tract 9200.30,Santa Clarita,Los Angeles County,California,SantaClarita,402,120,0,19,35,42,0,19,124,85,54,41,0,19,0,19,44,50,97,61,48,47
2024,06037920031,Census Tract 9200.31,Santa Clarita,Los Angeles County,California,SantaClarita,397,145,16,25,90,82,17,27,0,19,12,20,59,70,0,19,53,58,96,57,54,40
2024,06037920034,Census Tract 9200.34,Santa Clarita,Los Angeles County,California,SantaClarita,291,99,22,36,0,19,41,49,23,28,53,81,29,38,20,22,0,19,72,67,31,49
2024,06037920035,Census Tract 9200.35,Santa Clarita,Los Angeles County,California,SantaClarita,901,339,0,19,63,102,11,20,0,19,294,221,41,47,45,37,65,79,355,241,27,36
2024,06037920038,Census Tract 9200.38,Santa Clarita,Los Angeles County,California,SantaClarita,929,143,6,13,43,64,76,71,231,133,47,41,71,61,90,67,83,57,262,99,20,22
2024,06037920039,Census Tract 9200.39,Santa Clarita,Los Angeles County,California,SantaClarita,37,29,0,14,6,9,0,14,0,14,0,14,6,9,0,14,0,14,6,9,19,26
2024,06037920040,Census Tract 9200.40,Santa Clarita,Los Angeles County,California,SantaClarita,170,75,0,14,62,81,11,19,0,14,0,14,25,21,9,14,8,13,55,66,0,14
2024,06037920041,Census Tract 9200.41,Santa Clarita,Los Angeles County,California,SantaClarita,672,109,10,18,52,52,125,80,51,38,21,22,27,36,51,39,62,57,265,112,8,14
2024,06037920042,Census Tract 9200.42,Santa Clarita,Los Angeles County,California,SantaClarita,1063,237,0,19,144,164,64,81,167,104,169,139,119,99,97,107,84,56,183,133,36,44
2024,06037920043,Census Tract 9200.43,Santa Clarita,Los Angeles County,California,SantaClarita,349,147,0,19,38,42,32,51,17,25,40,58,42,52,57,70,15,24,39,54,69,84
2024,06037920044,Census Tract 9200.44,Santa Clarita,Los Angeles County,California,SantaClarita,225,74,7,10,14,15,7,11,35,29,18,16,0,14,63,58,6,9,75,49,0,14
2024,06037920045,Census Tract 9200.45,Santa Clarita,Los Angeles County,California,SantaClarita,144,70,0,14,40,59,0,14,0,14,9,15,0,14,11,17,39,41,14,21,31,44
2024,06037920046,Census Tract 9200.46,Santa Clarita,Los Angeles County,California,SantaClarita,214,120,9,15,7,12,0,14,0,14,31,28,85,111,0,14,16,21,66,60,0,14
2024,06037920047,Census Tract 9200.47,Santa Clarita,Los Angeles County,California,SantaClarita,1815,251,0,19,35,38,119,139,253,167,376,229,82,71,49,52,302,166,531,234,68,81
2024,06037920048,Census Tract 9200.48,Santa Clarita,Los Angeles County,California,SantaClarita,417,126,0,19,18,16,129,99,27,34,12,18,57,50,12,19,67,50,95,82,0,19
2024,06037920049,Census Tract 9200.49,Santa Clarita,Los Angeles County,California,SantaClarita,160,66,0,19,0,19,0,19,0,19,10,17,4,7,0,19,27,44,94,52,25,29
2024,06037920102,Census Tract 9201.02,Santa Clarita,Los Angeles County,California,SantaClarita,777,157,0,14,0,14,31,29,68,59,2,3,25,28,77,86,173,88,367,124,34,46
2024,06037920106,Census Tract 9201.06,Santa Clarita,Los Angeles County,California,SantaClarita,135,58,9,12,19,23,0,14,17,17,17,27,0,14,16,27,49,55,8,12,0,14
2024,06037920109,Census Tract 9201.09,Santa Clarita,Los Angeles County,California,SantaClarita,700,150,134,130,45,48,15,24,117,93,13,23,19,31,64,61,56,62,206,132,31,35
2024,06037920110,Census Tract 9201.10,Santa Clarita,Los Angeles County,California,SantaClarita,359,158,0,14,32,38,46,29,26,41,0,14,126,117,0,14,0,14,105,91,24,37
2024,06037920111,Census Tract 9201.11,Santa Clarita,Los Angeles County,California,SantaClarita,172,106,0,14,0,14,0,14,16,21,55,80,4,9,0,14,15,24,61,59,21,23
2024,06037920112,Census Tract 9201.12,Santa Clarita,Los Angeles County,California,SantaClarita,419,95,0,14,0,14,0,14,82,78,12,19,27,27,0,14,18,20,279,80,1,9
2024,06037920114,Census Tract 9201.14,Santa Clarita,Los Angeles County,California,SantaClarita,955,204,0,19,27,32,139,101,130,85,147,109,79,92,131,102,101,92,201,121,0,19
2024,06037920115,Census Tract 9201.15,Santa Clarita,Los Angeles County,California,SantaClarita,705,249,24,40,9,15,59,61,61,85,62,58,77,58,42,31,71,76,285,222,15,18
2024,06037920120,Census Tract 9201.20,Santa Clarita,Los Angeles County,California,SantaClarita,82,63,0,14,0,14,8,13,18,19,8,14,0,14,0,14,0,14,48,57,0,14
2024,06037920121,Census Tract 9201.21,Santa Clarita,Los Angeles County,California,SantaClarita,840,211,0,21,60,77,113,116,93,77,66,61,6,10,9,15,191,129,224,136,78,122
2024,06037920200,Census Tract 9202,Santa Clarita,Los Angeles County,California,SantaClarita,0,14,0,14,0,14,0,14,0,14,0,14,0,14,0,14,0,14,0,14,0,14
2024,06037920312,Census Tract 9203.12,Santa Clarita,Los Angeles County,California,SantaClarita,947,260,0,19,0,19,44,43,63,49,117,135,92,121,151,168,209,155,247,144,24,40
2024,06037920313,Census Tract 9203.13,Santa Clarita,Los Angeles County,California,SantaClarita,175,94,0,19,38,49,0,19,11,18,10,16,0,19,11,17,61,79,38,36,6,10
2024,06037920314,Census Tract 9203.14,Santa Clarita,Los Angeles County,California,SantaClarita,222,117,0,14,3,6,86,90,17,31,11,19,35,44,0,14,16,26,54,68,0,14
2024,06037920322,Census Tract 9203.22,Santa Clarita,Los Angeles County,California,SantaClarita,220,79,7,12,17,27,23,26,32,39,24,27,18,20,8,14,10,17,73,47,8,15
2024,06037920326,Census Tract 9203.26,Santa Clarita,Los Angeles County,California,SantaClarita,1246,183,11,17,45,55,226,150,105,115,57,71,200,111,60,42,154,92,376,183,12,20
2024,06037920328,Census Tract 9203.28,Santa Clarita,Los Angeles County,California,SantaClarita,403,70,0,14,35,30,35,35,44,33,54,35,28,25,0,14,63,40,137,56,7,12
2024,06037920329,Census Tract 9203.29,Santa Clarita,Los Angeles County,California,SantaClarita,633,219,14,24,0,19,37,53,61,43,62,60,90,92,108,128,30,41,115,90,116,131
2024,06037920330,Census Tract 9203.30,Santa Clarita,Los Angeles County,California,SantaClarita,656,169,32,31,0,14,101,65,37,31,90,90,12,19,108,82,45,39,160,81,71,72
2024,06037920331,Census Tract 9203.31,Santa Clarita,Los Angeles County,California,SantaClarita,353,91,4,11,57,66,41,29,29,27,108,74,0,14,28,35,41,42,36,34,9,14
2024,06037920332,Census Tract 9203.32,Santa Clarita,Los Angeles County,California,SantaClarita,114,47,0,14,7,12,17,20,8,13,19,19,4,6,0,14,7,14,42,30,10,15
2024,06037920334,Census Tract 9203.34,Santa Clarita,Los Angeles County,California,SantaClarita,742,323,0,19,0,19,49,57,87,96,38,43,75,63,0,19,222,200,270,210,1,3
2024,06037920339,Census Tract 9203.39,Santa Clarita,Los Angeles County,California,SantaClarita,1175,318,14,23,37,43,103,107,179,129,122,104,130,178,112,169,63,61,238,168,177,148
2024,06037920340,Census Tract 9203.40,Santa Clarita,Los Angeles County,California,SantaClarita,381,61,7,10,0,14,35,30,52,42,15,16,21,16,8,12,61,54,182,74,0,14
2024,06037920341,Census Tract 9203.41,Santa Clarita,Los Angeles County,California,SantaClarita,768,80,0,14,49,31,48,30,56,43,102,67,91,60,37,32,95,69,283,98,7,10
2024,06037920342,Census Tract 9203.42,Santa Clarita,Los Angeles County,California,SantaClarita,583,139,0,14,27,31,81,93,76,60,50,49,66,50,114,77,40,37,129,99,0,14
2024,06037920343,Census Tract 9203.43,Santa Clarita,Los Angeles County,California,SantaClarita,711,208,9,16,37,49,20,36,30,28,37,42,188,143,22,26,173,102,195,113,0,14
2024,06037930400,Census Tract 9304,Santa Clarita,Los Angeles County,California,SantaClarita,93,50,15,22,9,12,6,10,0,14,22,25,16,26,0,14,0,14,5,8,20,24
2024,06037502200,Census Tract 5022,Santa Fe Springs,Los Angeles County,California,SantaFeSprings,626,192,0,19,24,37,65,56,178,143,144,91,62,64,26,26,12,18,76,66,39,58
2024,06037502303,Census Tract 5023.03,Santa Fe Springs,Los Angeles County,California,SantaFeSprings,760,191,0,19,20,32,100,91,61,76,0,19,103,80,156,107,87,91,211,137,22,26
2024,06037502700,Census Tract 5027,Santa Fe Springs,Los Angeles County,California,SantaFeSprings,696,211,7,14,0,19,19,31,158,126,204,140,144,114,24,26,25,40,44,43,71,55
2024,06037502801,Census Tract 5028.01,Santa Fe Springs,Los Angeles County,California,SantaFeSprings,152,75,0,19,12,20,22,35,7,11,21,27,39,43,9,16,15,17,17,27,10,16
2024,06037502901,Census Tract 5029.01,Santa Fe Springs,Los Angeles County,California,SantaFeSprings,301,162,0,19,0,19,34,48,113,132,5,17,11,13,0,19,75,53,63,53,0,19
2024,06037503000,Census Tract 5030,Santa Fe Springs,Los Angeles County,California,SantaFeSprings,725,233,77,120,28,43,88,90,19,27,196,186,11,19,17,30,63,59,223,125,3,14
2024,06037504200,Census Tract 5042,Santa Fe Springs,Los Angeles County,California,SantaFeSprings,1664,193,3,6,117,99,74,62,171,127,137,67,276,131,35,38,187,91,575,200,89,71
2024,06037980034,Census Tract 9800.34,Santa Fe Springs,Los Angeles County,California,SantaFeSprings,0,14,0,14,0,14,0,14,0,14,0,14,0,14,0,14,0,14,0,14,0,14
2024,06037264305,Census Tract 2643.05,Santa Monica,Los Angeles County,California,SantaMonica,907,157,45,43,112,91,174,90,121,74,80,89,67,52,63,46,62,53,134,70,49,47
2024,06037701201,Census Tract 7012.01,Santa Monica,Los Angeles County,California,SantaMonica,242,118,0,14,30,27,9,15,62,95,12,18,27,30,12,18,17,18,51,35,22,23
2024,06037701202,Census Tract 7012.02,Santa Monica,Los Angeles County,California,SantaMonica,1044,158,0,14,123,65,67,43,118,74,143,69,114,66,39,27,196,114,234,110,10,16
2024,06037701302,Census Tract 7013.02,Santa Monica,Los Angeles County,California,SantaMonica,1964,309,171,103,186,109,141,78,324,148,179,101,225,138,45,55,135,124,558,186,0,14
2024,06037701304,Census Tract 7013.04,Santa Monica,Los Angeles County,California,SantaMonica,1359,270,101,77,186,136,354,139,47,53,111,111,54,69,147,111,71,58,225,117,63,59
2024,06037701402,Census Tract 7014.02,Santa Monica,Los Angeles County,California,SantaMonica,3424,447,39,48,350,213,823,405,487,299,321,265,280,149,104,127,128,154,892,405,0,19
2024,06037701501,Census Tract 7015.01,Santa Monica,Los Angeles County,California,SantaMonica,2069,244,190,140,321,197,503,208,229,127,183,108,95,77,82,71,63,79,336,146,67,58
2024,06037701502,Census Tract 7015.02,Santa Monica,Los Angeles County,California,SantaMonica,1793,356,103,90,219,120,220,84,327,141,320,215,30,30,204,259,33,36,316,116,21,23
2024,06037701601,Census Tract 7016.01,Santa Monica,Los Angeles County,California,SantaMonica,785,149,32,31,63,55,85,48,54,49,211,114,45,26,7,11,74,63,176,77,38,30
2024,06037701602,Census Tract 7016.02,Santa Monica,Los Angeles County,California,SantaMonica,1459,142,27,33,108,72,144,89,353,163,115,92,122,70,86,72,104,100,345,151,55,50
2024,06037701701,Census Tract 7017.01,Santa Monica,Los Angeles County,California,SantaMonica,1398,218,16,18,29,27,212,84,173,109,268,138,92,62,57,41,150,92,363,176,38,37
2024,06037701702,Census Tract 7017.02,Santa Monica,Los Angeles County,California,SantaMonica,1465,191,74,60,78,63,220,110,127,60,142,94,94,62,37,34,98,84,489,161,106,110
2024,06037701801,Census Tract 7018.01,Santa Monica,Los Angeles County,California,SantaMonica,2100,332,244,184,226,143,324,134,167,89,162,129,129,117,81,66,279,214,346,186,142,115
2024,06037701802,Census Tract 7018.02,Santa Monica,Los Angeles County,California,SantaMonica,1829,356,128,91,164,81,267,130,122,122,201,104,80,61,300,262,163,126,329,172,75,74
2024,06037701902,Census Tract 7019.02,Santa Monica,Los Angeles County,California,SantaMonica,3540,294,376,215,361,220,159,100,390,214,427,204,318,197,148,94,359,224,727,231,275,182
2024,06037702002,Census Tract 7020.02,Santa Monica,Los Angeles County,California,SantaMonica,2764,323,220,146,330,147,343,175,317,175,171,91,88,85,129,118,254,146,800,183,112,147
2024,06037702102,Census Tract 7021.02,Santa Monica,Los Angeles County,California,SantaMonica,2952,484,234,148,586,396,300,151,345,139,345,184,211,110,140,78,170,119,581,202,40,29
2024,06037702201,Census Tract 7022.01,Santa Monica,Los Angeles County,California,SantaMonica,1522,268,217,160,134,112,113,69,141,101,115,66,106,97,0,14,275,156,359,164,62,69
2024,06037702202,Census Tract 7022.02,Santa Monica,Los Angeles County,California,SantaMonica,918,206,20,23,202,141,129,50,84,42,25,28,130,97,44,36,34,32,220,95,30,32
2024,06037702300,Census Tract 7023,Santa Monica,Los Angeles County,California,SantaMonica,1480,378,13,22,161,131,47,48,144,96,127,107,188,120,124,65,0,19,394,241,282,303
2024,06037990200,Census Tract 9902,Santa Monica,Los Angeles County,California,SantaMonica,0,14,0,14,0,14,0,14,0,14,0,14,0,14,0,14,0,14,0,14,0,14
2024,06037430501,Census Tract 4305.01,Sierra Madre,Los Angeles County,California,SierraMadre,365,175,10,17,38,38,162,160,0,14,41,52,19,23,7,13,8,14,53,38,27,38
2024,06037430502,Census Tract 4305.02,Sierra Madre,Los Angeles County,California,SierraMadre,1676,334,92,103,108,102,140,96,324,195,76,60,280,250,80,70,36,37,345,166,195,151
2024,06037573401,Census Tract 5734.01,Signal Hill,Los Angeles County,California,SignalHill,210,65,4,6,14,21,32,29,41,26,19,23,44,45,4,5,19,19,27,25,6,10
2024,06037573402,Census Tract 5734.02,Signal Hill,Los Angeles County,California,SignalHill,1817,262,83,83,157,104,377,209,244,191,189,168,142,186,233,143,166,121,226,140,0,19
2024,06037573403,Census Tract 5734.03,Signal Hill,Los Angeles County,California,SignalHill,233,99,0,14,49,46,29,35,79,48,10,16,22,32,17,24,0,14,0,14,27,37
2024,06037980018,Census Tract 9800.18,Signal Hill,Los Angeles County,California,SignalHill,0,14,0,14,0,14,0,14,0,14,0,14,0,14,0,14,0,14,0,14,0,14
2024,06037433506,Census Tract 4335.06,South El Monte,Los Angeles County,California,SouthElMonte,764,170,29,34,0,14,53,38,66,47,94,62,114,104,64,40,0,14,311,103,33,44
2024,06037433803,Census Tract 4338.03,South El Monte,Los Angeles County,California,SouthElMonte,264,92,0,14,32,40,10,16,37,35,25,40,54,49,43,53,34,30,24,24,5,7
2024,06037433804,Census Tract 4338.04,South El Monte,Los Angeles County,California,SouthElMonte,688,102,4,6,48,43,24,30,42,41,136,85,21,25,0,14,97,56,248,110,68,65
2024,06037434003,Census Tract 4340.03,South El Monte,Los Angeles County,California,SouthElMonte,522,89,0,14,14,16,63,41,60,43,21,21,122,76,23,23,60,41,120,61,39,30
2024,06037434004,Census Tract 4340.04,South El Monte,Los Angeles County,California,SouthElMonte,300,85,0,14,20,16,53,41,57,42,9,16,3,5,3,5,69,66,72,64,14,19
2024,06037434100,Census Tract 4341,South El Monte,Los Angeles County,California,SouthElMonte,628,158,0,19,30,27,84,60,17,20,34,46,64,50,42,35,58,49,284,127,15,16
2024,06037535501,Census Tract 5355.01,South Gate,Los Angeles County,California,SouthGate,751,109,14,21,0,14,108,78,120,77,41,47,159,89,37,37,80,64,183,87,9,13
2024,06037535502,Census Tract 5355.02,South Gate,Los Angeles County,California,SouthGate,931,235,31,49,62,57,270,207,60,59,21,32,25,41,79,78,110,79,273,109,0,14
2024,06037535503,Census Tract 5355.03,South Gate,Los Angeles County,California,SouthGate,382,94,36,44,73,63,68,44,42,38,0,14,23,18,0,14,36,37,95,48,9,14
2024,06037535603,Census Tract 5356.03,South Gate,Los Angeles County,California,SouthGate,791,97,0,14,63,56,53,43,91,59,77,53,74,57,82,92,70,54,221,92,60,54
2024,06037535604,Census Tract 5356.04,South Gate,Los Angeles County,California,SouthGate,555,124,20,30,38,50,107,70,86,67,0,14,57,45,6,11,76,45,151,74,14,17
2024,06037535605,Census Tract 5356.05,South Gate,Los Angeles County,California,SouthGate,813,159,33,52,159,101,35,39,114,58,141,74,101,115,28,31,33,39,139,71,30,35
2024,06037535606,Census Tract 5356.06,South Gate,Los Angeles County,California,SouthGate,371,62,0,14,31,28,38,39,54,42,52,45,26,21,0,14,25,26,138,46,7,12
2024,06037535607,Census Tract 5356.07,South Gate,Los Angeles County,California,SouthGate,284,100,0,14,0,14,42,54,0,14,94,70,13,21,26,33,25,38,43,53,41,50
2024,06037535701,Census Tract 5357.01,South Gate,Los Angeles County,California,SouthGate,1002,178,20,23,89,74,56,59,176,127,107,73,76,96,60,60,40,47,344,123,34,53
2024,06037535702,Census Tract 5357.02,South Gate,Los Angeles County,California,SouthGate,955,159,28,32,111,78,155,93,156,95,51,64,106,95,6,11,55,44,277,117,10,14
2024,06037535802,Census Tract 5358.02,South Gate,Los Angeles County,California,SouthGate,776,127,82,63,67,52,78,64,138,78,57,44,15,22,0,19,96,63,191,103,52,58
2024,06037535803,Census Tract 5358.03,South Gate,Los Angeles County,California,SouthGate,625,105,0,14,5,8,66,56,27,34,60,51,53,50,93,74,174,98,125,86,22,34
2024,06037535804,Census Tract 5358.04,South Gate,Los Angeles County,California,SouthGate,941,170,17,29,80,75,144,86,63,59,132,93,8,14,97,112,82,77,272,125,46,45
2024,06037535901,Census Tract 5359.01,South Gate,Los Angeles County,California,SouthGate,730,269,30,34,0,19,68,60,16,26,83,75,41,47,0,19,36,39,420,252,36,35
2024,06037535902,Census Tract 5359.02,South Gate,Los Angeles County,California,SouthGate,444,133,22,24,133,84,26,29,25,41,29,35,59,68,42,62,46,45,62,44,0,19
2024,06037536000,Census Tract 5360,South Gate,Los Angeles County,California,SouthGate,706,99,0,14,79,79,124,80,26,31,50,38,35,38,21,31,42,43,278,97,51,60
2024,06037536102,Census Tract 5361.02,South Gate,Los Angeles County,California,SouthGate,285,110,0,14,0,14,0,14,0,14,12,23,26,29,45,67,13,21,178,76,11,17
2024,06037536103,Census Tract 5361.03,South Gate,Los Angeles County,California,SouthGate,801,186,14,21,33,30,35,51,118,96,68,75,64,55,79,71,38,61,296,134,56,89
2024,06037536104,Census Tract 5361.04,South Gate,Los Angeles County,California,SouthGate,664,128,24,41,42,40,19,34,61,60,169,104,38,40,25,27,72,62,214,117,0,14
2024,06037536201,Census Tract 5362.01,South Gate,Los Angeles County,California,SouthGate,365,111,0,14,34,37,50,36,42,67,67,55,59,51,0,14,50,62,63,60,0,14
2024,06037536202,Census Tract 5362.02,South Gate,Los Angeles County,California,SouthGate,610,165,0,14,0,14,23,27,106,87,174,120,0,14,64,79,95,70,113,83,35,42
2024,06037431100,Census Tract 4311,South Monrovia Island,Los Angeles County,California,SouthMonroviaIsland,1458,203,91,64,39,50,191,104,140,103,109,95,346,183,57,44,94,75,391,149,0,19
2024,06037431200,Census Tract 4312,South Monrovia Island,Los Angeles County,California,SouthMonroviaIsland,519,154,0,19,185,132,58,48,75,67,64,60,23,36,23,36,0,19,60,55,31,35
2024,06037480500,Census Tract 4805,South Pasadena,Los Angeles County,California,SouthPasadena,859,209,0,19,54,54,38,40,237,151,112,80,37,45,85,90,50,46,234,129,12,18
2024,06037480601,Census Tract 4806.01,South Pasadena,Los Angeles County,California,SouthPasadena,1396,134,99,68,129,77,188,88,169,77,169,101,224,118,88,76,136,69,130,61,64,75
2024,06037480602,Census Tract 4806.02,South Pasadena,Los Angeles County,California,SouthPasadena,1091,258,15,17,141,137,272,202,130,70,91,69,123,90,59,57,39,39,195,107,26,26
2024,06037480702,Census Tract 4807.02,South Pasadena,Los Angeles County,California,SouthPasadena,435,118,32,50,42,35,32,28,51,47,20,25,58,53,39,57,63,55,98,83,0,14
2024,06037480703,Census Tract 4807.03,South Pasadena,Los Angeles County,California,SouthPasadena,538,124,29,28,15,18,88,57,50,32,21,23,30,28,119,74,21,23,134,86,31,37
2024,06037480704,Census Tract 4807.04,South Pasadena,Los Angeles County,California,SouthPasadena,1404,393,24,24,58,47,122,76,420,369,133,84,173,112,85,71,147,69,201,84,41,34
2024,06037482404,Census Tract 4824.04,South San Gabriel,Los Angeles County,California,SouthSanGabriel,337,283,0,14,0,14,0,14,29,43,0,14,16,25,0,14,73,42,32,42,187,283
2024,06037482521,Census Tract 4825.21,South San Gabriel,Los Angeles County,California,SouthSanGabriel,599,173,38,50,43,52,39,60,62,58,54,41,10,16,17,28,82,70,157,82,97,77
2024,06037482522,Census Tract 4825.22,South San Gabriel,Los Angeles County,California,SouthSanGabriel,412,116,0,14,12,18,48,50,57,42,53,32,50,64,39,44,41,46,97,58,15,19
2024,06037408133,Census Tract 4081.33,South San Jose Hills,Los Angeles County,California,SouthSanJoseHills,977,139,49,67,0,19,127,89,123,83,212,109,57,51,82,73,37,45,269,116,21,33
2024,06037408137,Census Tract 4081.37,South San Jose Hills,Los Angeles County,California,SouthSanJoseHills,824,133,7,13,39,41,38,35,220,126,62,48,111,90,18,21,19,24,302,115,8,16
2024,06037408138,Census Tract 4081.38,South San Jose Hills,Los Angeles County,California,SouthSanJoseHills,247,145,18,27,43,68,5,23,42,45,0,14,0,14,46,55,0,14,93,79,0,14
2024,06037408139,Census Tract 4081.39,South San Jose Hills,Los Angeles County,California,SouthSanJoseHills,168,76,0,14,23,26,15,19,18,18,9,13,7,10,33,45,0,14,63,66,0,14
2024,06037408140,Census Tract 4081.40,South San Jose Hills,Los Angeles County,California,SouthSanJoseHills,213,103,0,14,0,14,50,60,72,85,15,18,12,13,26,36,2,9,3,9,33,39
2024,06037408141,Census Tract 4081.41,South San Jose Hills,Los Angeles County,California,SouthSanJoseHills,246,104,0,14,15,24,64,54,33,40,0,14,9,16,22,36,0,14,78,75,25,38
2024,06037502005,Census Tract 5020.05,South Whittier,Los Angeles County,California,SouthWhittier,393,132,0,14,11,17,0,14,62,51,62,60,70,76,71,86,52,35,34,33,31,27
2024,06037502901,Census Tract 5029.01,South Whittier,Los Angeles County,California,SouthWhittier,301,162,0,19,0,19,34,48,113,132,5,17,11,13,0,19,75,53,63,53,0,19
2024,06037503000,Census Tract 5030,South Whittier,Los Angeles County,California,SouthWhittier,725,233,77,120,28,43,88,90,19,27,196,186,11,19,17,30,63,59,223,125,3,14
2024,06037503103,Census Tract 5031.03,South Whittier,Los Angeles County,California,SouthWhittier,365,114,0,19,0,19,0,19,114,72,32,51,74,72,40,38,34,31,37,38,34,34
2024,06037503104,Census Tract 5031.04,South Whittier,Los Angeles County,California,SouthWhittier,146,73,0,14,5,9,14,18,0,14,29,32,11,12,5,8,22,35,33,35,27,30
2024,06037503105,Census Tract 5031.05,South Whittier,Los Angeles County,California,SouthWhittier,433,87,0,14,64,76,90,68,46,49,32,50,62,50,109,73,0,14,16,23,14,23
2024,06037503106,Census Tract 5031.06,South Whittier,Los Angeles County,California,SouthWhittier,372,108,18,23,46,46,35,38,22,28,12,28,88,81,0,14,50,50,101,73,0,14
2024,06037503201,Census Tract 5032.01,South Whittier,Los Angeles County,California,SouthWhittier,92,73,0,14,0,14,0,14,8,12,10,16,0,14,0,14,38,51,36,54,0,14
2024,06037503202,Census Tract 5032.02,South Whittier,Los Angeles County,California,SouthWhittier,396,119,16,12,17,18,57,56,35,33,71,65,58,50,11,16,26,26,105,93,0,14
2024,06037503302,Census Tract 5033.02,South Whittier,Los Angeles County,California,SouthWhittier,810,162,0,19,20,25,44,44,176,90,73,50,65,54,77,68,100,81,172,93,83,63
2024,06037503501,Census Tract 5035.01,South Whittier,Los Angeles County,California,SouthWhittier,842,199,0,19,40,39,103,86,80,80,186,123,172,105,19,20,34,42,196,136,12,19
2024,06037503502,Census Tract 5035.02,South Whittier,Los Angeles County,California,SouthWhittier,276,84,17,28,35,40,0,14,50,58,0,14,27,27,46,57,13,20,75,46,13,21
2024,06037504200,Census Tract 5042,South Whittier,Los Angeles County,California,SouthWhittier,1664,193,3,6,117,99,74,62,171,127,137,67,276,131,35,38,187,91,575,200,89,71
2024,06037920326,Census Tract 9203.26,Stevenson Ranch,Los Angeles County,California,StevensonRanch,1246,183,11,17,45,55,226,150,105,115,57,71,200,111,60,42,154,92,376,183,12,20
2024,06037920338,Census Tract 9203.38,Stevenson Ranch,Los Angeles County,California,StevensonRanch,204,151,0,19,0,19,0,19,18,21,0,19,87,133,14,23,36,34,37,37,12,19
2024,06037920339,Census Tract 9203.39,Stevenson Ranch,Los Angeles County,California,StevensonRanch,1175,318,14,23,37,43,103,107,179,129,122,104,130,178,112,169,63,61,238,168,177,148
2024,06037910002,Census Tract 9100.02,Sun Village,Los Angeles County,California,SunVillage,494,217,10,16,0,19,16,24,6,14,14,21,0,19,0,19,120,124,224,185,104,133
2024,06037910706,Census Tract 9107.06,Sun Village,Los Angeles County,California,SunVillage,323,111,0,19,14,24,0,19,32,36,0,19,43,47,17,23,78,71,115,72,24,34
2024,06037911100,Census Tract 9111,Sun Village,Los Angeles County,California,SunVillage,857,209,39,52,9,13,97,85,41,31,97,117,68,107,103,102,120,85,204,124,79,85
2024,06037431501,Census Tract 4315.01,Temple City,Los Angeles County,California,TempleCity,660,85,23,27,37,40,18,21,75,55,100,61,66,54,20,22,20,33,237,107,64,59
2024,06037431502,Census Tract 4315.02,Temple City,Los Angeles County,California,TempleCity,553,122,17,23,60,51,26,30,12,16,83,61,0,14,48,57,70,60,203,93,34,25
2024,06037431800,Census Tract 4318,Temple City,Los Angeles County,California,TempleCity,745,160,0,19,64,60,78,85,33,33,53,40,65,75,90,56,97,72,197,95,68,55
2024,06037431900,Census Tract 4319,Temple City,Los Angeles County,California,TempleCity,683,233,118,151,40,37,10,16,74,57,85,56,44,35,20,31,21,23,252,131,19,23
2024,06037432001,Census Tract 4320.01,Temple City,Los Angeles County,California,TempleCity,192,63,2,6,21,22,8,13,18,26,30,35,43,40,16,24,8,13,29,32,17,15
2024,06037432002,Census Tract 4320.02,Temple City,Los Angeles County,California,TempleCity,561,170,0,19,29,44,63,49,54,54,21,24,35,58,75,87,32,31,181,76,71,83
2024,06037432101,Census Tract 4321.01,Temple City,Los Angeles County,California,TempleCity,319,105,10,15,34,40,95,75,79,60,39,40,9,14,20,22,0,14,26,24,7,11
2024,06037432102,Census Tract 4321.02,Temple City,Los Angeles County,California,TempleCity,276,110,17,19,10,15,0,19,20,25,10,16,38,33,0,19,12,21,106,74,63,50
2024,06037480012,Census Tract 4800.12,Temple City,Los Angeles County,California,TempleCity,840,151,0,14,35,33,50,36,139,92,128,94,68,62,72,58,74,57,191,73,83,67
2024,06037480101,Census Tract 4801.01,Temple City,Los Angeles County,California,TempleCity,645,168,0,14,7,12,70,60,47,39,115,118,66,63,77,70,20,32,199,100,44,33
2024,06037480102,Census Tract 4801.02,Temple City,Los Angeles County,California,TempleCity,470,154,0,14,35,36,88,62,38,34,85,58,10,16,10,15,22,24,100,56,82,105
2024,06037481201,Census Tract 4812.01,Temple City,Los Angeles County,California,TempleCity,692,145,0,14,61,71,102,66,71,63,47,39,11,19,14,15,133,82,234,115,19,31
2024,06037800101,Census Tract 8001.01,Topanga,Los Angeles County,California,Topanga,134,80,0,19,0,19,0,19,20,23,13,19,0,19,0,19,0,19,68,64,33,33
2024,06037800103,Census Tract 8001.03,Topanga,Los Angeles County,California,Topanga,81,86,0,14,12,17,0,14,0,14,0,14,0,14,0,14,0,14,69,83,0,14
2024,06037800104,Census Tract 8001.04,Topanga,Los Angeles County,California,Topanga,384,154,0,14,19,29,14,25,66,86,0,14,0,14,118,117,10,16,110,90,47,55
2024,06037800506,Census Tract 8005.06,Topanga,Los Angeles County,California,Topanga,276,118,11,19,0,14,59,50,43,40,11,17,0,14,0,14,25,28,127,89,0,14
2024,06037650001,Census Tract 6500.01,Torrance,Los Angeles County,California,Torrance,822,198,0,19,39,38,35,42,44,42,110,74,186,166,49,60,61,53,255,141,43,50
2024,06037650003,Census Tract 6500.03,Torrance,Los Angeles County,California,Torrance,728,73,0,14,15,24,63,57,191,101,34,28,104,76,111,92,66,41,90,49,54,62
2024,06037650004,Census Tract 6500.04,Torrance,Los Angeles County,California,Torrance,929,173,22,17,95,55,117,65,83,67,113,71,141,111,68,67,99,77,174,82,17,18
2024,06037650101,Census Tract 6501.01,Torrance,Los Angeles County,California,Torrance,428,296,0,14,0,14,0,14,40,64,27,43,24,38,34,48,37,44,241,271,25,38
2024,06037650102,Census Tract 6501.02,Torrance,Los Angeles County,California,Torrance,224,86,0,14,54,46,26,18,8,17,28,22,40,55,15,23,0,14,38,35,15,15
2024,06037650200,Census Tract 6502,Torrance,Los Angeles County,California,Torrance,378,124,0,19,19,21,78,69,10,15,33,27,0,19,81,79,21,22,116,71,20,23
2024,06037650300,Census Tract 6503,Torrance,Los Angeles County,California,Torrance,1429,293,0,19,35,41,73,88,136,99,348,282,88,80,24,41,149,131,450,261,126,129
2024,06037650401,Census Tract 6504.01,Torrance,Los Angeles County,California,Torrance,239,83,17,26,5,9,20,22,70,53,33,26,9,17,0,14,9,14,71,68,5,8
2024,06037650501,Census Tract 6505.01,Torrance,Los Angeles County,California,Torrance,115,51,0,14,0,14,11,17,8,12,0,14,32,45,0,14,7,12,45,29,12,20
2024,06037650502,Census Tract 6505.02,Torrance,Los Angeles County,California,Torrance,377,105,0,14,40,53,100,63,45,50,41,38,12,21,33,34,16,19,56,42,34,38
2024,06037650603,Census Tract 6506.03,Torrance,Los Angeles County,California,Torrance,544,116,14,22,25,28,147,112,19,30,17,18,116,78,6,12,54,56,146,73,0,14
2024,06037650604,Census Tract 6506.04,Torrance,Los Angeles County,California,Torrance,2490,388,65,79,195,166,183,114,236,143,552,344,162,126,371,202,223,126,436,168,67,53
2024,06037650605,Census Tract 6506.05,Torrance,Los Angeles County,California,Torrance,731,101,28,25,61,45,141,68,186,98,27,29,70,46,45,37,51,47,122,57,0,14
2024,06037650606,Census Tract 6506.06,Torrance,Los Angeles County,California,Torrance,1458,224,65,65,167,153,182,89,147,121,231,128,47,48,133,90,58,50,395,166,33,52
2024,06037650607,Census Tract 6506.07,Torrance,Los Angeles County,California,Torrance,809,163,31,35,95,67,30,32,90,65,132,102,131,91,15,26,132,92,153,139,0,14
2024,06037650701,Census Tract 6507.01,Torrance,Los Angeles County,California,Torrance,156,55,0,14,12,19,9,13,32,30,0,14,6,9,29,21,0,14,59,41,9,8
2024,06037650702,Census Tract 6507.02,Torrance,Los Angeles County,California,Torrance,281,109,6,11,37,60,14,19,13,16,13,20,97,63,12,22,0,14,66,48,23,22
2024,06037650801,Census Tract 6508.01,Torrance,Los Angeles County,California,Torrance,578,122,37,51,9,15,140,89,91,55,36,52,69,65,74,74,0,14,94,61,28,23
2024,06037650802,Census Tract 6508.02,Torrance,Los Angeles County,California,Torrance,452,145,0,14,0,14,42,41,50,39,64,48,83,68,76,83,26,31,111,83,0,14
2024,06037650901,Census Tract 6509.01,Torrance,Los Angeles County,California,Torrance,1188,214,34,49,36,50,228,126,167,122,156,121,90,104,67,69,171,108,215,112,24,28
2024,06037650903,Census Tract 6509.03,Torrance,Los Angeles County,California,Torrance,1132,267,43,43,76,61,58,41,67,48,111,74,291,254,57,49,177,155,229,93,23,26
2024,06037650904,Census Tract 6509.04,Torrance,Los Angeles County,California,Torrance,495,100,0,14,48,59,178,91,89,54,30,34,0,14,44,44,30,30,43,48,33,51
2024,06037651001,Census Tract 6510.01,Torrance,Los Angeles County,California,Torrance,558,145,0,19,16,20,23,26,48,61,9,15,25,28,62,54,232,121,143,96,0,19
2024,06037651002,Census Tract 6510.02,Torrance,Los Angeles County,California,Torrance,696,191,62,51,66,85,58,53,107,111,133,89,53,49,55,67,55,71,85,58,22,25
2024,06037651101,Census Tract 6511.01,Torrance,Los Angeles County,California,Torrance,800,127,18,21,25,28,63,36,129,79,48,36,89,79,47,48,111,73,205,118,65,54
2024,06037651102,Census Tract 6511.02,Torrance,Los Angeles County,California,Torrance,756,116,16,23,144,83,73,47,62,38,33,24,51,42,48,42,67,46,207,100,55,45
2024,06037651201,Census Tract 6512.01,Torrance,Los Angeles County,California,Torrance,248,203,4,9,23,36,9,15,0,14,0,14,0,14,25,29,0,14,11,16,176,191
2024,06037651221,Census Tract 6512.21,Torrance,Los Angeles County,California,Torrance,932,212,26,31,33,27,100,65,73,55,117,61,113,67,73,56,37,33,274,151,86,57
2024,06037651222,Census Tract 6512.22,Torrance,Los Angeles County,California,Torrance,1722,298,0,19,127,83,110,72,393,174,165,123,62,43,80,85,265,143,465,281,55,62
2024,06037651302,Census Tract 6513.02,Torrance,Los Angeles County,California,Torrance,449,185,0,19,60,77,72,59,52,50,0,19,29,35,0,19,129,173,56,39,51,76
2024,06037651304,Census Tract 6513.04,Torrance,Los Angeles County,California,Torrance,1177,250,62,99,271,169,70,71,126,96,119,104,33,38,119,123,21,34,247,109,109,92
2024,06037651401,Census Tract 6514.01,Torrance,Los Angeles County,California,Torrance,545,229,38,59,37,40,42,47,50,40,53,73,18,27,26,40,29,39,111,88,141,198
2024,06037651402,Census Tract 6514.02,Torrance,Los Angeles County,California,Torrance,821,243,0,19,56,57,99,83,56,57,164,97,52,59,51,61,134,114,209,146,0,19
2024,06037980005,Census Tract 9800.05,Torrance,Los Angeles County,California,Torrance,0,14,0,14,0,14,0,14,0,14,0,14,0,14,0,14,0,14,0,14,0,14
2024,06037990200,Census Tract 9902,Torrance,Los Angeles County,California,Torrance,0,14,0,14,0,14,0,14,0,14,0,14,0,14,0,14,0,14,0,14,0,14
2024,06037406601,Census Tract 4066.01,Valinda,Los Angeles County,California,Valinda,293,147,0,19,0,19,37,43,54,53,18,20,11,13,12,19,23,37,122,114,16,20
2024,06037406602,Census Tract 4066.02,Valinda,Los Angeles County,California,Valinda,358,106,0,14,0,14,69,69,110,83,12,21,15,19,0,14,22,26,90,62,40,54
2024,06037407501,Census Tract 4075.01,Valinda,Los Angeles County,California,Valinda,364,92,0,14,27,33,38,39,60,41,0,14,28,35,40,48,71,66,100,73,0,14
2024,06037407502,Census Tract 4075.02,Valinda,Los Angeles County,California,Valinda,317,91,5,7,33,37,66,52,20,17,60,45,39,37,6,9,28,26,30,34,30,24
2024,06037407801,Census Tract 4078.01,Valinda,Los Angeles County,California,Valinda,97,46,0,14,32,24,14,22,3,8,0,14,0,14,0,14,31,39,5,9,12,19
2024,06037407802,Census Tract 4078.02,Valinda,Los Angeles County,California,Valinda,132,68,35,36,15,21,6,10,7,9,46,56,6,10,2,3,6,10,3,5,6,9
2024,06037407901,Census Tract 4079.01,Valinda,Los Angeles County,California,Valinda,112,74,9,18,0,14,0,14,0,14,18,22,0,14,27,43,23,36,35,41,0,14
2024,06037408003,Census Tract 4080.03,Valinda,Los Angeles County,California,Valinda,239,90,13,21,12,17,6,11,51,45,45,41,8,13,12,18,10,17,28,33,54,53
2024,06037408004,Census Tract 4080.04,Valinda,Los Angeles County,California,Valinda,403,74,5,9,21,23,47,32,12,13,56,33,21,18,38,37,43,41,160,62,0,14
2024,06037920106,Census Tract 9201.06,Val Verde,Los Angeles County,California,ValVerde,135,58,9,12,19,23,0,14,17,17,17,27,0,14,16,27,49,55,8,12,0,14
2024,06037980016,Census Tract 9800.16,Vernon,Los Angeles County,California,Vernon,92,35,0,14,8,7,10,7,22,13,23,25,2,2,2,2,10,8,12,11,3,4
2024,06037703100,Census Tract 7031,View Park-Windsor Hills,Los Angeles County,California,ViewPark-WindsorHills,698,222,38,61,61,96,157,150,109,132,199,159,20,36,0,19,32,52,82,85,0,19
2024,06037703200,Census Tract 7032,View Park-Windsor Hills,Los Angeles County,California,ViewPark-WindsorHills,684,197,17,28,47,55,50,56,0,19,135,68,32,51,71,93,33,39,286,165,13,23
2024,06037404501,Census Tract 4045.01,Vincent,Los Angeles County,California,Vincent,358,88,16,25,21,21,0,14,6,16,40,37,59,67,30,32,59,38,115,54,12,17
2024,06037404503,Census Tract 4045.03,Vincent,Los Angeles County,California,Vincent,172,62,17,19,8,12,42,34,0,14,31,25,13,14,17,22,0,14,44,28,0,14
2024,06037405301,Census Tract 4053.01,Vincent,Los Angeles County,California,Vincent,483,106,12,12,30,34,13,19,38,39,146,93,69,57,31,41,12,16,119,80,13,22
2024,06037405400,Census Tract 4054,Vincent,Los Angeles County,California,Vincent,284,174,0,14,0,14,18,28,36,41,134,157,13,22,0,14,9,17,74,58,0,14
2024,06037405500,Census Tract 4055,Vincent,Los Angeles County,California,Vincent,568,156,0,19,30,27,71,93,60,43,57,49,24,37,18,28,36,43,230,130,42,46
2024,06037405701,Census Tract 4057.01,Vincent,Los Angeles County,California,Vincent,467,141,0,14,9,20,0,14,59,67,89,71,26,29,94,107,75,90,70,59,45,53
2024,06037405702,Census Tract 4057.02,Vincent,Los Angeles County,California,Vincent,450,124,0,19,41,53,104,73,120,88,25,27,36,53,53,51,24,37,36,40,11,18
2024,06037405800,Census Tract 4058,Vincent,Los Angeles County,California,Vincent,483,138,0,19,0,19,16,25,24,26,180,125,29,44,0,19,99,95,97,60,38,47
2024,06037403401,Census Tract 4034.01,Walnut,Los Angeles County,California,Walnut,329,137,0,14,0,14,14,24,40,30,34,37,38,62,0,14,117,102,10,16,76,64
2024,06037403402,Census Tract 4034.02,Walnut,Los Angeles County,California,Walnut,250,85,22,33,0,14,4,14,34,44,26,29,20,30,44,56,0,14,89,56,11,17
2024,06037403403,Census Tract 4034.03,Walnut,Los Angeles County,California,Walnut,164,74,0,19,23,32,8,12,36,43,18,21,17,29,0,19,26,26,28,31,8,13
2024,06037403404,Census Tract 4034.04,Walnut,Los Angeles County,California,Walnut,67,34,0,14,0,14,0,14,6,9,0,14,0,14,0,14,4,6,25,18,32,25
2024,06037403407,Census Tract 4034.07,Walnut,Los Angeles County,California,Walnut,63,35,0,14,11,17,0,14,0,14,0,14,0,14,25,32,4,6,11,16,12,13
2024,06037403408,Census Tract 4034.08,Walnut,Los Angeles County,California,Walnut,245,139,0,19,6,11,7,10,18,23,32,34,32,46,0,19,11,16,33,33,106,132
2024,06037403409,Census Tract 4034.09,Walnut,Los Angeles County,California,Walnut,287,85,11,18,9,14,7,11,23,27,50,48,15,23,5,8,18,22,129,67,20,19
2024,06037403500,Census Tract 4035,Walnut,Los Angeles County,California,Walnut,184,74,0,14,0,14,6,10,5,10,13,16,0,14,6,10,0,14,128,68,26,20
2024,06037534700,Census Tract 5347,Walnut Park,Los Angeles County,California,WalnutPark,295,113,0,14,21,33,48,49,0,14,29,38,7,10,0,14,49,39,120,95,21,24
2024,06037534802,Census Tract 5348.02,Walnut Park,Los Angeles County,California,WalnutPark,274,78,0,14,7,10,22,32,26,31,23,33,33,34,34,46,36,34,65,43,28,24
2024,06037534803,Census Tract 5348.03,Walnut Park,Los Angeles County,California,WalnutPark,675,138,19,22,113,90,49,41,39,44,70,44,18,29,105,82,50,55,212,87,0,14
2024,06037534804,Census Tract 5348.04,Walnut Park,Los Angeles County,California,WalnutPark,588,124,33,44,44,42,55,36,37,38,117,70,31,34,77,56,34,39,160,102,0,14
2024,06037602700,Census Tract 6027,West Athens,Los Angeles County,California,WestAthens,269,110,0,14,32,50,27,32,65,62,0,14,0,14,0,14,52,42,56,33,37,40
2024,06037602801,Census Tract 6028.01,West Athens,Los Angeles County,California,WestAthens,1017,223,14,23,0,14,26,42,58,52,181,175,132,115,73,72,43,53,449,165,41,47
2024,06037602802,Census Tract 6028.02,West Athens,Los Angeles County,California,WestAthens,184,74,0,14,0,14,10,16,69,58,0,14,0,14,11,17,0,14,94,66,0,14
2024,06037543502,Census Tract 5435.02,West Carson,Los Angeles County,California,WestCarson,483,167,0,14,0,14,116,129,11,17,19,27,66,58,13,25,53,44,133,90,72,81
2024,06037543503,Census Tract 5435.03,West Carson,Los Angeles County,California,WestCarson,812,220,55,68,65,44,67,74,116,98,93,67,62,65,132,147,25,30,121,82,76,80
2024,06037543603,Census Tract 5436.03,West Carson,Los Angeles County,California,WestCarson,265,117,0,14,42,65,0,14,0,14,10,16,14,19,0,14,0,14,144,90,55,43
2024,06037543605,Census Tract 5436.05,West Carson,Los Angeles County,California,WestCarson,362,124,0,14,6,11,37,31,25,41,27,44,7,12,67,84,8,12,131,94,54,61
2024,06037543606,Census Tract 5436.06,West Carson,Los Angeles County,California,WestCarson,491,157,0,14,31,35,0,14,94,91,65,62,6,9,36,37,25,43,208,98,26,25
2024,06037403500,Census Tract 4035,West Covina,Los Angeles County,California,WestCovina,184,74,0,14,0,14,6,10,5,10,13,16,0,14,6,10,0,14,128,68,26,20
2024,06037403601,Census Tract 4036.01,West Covina,Los Angeles County,California,WestCovina,577,297,0,19,21,38,23,39,33,51,245,257,0,19,11,19,8,14,188,137,48,46
2024,06037405301,Census Tract 4053.01,West Covina,Los Angeles County,California,WestCovina,483,106,12,12,30,34,13,19,38,39,146,93,69,57,31,41,12,16,119,80,13,22
2024,06037405302,Census Tract 4053.02,West Covina,Los Angeles County,California,WestCovina,634,140,43,46,35,38,49,50,145,103,49,54,18,18,61,61,138,88,87,50,9,14
2024,06037405400,Census Tract 4054,West Covina,Los Angeles County,California,WestCovina,284,174,0,14,0,14,18,28,36,41,134,157,13,22,0,14,9,17,74,58,0,14
2024,06037405500,Census Tract 4055,West Covina,Los Angeles County,California,WestCovina,568,156,0,19,30,27,71,93,60,43,57,49,24,37,18,28,36,43,230,130,42,46
2024,06037405600,Census Tract 4056,West Covina,Los Angeles County,California,WestCovina,517,224,55,51,0,19,61,64,64,73,19,24,68,52,0,19,130,174,120,93,0,19
2024,06037406201,Census Tract 4062.01,West Covina,Los Angeles County,California,WestCovina,965,129,10,17,43,39,0,14,54,45,188,82,139,94,14,22,155,94,308,129,54,59
2024,06037406300,Census Tract 4063,West Covina,Los Angeles County,California,WestCovina,674,145,20,34,66,78,91,84,64,88,49,41,29,46,90,78,84,60,131,84,50,49
2024,06037406413,Census Tract 4064.13,West Covina,Los Angeles County,California,WestCovina,532,164,13,24,78,85,46,48,12,16,17,21,215,147,0,19,45,51,84,71,22,16
2024,06037406500,Census Tract 4065,West Covina,Los Angeles County,California,WestCovina,836,185,0,19,25,45,140,133,47,65,135,94,16,27,100,90,37,46,323,164,13,24
2024,06037406601,Census Tract 4066.01,West Covina,Los Angeles County,California,WestCovina,293,147,0,19,0,19,37,43,54,53,18,20,11,13,12,19,23,37,122,114,16,20
2024,06037406602,Census Tract 4066.02,West Covina,Los Angeles County,California,WestCovina,358,106,0,14,0,14,69,69,110,83,12,21,15,19,0,14,22,26,90,62,40,54
2024,06037406701,Census Tract 4067.01,West Covina,Los Angeles County,California,WestCovina,307,83,0,14,44,34,10,11,30,33,12,19,30,32,0,14,68,43,110,56,3,5
2024,06037406702,Census Tract 4067.02,West Covina,Los Angeles County,California,WestCovina,1479,203,60,66,139,88,83,58,43,48,145,111,261,164,153,102,181,106,347,154,67,60
2024,06037406801,Census Tract 4068.01,West Covina,Los Angeles County,California,WestCovina,405,117,0,14,0,14,48,68,92,60,72,79,70,66,0,14,20,32,88,64,15,22
2024,06037406903,Census Tract 4069.03,West Covina,Los Angeles County,California,WestCovina,848,216,0,19,17,30,49,57,74,87,42,31,174,175,61,60,26,24,405,213,0,19
2024,06037407400,Census Tract 4074,West Covina,Los Angeles County,California,WestCovina,45,49,0,14,0,14,0,14,0,14,0,14,4,8,2,5,0,14,39,48,0,14
2024,06037407801,Census Tract 4078.01,West Covina,Los Angeles County,California,WestCovina,97,46,0,14,32,24,14,22,3,8,0,14,0,14,0,14,31,39,5,9,12,19
2024,06037407902,Census Tract 4079.02,West Covina,Los Angeles County,California,WestCovina,152,70,8,16,22,28,12,16,0,14,0,14,3,7,57,44,18,20,29,37,3,7
2024,06037408003,Census Tract 4080.03,West Covina,Los Angeles County,California,WestCovina,239,90,13,21,12,17,6,11,51,45,45,41,8,13,12,18,10,17,28,33,54,53
2024,06037408004,Census Tract 4080.04,West Covina,Los Angeles County,California,WestCovina,403,74,5,9,21,23,47,32,12,13,56,33,21,18,38,37,43,41,160,62,0,14
2024,06037408005,Census Tract 4080.05,West Covina,Los Angeles County,California,WestCovina,413,162,0,19,0,19,111,119,0,19,133,99,13,21,8,13,0,19,114,73,34,35
2024,06037408006,Census Tract 4080.06,West Covina,Los Angeles County,California,WestCovina,708,100,22,23,35,31,57,45,73,56,26,23,58,47,96,71,58,52,271,85,12,15
2024,06037408133,Census Tract 4081.33,West Covina,Los Angeles County,California,WestCovina,977,139,49,67,0,19,127,89,123,83,212,109,57,51,82,73,37,45,269,116,21,33
2024,06037408134,Census Tract 4081.34,West Covina,Los Angeles County,California,WestCovina,121,48,0,14,0,14,30,26,0,14,31,32,5,10,24,39,0,14,15,14,16,17
2024,06037408135,Census Tract 4081.35,West Covina,Los Angeles County,California,WestCovina,709,216,32,41,25,18,34,34,20,24,231,207,25,25,0,14,50,50,231,136,61,72
2024,06037408136,Census Tract 4081.36,West Covina,Los Angeles County,California,WestCovina,217,97,0,14,0,14,0,14,43,54,30,36,67,51,0,14,9,17,22,29,46,54
2024,06037408137,Census Tract 4081.37,West Covina,Los Angeles County,California,WestCovina,824,133,7,13,39,41,38,35,220,126,62,48,111,90,18,21,19,24,302,115,8,16
2024,06037408141,Census Tract 4081.41,West Covina,Los Angeles County,California,WestCovina,246,104,0,14,15,24,64,54,33,40,0,14,9,16,22,36,0,14,78,75,25,38
2024,06037700101,Census Tract 7001.01,West Hollywood,Los Angeles County,California,WestHollywood,3321,359,120,119,410,270,560,264,393,197,429,190,235,146,129,108,168,126,779,236,98,107
2024,06037700102,Census Tract 7001.02,West Hollywood,Los Angeles County,California,WestHollywood,2371,396,71,60,125,79,236,163,270,225,501,314,185,105,161,130,298,203,397,158,127,137
2024,06037700200,Census Tract 7002,West Hollywood,Los Angeles County,California,WestHollywood,3786,619,217,172,440,351,824,348,221,194,352,203,338,180,101,87,301,312,884,304,108,91
2024,06037700300,Census Tract 7003,West Hollywood,Los Angeles County,California,WestHollywood,2755,348,148,89,220,135,532,202,329,173,279,177,166,145,36,45,246,132,752,294,47,45
2024,06037700400,Census Tract 7004,West Hollywood,Los Angeles County,California,WestHollywood,2428,333,43,42,231,165,358,172,456,284,209,107,186,140,30,37,278,150,579,229,58,47
2024,06037700501,Census Tract 7005.01,West Hollywood,Los Angeles County,California,WestHollywood,1651,264,100,87,103,85,273,183,90,55,253,145,103,85,84,65,124,111,322,203,199,162
2024,06037700502,Census Tract 7005.02,West Hollywood,Los Angeles County,California,WestHollywood,2062,323,70,69,200,121,284,148,225,132,235,146,161,140,92,82,229,183,532,208,34,39
2024,06037800324,Census Tract 8003.24,Westlake Village,Los Angeles County,California,WestlakeVillage,234,118,14,23,0,19,42,52,14,23,0,19,0,19,24,37,24,36,95,80,21,35
2024,06037800325,Census Tract 8003.25,Westlake Village,Los Angeles County,California,WestlakeVillage,288,100,7,11,9,14,28,21,16,19,53,41,43,45,8,13,19,21,97,86,8,13
2024,06037800335,Census Tract 8003.35,Westlake Village,Los Angeles County,California,WestlakeVillage,344,146,40,61,22,27,15,24,0,14,76,95,0,14,0,14,31,36,55,49,105,84
2024,06037800338,Census Tract 8003.38,Westlake Village,Los Angeles County,California,WestlakeVillage,277,166,0,19,56,81,17,23,15,23,91,119,0,19,17,28,51,53,30,39,0,19
2024,06037600100,Census Tract 6001,Westmont,Los Angeles County,California,Westmont,1649,239,169,120,55,50,67,54,76,83,141,107,191,133,221,129,123,95,571,198,35,56
2024,06037600201,Census Tract 6002.01,Westmont,Los Angeles County,California,Westmont,878,151,27,42,110,83,34,31,183,107,70,64,0,14,0,14,100,69,344,116,10,17
2024,06037600202,Census Tract 6002.02,Westmont,Los Angeles County,California,Westmont,1717,335,0,19,39,61,102,101,110,104,57,77,114,93,56,73,93,81,994,313,152,139
2024,06037600302,Census Tract 6003.02,Westmont,Los Angeles County,California,Westmont,404,146,0,14,24,37,33,40,27,27,69,58,14,22,23,40,24,40,171,111,19,26
2024,06037600303,Census Tract 6003.03,Westmont,Los Angeles County,California,Westmont,1119,168,96,92,58,63,39,49,196,123,18,23,31,35,11,24,91,67,556,178,23,32
2024,06037600304,Census Tract 6003.04,Westmont,Los Angeles County,California,Westmont,835,135,10,17,23,36,106,64,88,70,53,39,128,101,94,79,42,38,260,113,31,34
2024,06037600400,Census Tract 6004,Westmont,Los Angeles County,California,Westmont,803,240,0,14,0,14,24,36,53,49,70,78,162,116,16,25,93,76,350,208,35,33
2024,06037404703,Census Tract 4047.03,West Puente Valley,Los Angeles County,California,WestPuenteValley,400,69,0,14,72,48,58,33,34,28,49,38,17,21,37,34,39,31,84,45,10,11
2024,06037406903,Census Tract 4069.03,West Puente Valley,Los Angeles County,California,WestPuenteValley,848,216,0,19,17,30,49,57,74,87,42,31,174,175,61,60,26,24,405,213,0,19
2024,06037407001,Census Tract 4070.01,West Puente Valley,Los Angeles County,California,WestPuenteValley,319,100,0,19,32,47,9,16,40,50,72,81,48,49,41,52,28,45,20,19,29,47
2024,06037407002,Census Tract 4070.02,West Puente Valley,Los Angeles County,California,WestPuenteValley,69,49,10,19,0,14,16,26,17,24,0,14,0,14,21,22,0,14,0,14,5,7
2024,06037407301,Census Tract 4073.01,West Puente Valley,Los Angeles County,California,WestPuenteValley,221,85,0,14,0,14,0,14,13,19,9,14,24,34,59,59,23,36,63,53,30,31
2024,06037407302,Census Tract 4073.02,West Puente Valley,Los Angeles County,California,WestPuenteValley,212,103,6,10,0,14,37,39,0,14,3,7,84,97,0,14,0,14,44,46,38,37
2024,06037407501,Census Tract 4075.01,West Puente Valley,Los Angeles County,California,WestPuenteValley,364,92,0,14,27,33,38,39,60,41,0,14,28,35,40,48,71,66,100,73,0,14
2024,06037540800,Census Tract 5408,West Rancho Dominguez,Los Angeles County,California,WestRanchoDominguez,423,162,56,69,30,50,20,33,102,99,2,3,0,19,0,19,69,65,110,95,34,54
2024,06037540901,Census Tract 5409.01,West Rancho Dominguez,Los Angeles County,California,WestRanchoDominguez,598,172,0,19,39,63,56,44,23,38,18,21,103,82,117,120,43,46,199,109,0,19
2024,06037540902,Census Tract 5409.02,West Rancho Dominguez,Los Angeles County,California,WestRanchoDominguez,521,159,45,69,32,52,27,27,37,53,41,40,0,14,0,14,26,28,231,109,82,72
2024,06037541003,Census Tract 5410.03,West Rancho Dominguez,Los Angeles County,California,WestRanchoDominguez,337,124,0,14,63,71,41,45,0,14,31,49,26,25,0,14,0,14,164,114,12,19
2024,06037541100,Census Tract 5411,West Rancho Dominguez,Los Angeles County,California,WestRanchoDominguez,337,102,0,14,15,19,0,14,52,54,72,76,8,12,48,53,34,48,99,64,9,15
2024,06037541200,Census Tract 5412,West Rancho Dominguez,Los Angeles County,California,WestRanchoDominguez,558,185,0,19,0,19,31,34,129,103,79,70,17,20,53,78,25,39,129,79,95,98
2024,06037543000,Census Tract 5430,West Rancho Dominguez,Los Angeles County,California,WestRanchoDominguez,382,126,0,14,17,27,33,56,0,14,3,4,49,59,0,14,36,60,230,122,14,22
2024,06037501001,Census Tract 5010.01,West Whittier-Los Nietos,Los Angeles County,California,WestWhittier-LosNietos,174,77,0,14,26,33,0,14,21,34,17,27,82,60,0,14,7,10,21,24,0,14
2024,06037501002,Census Tract 5010.02,West Whittier-Los Nietos,Los Angeles County,California,WestWhittier-LosNietos,158,71,4,8,0,14,13,21,11,16,0,14,27,36,0,14,13,20,71,60,19,21
2024,06037501200,Census Tract 5012,West Whittier-Los Nietos,Los Angeles County,California,WestWhittier-LosNietos,418,112,0,19,90,75,11,18,38,39,33,30,78,61,0,19,79,56,81,59,8,13
2024,06037502100,Census Tract 5021,West Whittier-Los Nietos,Los Angeles County,California,WestWhittier-LosNietos,485,180,44,63,12,19,11,16,95,84,12,19,64,64,30,49,20,22,113,78,84,118
2024,06037502200,Census Tract 5022,West Whittier-Los Nietos,Los Angeles County,California,WestWhittier-LosNietos,626,192,0,19,24,37,65,56,178,143,144,91,62,64,26,26,12,18,76,66,39,58
2024,06037502303,Census Tract 5023.03,West Whittier-Los Nietos,Los Angeles County,California,WestWhittier-LosNietos,760,191,0,19,20,32,100,91,61,76,0,19,103,80,156,107,87,91,211,137,22,26
2024,06037500202,Census Tract 5002.02,Whittier,Los Angeles County,California,Whittier,207,151,0,14,0,14,0,14,0,14,44,68,32,45,0,14,0,14,55,58,76,95
2024,06037500203,Census Tract 5002.03,Whittier,Los Angeles County,California,Whittier,128,78,0,14,0,14,0,14,0,14,39,62,63,61,8,15,14,22,4,15,0,14
2024,06037501001,Census Tract 5010.01,Whittier,Los Angeles County,California,Whittier,174,77,0,14,26,33,0,14,21,34,17,27,82,60,0,14,7,10,21,24,0,14
2024,06037501002,Census Tract 5010.02,Whittier,Los Angeles County,California,Whittier,158,71,4,8,0,14,13,21,11,16,0,14,27,36,0,14,13,20,71,60,19,21
2024,06037501200,Census Tract 5012,Whittier,Los Angeles County,California,Whittier,418,112,0,19,90,75,11,18,38,39,33,30,78,61,0,19,79,56,81,59,8,13
2024,06037501301,Census Tract 5013.01,Whittier,Los Angeles County,California,Whittier,218,103,0,14,0,14,55,72,10,19,48,50,0,14,26,40,10,17,69,59,0,14
2024,06037501302,Census Tract 5013.02,Whittier,Los Angeles County,California,Whittier,855,248,0,14,40,53,38,33,239,183,67,62,148,110,110,107,73,77,129,150,11,17
2024,06037501400,Census Tract 5014,Whittier,Los Angeles County,California,Whittier,584,167,0,14,9,14,111,73,11,18,100,69,69,63,65,49,38,47,181,117,0,14
2024,06037501501,Census Tract 5015.01,Whittier,Los Angeles County,California,Whittier,152,77,0,14,31,27,5,8,12,16,33,44,18,20,0,14,27,42,26,30,0,14
2024,06037501503,Census Tract 5015.03,Whittier,Los Angeles County,California,Whittier,1488,196,23,26,53,50,338,186,238,123,184,122,107,80,104,102,100,77,323,138,18,31
2024,06037501504,Census Tract 5015.04,Whittier,Los Angeles County,California,Whittier,1313,168,9,13,65,62,188,98,62,45,149,100,121,114,114,84,224,102,381,124,0,14
2024,06037501600,Census Tract 5016,Whittier,Los Angeles County,California,Whittier,978,256,24,48,77,68,51,53,59,57,141,134,15,25,132,123,288,190,152,142,39,61
2024,06037501700,Census Tract 5017,Whittier,Los Angeles County,California,Whittier,581,156,13,18,36,53,94,77,40,45,38,45,52,65,28,43,120,114,71,53,89,86
2024,06037501802,Census Tract 5018.02,Whittier,Los Angeles County,California,Whittier,614,94,0,14,40,45,73,67,52,43,90,60,72,56,30,31,55,48,202,100,0,14
2024,06037501803,Census Tract 5018.03,Whittier,Los Angeles County,California,Whittier,1135,165,26,35,0,14,19,25,68,63,189,88,166,92,181,99,123,71,285,113,78,73
2024,06037501804,Census Tract 5018.04,Whittier,Los Angeles County,California,Whittier,599,104,10,11,5,8,42,28,59,36,35,31,96,65,71,63,117,54,130,48,34,31
2024,06037501900,Census Tract 5019,Whittier,Los Angeles County,California,Whittier,250,120,0,14,56,75,21,35,47,67,26,41,25,42,10,16,37,39,28,28,0,14
2024,06037502003,Census Tract 5020.03,Whittier,Los Angeles County,California,Whittier,272,75,0,14,35,29,3,5,0,14,8,14,4,6,26,23,26,31,165,67,5,8
2024,06037502004,Census Tract 5020.04,Whittier,Los Angeles County,California,Whittier,388,139,6,11,26,29,60,48,31,38,26,29,46,36,27,27,28,23,138,93,0,14
2024,06037502005,Census Tract 5020.05,Whittier,Los Angeles County,California,Whittier,393,132,0,14,11,17,0,14,62,51,62,60,70,76,71,86,52,35,34,33,31,27
2024,06037502100,Census Tract 5021,Whittier,Los Angeles County,California,Whittier,485,180,44,63,12,19,11,16,95,84,12,19,64,64,30,49,20,22,113,78,84,118
2024,06037503301,Census Tract 5033.01,Whittier,Los Angeles County,California,Whittier,124,77,0,14,31,44,0,14,0,14,20,27,49,51,5,12,19,26,0,14,0,14
2024,06037503401,Census Tract 5034.01,Whittier,Los Angeles County,California,Whittier,716,208,0,19,22,36,172,151,43,54,95,116,91,72,132,130,22,36,129,94,10,18
2024,06037503402,Census Tract 5034.02,Whittier,Los Angeles County,California,Whittier,362,117,0,14,42,59,51,64,34,47,49,52,23,27,81,82,0,14,82,56,0,14
2024,06037503501,Census Tract 5035.01,Whittier,Los Angeles County,California,Whittier,842,199,0,19,40,39,103,86,80,80,186,123,172,105,19,20,34,42,196,136,12,19
2024,06037503502,Census Tract 5035.02,Whittier,Los Angeles County,California,Whittier,276,84,17,28,35,40,0,14,50,58,0,14,27,27,46,57,13,20,75,46,13,21
2024,06037504200,Census Tract 5042,Whittier,Los Angeles County,California,Whittier,1664,193,3,6,117,99,74,62,171,127,137,67,276,131,35,38,187,91,575,200,89,71
2024,06037980036,Census Tract 9800.36,Whittier,Los Angeles County,California,Whittier,23,21,0,14,0,14,5,7,0,14,0,14,0,14,0,14,0,14,6,8,12,17
2024,06037540400,Census Tract 5404,Willowbrook,Los Angeles County,California,Willowbrook,216,103,9,14,0,14,30,27,19,32,41,39,42,42,0,14,0,14,75,83,0,14
2024,06037540600,Census Tract 5406,Willowbrook,Los Angeles County,California,Willowbrook,739,200,0,14,24,38,23,36,59,50,67,77,115,147,79,78,29,36,248,128,95,92
2024,06037540700,Census Tract 5407,Willowbrook,Los Angeles County,California,Willowbrook,583,117,0,14,125,118,89,70,34,33,71,58,17,23,73,61,48,35,106,64,20,22
2024,06037540800,Census Tract 5408,Willowbrook,Los Angeles County,California,Willowbrook,423,162,56,69,30,50,20,33,102,99,2,3,0,19,0,19,69,65,110,95,34,54
2024,06037541300,Census Tract 5413,Willowbrook,Los Angeles County,California,Willowbrook,298,123,0,19,10,14,0,19,0,19,58,65,39,52,8,14,9,14,153,90,21,23
2024,06037541401,Census Tract 5414.01,Willowbrook,Los Angeles County,California,Willowbrook,699,161,20,24,44,49,28,36,34,32,66,52,109,87,109,93,87,50,195,119,7,11
2024,06037541402,Census Tract 5414.02,Willowbrook,Los Angeles County,California,Willowbrook,306,123,9,13,0,14,29,44,55,67,0,14,82,97,21,34,10,15,74,48,26,29
2024,06037541500,Census Tract 5415,Willowbrook,Los Angeles County,California,Willowbrook,784,199,7,15,134,77,37,41,108,112,74,59,29,34,82,83,127,88,139,79,47,54
